date,campaign,adset,objective,spend_inr,impressions,clicks,purchases,revenue_inr
2026-03-30,VitC_Serum_Conversions,Broad_25-44,Conversions,14703,74309,776,22,17024
2026-03-30,VitC_Serum_Conversions,Interest_Skincare,Conversions,14891,69662,899,24,16793
2026-03-30,VitC_Serum_Conversions,LAL_Purchasers_2pct,Conversions,12582,64224,758,20,15294
2026-03-30,Tinted_SPF_Launch_Conversions,Broad_18-34,Conversions,18630,76116,1171,43,27020
2026-03-30,Tinted_SPF_Launch_Conversions,Interest_Beauty,Conversions,20352,105757,1827,62,44529
2026-03-30,Tinted_SPF_Launch_Conversions,LAL_ATC_1pct,Conversions,17255,69632,1036,32,21914
2026-03-30,Barrier_Repair_Conversions,Broad_25-54,Conversions,16658,64605,695,19,15315
2026-03-30,Barrier_Repair_Conversions,Interest_SensitiveSkin,Conversions,15281,61385,675,19,15749
2026-03-30,Retargeting_AllProducts,ATC_7d,Conversions,9500,46763,874,49,32743
2026-03-30,Retargeting_AllProducts,ViewContent_14d,Conversions,8134,35235,669,38,26469
2026-03-30,Watermelon_Range_Awareness,Broad_18-34,Awareness,11916,46741,326,1,674
2026-03-30,Watermelon_Range_Awareness,Video_Viewers_LAL,Awareness,12991,67286,464,2,1298
2026-03-30,Lip_Balm_Bundle_Conversions,Broad_18-44,Conversions,8822,37576,504,16,9055
2026-03-30,Lip_Balm_Bundle_Conversions,Interest_LipCare,Conversions,8245,40174,488,13,6792
2026-03-31,VitC_Serum_Conversions,Broad_25-44,Conversions,12543,61135,798,27,20663
2026-03-31,VitC_Serum_Conversions,Interest_Skincare,Conversions,13474,66971,868,26,18783
2026-03-31,VitC_Serum_Conversions,LAL_Purchasers_2pct,Conversions,14309,56822,632,20,14769
2026-03-31,Tinted_SPF_Launch_Conversions,Broad_18-34,Conversions,16481,87809,1615,58,36668
2026-03-31,Tinted_SPF_Launch_Conversions,Interest_Beauty,Conversions,15757,73545,1245,48,30420
2026-03-31,Tinted_SPF_Launch_Conversions,LAL_ATC_1pct,Conversions,17552,67962,1250,45,31909
2026-03-31,Barrier_Repair_Conversions,Broad_25-54,Conversions,12362,55445,595,17,13485
2026-03-31,Barrier_Repair_Conversions,Interest_SensitiveSkin,Conversions,15761,72867,673,18,15698
2026-03-31,Retargeting_AllProducts,ATC_7d,Conversions,9500,48895,968,60,45061
2026-03-31,Retargeting_AllProducts,ViewContent_14d,Conversions,9500,41535,830,53,35801
2026-03-31,Watermelon_Range_Awareness,Broad_18-34,Awareness,13681,61508,465,3,1842
2026-03-31,Watermelon_Range_Awareness,Video_Viewers_LAL,Awareness,11709,46779,310,2,1381
2026-03-31,Lip_Balm_Bundle_Conversions,Broad_18-44,Conversions,6980,27292,317,11,5595
2026-03-31,Lip_Balm_Bundle_Conversions,Interest_LipCare,Conversions,7462,30929,361,12,6143
2026-04-01,VitC_Serum_Conversions,Broad_25-44,Conversions,13875,55547,663,19,14078
2026-04-01,VitC_Serum_Conversions,Interest_Skincare,Conversions,12547,63987,762,25,18231
2026-04-01,VitC_Serum_Conversions,LAL_Purchasers_2pct,Conversions,16496,74503,910,27,19150
2026-04-01,Tinted_SPF_Launch_Conversions,Broad_18-34,Conversions,16516,82875,1304,48,31131
2026-04-01,Tinted_SPF_Launch_Conversions,Interest_Beauty,Conversions,15502,61138,1032,34,24106
2026-04-01,Tinted_SPF_Launch_Conversions,LAL_ATC_1pct,Conversions,15501,78281,1201,45,28811
2026-04-01,Barrier_Repair_Conversions,Broad_25-54,Conversions,17352,71474,741,20,17106
2026-04-01,Barrier_Repair_Conversions,Interest_SensitiveSkin,Conversions,13328,62314,574,15,12243
2026-04-01,Retargeting_AllProducts,ATC_7d,Conversions,9500,50565,1106,78,54625
2026-04-01,Retargeting_AllProducts,ViewContent_14d,Conversions,8479,43435,991,56,39474
2026-04-01,Watermelon_Range_Awareness,Broad_18-34,Awareness,12148,47854,339,1,655
2026-04-01,Watermelon_Range_Awareness,Video_Viewers_LAL,Awareness,14126,54343,412,2,1382
2026-04-01,Lip_Balm_Bundle_Conversions,Broad_18-44,Conversions,8766,45349,652,23,12395
2026-04-01,Lip_Balm_Bundle_Conversions,Interest_LipCare,Conversions,6727,31985,407,11,6344
2026-04-02,VitC_Serum_Conversions,Broad_25-44,Conversions,12817,59935,755,23,18330
2026-04-02,VitC_Serum_Conversions,Interest_Skincare,Conversions,16497,85750,1025,33,24014
2026-04-02,VitC_Serum_Conversions,LAL_Purchasers_2pct,Conversions,16362,68222,820,25,17564
2026-04-02,Tinted_SPF_Launch_Conversions,Broad_18-34,Conversions,18889,97426,1589,63,45268
2026-04-02,Tinted_SPF_Launch_Conversions,Interest_Beauty,Conversions,15562,66059,996,36,23399
2026-04-02,Tinted_SPF_Launch_Conversions,LAL_ATC_1pct,Conversions,15825,69079,1232,40,27451
2026-04-02,Barrier_Repair_Conversions,Broad_25-54,Conversions,14564,57163,594,16,12577
2026-04-02,Barrier_Repair_Conversions,Interest_SensitiveSkin,Conversions,16167,69169,661,17,13550
2026-04-02,Retargeting_AllProducts,ATC_7d,Conversions,8404,38790,863,46,34939
2026-04-02,Retargeting_AllProducts,ViewContent_14d,Conversions,9500,47212,889,50,37653
2026-04-02,Watermelon_Range_Awareness,Broad_18-34,Awareness,14214,73792,603,3,2073
2026-04-02,Watermelon_Range_Awareness,Video_Viewers_LAL,Awareness,13416,57748,444,3,1844
2026-04-02,Lip_Balm_Bundle_Conversions,Broad_18-44,Conversions,8356,32754,407,14,7173
2026-04-02,Lip_Balm_Bundle_Conversions,Interest_LipCare,Conversions,6462,32022,379,12,6575
2026-04-03,VitC_Serum_Conversions,Broad_25-44,Conversions,15097,75063,822,26,19443
2026-04-03,VitC_Serum_Conversions,Interest_Skincare,Conversions,16043,75006,958,26,18865
2026-04-03,VitC_Serum_Conversions,LAL_Purchasers_2pct,Conversions,11498,57215,719,23,17809
2026-04-03,Tinted_SPF_Launch_Conversions,Broad_18-34,Conversions,18674,99505,1588,48,34138
2026-04-03,Tinted_SPF_Launch_Conversions,Interest_Beauty,Conversions,20999,91854,1508,59,37863
2026-04-03,Tinted_SPF_Launch_Conversions,LAL_ATC_1pct,Conversions,15874,64568,1000,40,28363
2026-04-03,Barrier_Repair_Conversions,Broad_25-54,Conversions,17154,91137,864,22,18747
2026-04-03,Barrier_Repair_Conversions,Interest_SensitiveSkin,Conversions,17074,88760,885,25,21734
2026-04-03,Retargeting_AllProducts,ATC_7d,Conversions,9500,37922,887,60,39766
2026-04-03,Retargeting_AllProducts,ViewContent_14d,Conversions,9500,38905,784,54,40294
2026-04-03,Watermelon_Range_Awareness,Broad_18-34,Awareness,13898,73673,521,3,2083
2026-04-03,Watermelon_Range_Awareness,Video_Viewers_LAL,Awareness,14114,65092,455,2,1284
2026-04-03,Lip_Balm_Bundle_Conversions,Broad_18-44,Conversions,8297,42452,519,14,7378
2026-04-03,Lip_Balm_Bundle_Conversions,Interest_LipCare,Conversions,8484,36675,534,16,8519
2026-04-04,VitC_Serum_Conversions,Broad_25-44,Conversions,18396,97216,1157,40,31933
2026-04-04,VitC_Serum_Conversions,Interest_Skincare,Conversions,13866,73490,963,27,20038
2026-04-04,VitC_Serum_Conversions,LAL_Purchasers_2pct,Conversions,16970,76817,865,27,19898
2026-04-04,Tinted_SPF_Launch_Conversions,Broad_18-34,Conversions,21099,115844,1763,67,47920
2026-04-04,Tinted_SPF_Launch_Conversions,Interest_Beauty,Conversions,20818,88118,1500,57,37744
2026-04-04,Tinted_SPF_Launch_Conversions,LAL_ATC_1pct,Conversions,17355,83679,1407,48,33979
2026-04-04,Barrier_Repair_Conversions,Broad_25-54,Conversions,18129,85244,827,21,16985
2026-04-04,Barrier_Repair_Conversions,Interest_SensitiveSkin,Conversions,15564,60980,566,15,12605
2026-04-04,Retargeting_AllProducts,ATC_7d,Conversions,9500,42441,915,53,34998
2026-04-04,Retargeting_AllProducts,ViewContent_14d,Conversions,9307,40050,826,52,36739
2026-04-04,Watermelon_Range_Awareness,Broad_18-34,Awareness,13708,54378,379,2,1375
2026-04-04,Watermelon_Range_Awareness,Video_Viewers_LAL,Awareness,12335,53483,361,2,1290
2026-04-04,Lip_Balm_Bundle_Conversions,Broad_18-44,Conversions,9363,47294,658,22,11380
2026-04-04,Lip_Balm_Bundle_Conversions,Interest_LipCare,Conversions,6962,28074,346,11,5585
2026-04-05,VitC_Serum_Conversions,Broad_25-44,Conversions,15197,64473,784,22,16465
2026-04-05,VitC_Serum_Conversions,Interest_Skincare,Conversions,14235,59292,725,19,14769
2026-04-05,VitC_Serum_Conversions,LAL_Purchasers_2pct,Conversions,13459,52444,607,16,12014
2026-04-05,Tinted_SPF_Launch_Conversions,Broad_18-34,Conversions,17209,78433,1187,47,33064
2026-04-05,Tinted_SPF_Launch_Conversions,Interest_Beauty,Conversions,21772,83927,1510,55,39159
2026-04-05,Tinted_SPF_Launch_Conversions,LAL_ATC_1pct,Conversions,21366,85556,1451,52,35335
2026-04-05,Barrier_Repair_Conversions,Broad_25-54,Conversions,19202,95659,1032,28,22148
2026-04-05,Barrier_Repair_Conversions,Interest_SensitiveSkin,Conversions,17633,76616,831,23,18265
2026-04-05,Retargeting_AllProducts,ATC_7d,Conversions,8547,41574,828,47,33558
2026-04-05,Retargeting_AllProducts,ViewContent_14d,Conversions,8768,37070,728,47,31334
2026-04-05,Watermelon_Range_Awareness,Broad_18-34,Awareness,13534,68860,521,3,1958
2026-04-05,Watermelon_Range_Awareness,Video_Viewers_LAL,Awareness,16040,64538,493,3,2054
2026-04-05,Lip_Balm_Bundle_Conversions,Broad_18-44,Conversions,8038,33454,387,12,6801
2026-04-05,Lip_Balm_Bundle_Conversions,Interest_LipCare,Conversions,9771,43681,563,20,10956
2026-04-06,VitC_Serum_Conversions,Broad_25-44,Conversions,12592,69061,760,23,16832
2026-04-06,VitC_Serum_Conversions,Interest_Skincare,Conversions,14903,68553,790,22,15619
2026-04-06,VitC_Serum_Conversions,LAL_Purchasers_2pct,Conversions,14616,64917,679,20,13988
2026-04-06,Tinted_SPF_Launch_Conversions,Broad_18-34,Conversions,19275,103140,1510,53,35169
2026-04-06,Tinted_SPF_Launch_Conversions,Interest_Beauty,Conversions,16430,76920,1183,45,31447
2026-04-06,Tinted_SPF_Launch_Conversions,LAL_ATC_1pct,Conversions,20524,111316,1680,52,35294
2026-04-06,Barrier_Repair_Conversions,Broad_25-54,Conversions,17700,72988,717,20,16748
2026-04-06,Barrier_Repair_Conversions,Interest_SensitiveSkin,Conversions,16373,90143,1018,25,19502
2026-04-06,Retargeting_AllProducts,ATC_7d,Conversions,7789,39450,862,54,39411
2026-04-06,Retargeting_AllProducts,ViewContent_14d,Conversions,9500,39610,765,48,32241
2026-04-06,Watermelon_Range_Awareness,Broad_18-34,Awareness,13937,76553,638,3,1928
2026-04-06,Watermelon_Range_Awareness,Video_Viewers_LAL,Awareness,13298,56062,466,2,1242
2026-04-06,Lip_Balm_Bundle_Conversions,Broad_18-44,Conversions,8015,33146,450,13,7364
2026-04-06,Lip_Balm_Bundle_Conversions,Interest_LipCare,Conversions,7771,32031,383,14,7398
2026-04-07,VitC_Serum_Conversions,Broad_25-44,Conversions,13639,65794,752,23,18070
2026-04-07,VitC_Serum_Conversions,Interest_Skincare,Conversions,15625,67683,723,25,19587
2026-04-07,VitC_Serum_Conversions,LAL_Purchasers_2pct,Conversions,15045,58486,679,22,15948
2026-04-07,Tinted_SPF_Launch_Conversions,Broad_18-34,Conversions,20367,93144,1502,53,36932
2026-04-07,Tinted_SPF_Launch_Conversions,Interest_Beauty,Conversions,16805,88326,1531,60,42664
2026-04-07,Tinted_SPF_Launch_Conversions,LAL_ATC_1pct,Conversions,16643,77749,1232,45,28371
2026-04-07,Barrier_Repair_Conversions,Broad_25-54,Conversions,16895,69291,652,16,12827
2026-04-07,Barrier_Repair_Conversions,Interest_SensitiveSkin,Conversions,17054,94317,1008,26,22657
2026-04-07,Retargeting_AllProducts,ATC_7d,Conversions,7657,31819,703,43,31345
2026-04-07,Retargeting_AllProducts,ViewContent_14d,Conversions,9473,50536,1058,71,48445
2026-04-07,Watermelon_Range_Awareness,Broad_18-34,Awareness,13363,61337,438,2,1326
2026-04-07,Watermelon_Range_Awareness,Video_Viewers_LAL,Awareness,12165,51495,409,2,1278
2026-04-07,Lip_Balm_Bundle_Conversions,Broad_18-44,Conversions,6829,36023,432,13,7055
2026-04-07,Lip_Balm_Bundle_Conversions,Interest_LipCare,Conversions,8208,37524,458,13,7241
2026-04-08,VitC_Serum_Conversions,Broad_25-44,Conversions,16402,87225,1035,29,20791
2026-04-08,VitC_Serum_Conversions,Interest_Skincare,Conversions,12627,56689,617,16,11605
2026-04-08,VitC_Serum_Conversions,LAL_Purchasers_2pct,Conversions,16390,86219,1030,33,25992
2026-04-08,Tinted_SPF_Launch_Conversions,Broad_18-34,Conversions,18273,82347,1428,52,34807
2026-04-08,Tinted_SPF_Launch_Conversions,Interest_Beauty,Conversions,16250,73007,1037,42,29628
2026-04-08,Tinted_SPF_Launch_Conversions,LAL_ATC_1pct,Conversions,17678,94044,1344,50,32092
2026-04-08,Barrier_Repair_Conversions,Broad_25-54,Conversions,15339,80956,786,25,21259
2026-04-08,Barrier_Repair_Conversions,Interest_SensitiveSkin,Conversions,15574,70215,766,19,15472
2026-04-08,Retargeting_AllProducts,ATC_7d,Conversions,8814,43116,983,69,49820
2026-04-08,Retargeting_AllProducts,ViewContent_14d,Conversions,9355,47579,1056,74,50414
2026-04-08,Watermelon_Range_Awareness,Broad_18-34,Awareness,13222,71083,489,2,1228
2026-04-08,Watermelon_Range_Awareness,Video_Viewers_LAL,Awareness,12277,61844,474,2,1358
2026-04-08,Lip_Balm_Bundle_Conversions,Broad_18-44,Conversions,8048,31696,414,14,7865
2026-04-08,Lip_Balm_Bundle_Conversions,Interest_LipCare,Conversions,7838,36622,503,18,9781
2026-04-09,VitC_Serum_Conversions,Broad_25-44,Conversions,14744,79391,1028,34,24275
2026-04-09,VitC_Serum_Conversions,Interest_Skincare,Conversions,13030,64160,802,25,17740
2026-04-09,VitC_Serum_Conversions,LAL_Purchasers_2pct,Conversions,14951,67947,840,29,21702
2026-04-09,Tinted_SPF_Launch_Conversions,Broad_18-34,Conversions,15564,73989,1043,36,23451
2026-04-09,Tinted_SPF_Launch_Conversions,Interest_Beauty,Conversions,15636,67677,1192,47,33727
2026-04-09,Tinted_SPF_Launch_Conversions,LAL_ATC_1pct,Conversions,21631,115492,1907,63,44051
2026-04-09,Barrier_Repair_Conversions,Broad_25-54,Conversions,14841,76294,806,25,20745
2026-04-09,Barrier_Repair_Conversions,Interest_SensitiveSkin,Conversions,15728,75673,770,18,14416
2026-04-09,Retargeting_AllProducts,ATC_7d,Conversions,9500,40340,919,54,37203
2026-04-09,Retargeting_AllProducts,ViewContent_14d,Conversions,9500,43903,991,62,42877
2026-04-09,Watermelon_Range_Awareness,Broad_18-34,Awareness,11705,52922,441,2,1410
2026-04-09,Watermelon_Range_Awareness,Video_Viewers_LAL,Awareness,13209,67738,513,2,1294
2026-04-09,Lip_Balm_Bundle_Conversions,Broad_18-44,Conversions,8192,41737,570,20,10874
2026-04-09,Lip_Balm_Bundle_Conversions,Interest_LipCare,Conversions,8655,45619,595,21,12091
2026-04-10,VitC_Serum_Conversions,Broad_25-44,Conversions,14549,64930,718,19,14335
2026-04-10,VitC_Serum_Conversions,Interest_Skincare,Conversions,11950,55089,726,25,17722
2026-04-10,VitC_Serum_Conversions,LAL_Purchasers_2pct,Conversions,15674,71016,837,27,19582
2026-04-10,Tinted_SPF_Launch_Conversions,Broad_18-34,Conversions,20543,89478,1576,52,34528
2026-04-10,Tinted_SPF_Launch_Conversions,Interest_Beauty,Conversions,21118,82745,1309,52,34000
2026-04-10,Tinted_SPF_Launch_Conversions,LAL_ATC_1pct,Conversions,20247,89585,1386,56,39496
2026-04-10,Barrier_Repair_Conversions,Broad_25-54,Conversions,13827,53200,516,14,11463
2026-04-10,Barrier_Repair_Conversions,Interest_SensitiveSkin,Conversions,13102,58452,601,16,13200
2026-04-10,Retargeting_AllProducts,ATC_7d,Conversions,8855,37554,754,42,30120
2026-04-10,Retargeting_AllProducts,ViewContent_14d,Conversions,8137,33963,760,40,29216
2026-04-10,Watermelon_Range_Awareness,Broad_18-34,Awareness,13901,56587,412,2,1409
2026-04-10,Watermelon_Range_Awareness,Video_Viewers_LAL,Awareness,12479,54921,366,2,1388
2026-04-10,Lip_Balm_Bundle_Conversions,Broad_18-44,Conversions,8510,39298,514,17,9466
2026-04-10,Lip_Balm_Bundle_Conversions,Interest_LipCare,Conversions,7257,33356,459,13,7481
2026-04-11,VitC_Serum_Conversions,Broad_25-44,Conversions,14769,59517,734,23,18077
2026-04-11,VitC_Serum_Conversions,Interest_Skincare,Conversions,17708,74562,854,25,19405
2026-04-11,VitC_Serum_Conversions,LAL_Purchasers_2pct,Conversions,17782,77147,808,21,16656
2026-04-11,Tinted_SPF_Launch_Conversions,Broad_18-34,Conversions,24210,125516,2091,73,50198
2026-04-11,Tinted_SPF_Launch_Conversions,Interest_Beauty,Conversions,23287,89912,1395,53,33501
2026-04-11,Tinted_SPF_Launch_Conversions,LAL_ATC_1pct,Conversions,22722,115485,1726,59,39999
2026-04-11,Barrier_Repair_Conversions,Broad_25-54,Conversions,17199,92308,1007,25,21564
2026-04-11,Barrier_Repair_Conversions,Interest_SensitiveSkin,Conversions,17524,91533,875,27,22020
2026-04-11,Retargeting_AllProducts,ATC_7d,Conversions,9187,37595,743,39,29245
2026-04-11,Retargeting_AllProducts,ViewContent_14d,Conversions,9500,45751,881,53,38091
2026-04-11,Watermelon_Range_Awareness,Broad_18-34,Awareness,14700,59365,437,2,1264
2026-04-11,Watermelon_Range_Awareness,Video_Viewers_LAL,Awareness,13419,59440,444,2,1334
2026-04-11,Lip_Balm_Bundle_Conversions,Broad_18-44,Conversions,9890,42508,538,20,10459
2026-04-11,Lip_Balm_Bundle_Conversions,Interest_LipCare,Conversions,8599,46755,650,23,12605
2026-04-12,VitC_Serum_Conversions,Broad_25-44,Conversions,15662,64210,831,24,18245
2026-04-12,VitC_Serum_Conversions,Interest_Skincare,Conversions,14846,63386,772,24,18532
2026-04-12,VitC_Serum_Conversions,LAL_Purchasers_2pct,Conversions,16579,65716,838,26,19873
2026-04-12,Tinted_SPF_Launch_Conversions,Broad_18-34,Conversions,19121,77891,1202,44,27996
2026-04-12,Tinted_SPF_Launch_Conversions,Interest_Beauty,Conversions,19019,96995,1609,52,35294
2026-04-12,Tinted_SPF_Launch_Conversions,LAL_ATC_1pct,Conversions,24019,94726,1494,60,39122
2026-04-12,Barrier_Repair_Conversions,Broad_25-54,Conversions,18764,78271,794,24,19236
2026-04-12,Barrier_Repair_Conversions,Interest_SensitiveSkin,Conversions,14473,56243,637,15,12920
2026-04-12,Retargeting_AllProducts,ATC_7d,Conversions,9500,38875,910,64,44586
2026-04-12,Retargeting_AllProducts,ViewContent_14d,Conversions,9500,43903,814,51,37086
2026-04-12,Watermelon_Range_Awareness,Broad_18-34,Awareness,14869,58257,445,2,1248
2026-04-12,Watermelon_Range_Awareness,Video_Viewers_LAL,Awareness,12658,56281,373,2,1397
2026-04-12,Lip_Balm_Bundle_Conversions,Broad_18-44,Conversions,7557,29900,357,13,6826
2026-04-12,Lip_Balm_Bundle_Conversions,Interest_LipCare,Conversions,8123,39749,484,18,9710
2026-04-13,VitC_Serum_Conversions,Broad_25-44,Conversions,11970,55341,713,19,14571
2026-04-13,VitC_Serum_Conversions,Interest_Skincare,Conversions,15225,63603,830,25,17819
2026-04-13,VitC_Serum_Conversions,LAL_Purchasers_2pct,Conversions,13571,63818,680,21,16723
2026-04-13,Tinted_SPF_Launch_Conversions,Broad_18-34,Conversions,15249,57760,873,30,21258
2026-04-13,Tinted_SPF_Launch_Conversions,Interest_Beauty,Conversions,15689,58923,960,35,23158
2026-04-13,Tinted_SPF_Launch_Conversions,LAL_ATC_1pct,Conversions,17661,69109,997,31,20792
2026-04-13,Barrier_Repair_Conversions,Broad_25-54,Conversions,15879,87386,921,26,22176
2026-04-13,Barrier_Repair_Conversions,Interest_SensitiveSkin,Conversions,13615,73402,681,19,16158
2026-04-13,Retargeting_AllProducts,ATC_7d,Conversions,8051,39029,763,52,35098
2026-04-13,Retargeting_AllProducts,ViewContent_14d,Conversions,9500,49588,917,62,41740
2026-04-13,Watermelon_Range_Awareness,Broad_18-34,Awareness,11378,62494,432,2,1230
2026-04-13,Watermelon_Range_Awareness,Video_Viewers_LAL,Awareness,13805,71181,500,2,1237
2026-04-13,Lip_Balm_Bundle_Conversions,Broad_18-44,Conversions,8153,37380,502,18,10098
2026-04-13,Lip_Balm_Bundle_Conversions,Interest_LipCare,Conversions,7536,29478,356,11,5560
2026-04-14,VitC_Serum_Conversions,Broad_25-44,Conversions,15427,71211,914,28,22334
2026-04-14,VitC_Serum_Conversions,Interest_Skincare,Conversions,11787,50179,589,17,12716
2026-04-14,VitC_Serum_Conversions,LAL_Purchasers_2pct,Conversions,16065,70255,744,20,14069
2026-04-14,Tinted_SPF_Launch_Conversions,Broad_18-34,Conversions,16848,79144,1268,46,33200
2026-04-14,Tinted_SPF_Launch_Conversions,Interest_Beauty,Conversions,18535,95443,1466,54,37480
2026-04-14,Tinted_SPF_Launch_Conversions,LAL_ATC_1pct,Conversions,20662,84131,1354,52,33700
2026-04-14,Barrier_Repair_Conversions,Broad_25-54,Conversions,14738,68145,649,17,13776
2026-04-14,Barrier_Repair_Conversions,Interest_SensitiveSkin,Conversions,12813,61032,611,17,13262
2026-04-14,Retargeting_AllProducts,ATC_7d,Conversions,9500,50677,953,64,42874
2026-04-14,Retargeting_AllProducts,ViewContent_14d,Conversions,9500,41865,944,59,42251
2026-04-14,Watermelon_Range_Awareness,Broad_18-34,Awareness,11733,50308,343,1,683
2026-04-14,Watermelon_Range_Awareness,Video_Viewers_LAL,Awareness,14156,62080,490,3,1939
2026-04-14,Lip_Balm_Bundle_Conversions,Broad_18-44,Conversions,7710,38953,485,17,8676
2026-04-14,Lip_Balm_Bundle_Conversions,Interest_LipCare,Conversions,8433,37323,483,17,9575
2026-04-15,VitC_Serum_Conversions,Broad_25-44,Conversions,15740,68706,903,30,22919
2026-04-15,VitC_Serum_Conversions,Interest_Skincare,Conversions,11612,57659,750,25,17887
2026-04-15,VitC_Serum_Conversions,LAL_Purchasers_2pct,Conversions,15022,83227,937,27,21270
2026-04-15,Tinted_SPF_Launch_Conversions,Broad_18-34,Conversions,18771,78587,1187,38,23965
2026-04-15,Tinted_SPF_Launch_Conversions,Interest_Beauty,Conversions,19958,92981,1340,47,31148
2026-04-15,Tinted_SPF_Launch_Conversions,LAL_ATC_1pct,Conversions,19796,102336,1688,62,39229
2026-04-15,Barrier_Repair_Conversions,Broad_25-54,Conversions,13150,65173,683,20,16772
2026-04-15,Barrier_Repair_Conversions,Interest_SensitiveSkin,Conversions,14923,62075,624,16,12411
2026-04-15,Retargeting_AllProducts,ATC_7d,Conversions,8773,40071,797,52,37784
2026-04-15,Retargeting_AllProducts,ViewContent_14d,Conversions,7527,41675,853,54,37274
2026-04-15,Watermelon_Range_Awareness,Broad_18-34,Awareness,11201,54305,371,2,1229
2026-04-15,Watermelon_Range_Awareness,Video_Viewers_LAL,Awareness,13612,57604,398,2,1320
2026-04-15,Lip_Balm_Bundle_Conversions,Broad_18-44,Conversions,8400,33743,485,14,7076
2026-04-15,Lip_Balm_Bundle_Conversions,Interest_LipCare,Conversions,6201,27428,405,15,8183
2026-04-16,VitC_Serum_Conversions,Broad_25-44,Conversions,15056,82875,958,26,18996
2026-04-16,VitC_Serum_Conversions,Interest_Skincare,Conversions,15519,61197,742,25,17645
2026-04-16,VitC_Serum_Conversions,LAL_Purchasers_2pct,Conversions,15736,70910,785,24,17714
2026-04-16,Tinted_SPF_Launch_Conversions,Broad_18-34,Conversions,17081,85082,1260,43,29068
2026-04-16,Tinted_SPF_Launch_Conversions,Interest_Beauty,Conversions,15786,73148,1129,45,31342
2026-04-16,Tinted_SPF_Launch_Conversions,LAL_ATC_1pct,Conversions,20438,102727,1702,56,36198
2026-04-16,Barrier_Repair_Conversions,Broad_25-54,Conversions,15553,80098,868,25,21283
2026-04-16,Barrier_Repair_Conversions,Interest_SensitiveSkin,Conversions,14968,69325,750,22,19111
2026-04-16,Retargeting_AllProducts,ATC_7d,Conversions,9209,36963,801,51,36855
2026-04-16,Retargeting_AllProducts,ViewContent_14d,Conversions,7869,38531,725,44,30255
2026-04-16,Watermelon_Range_Awareness,Broad_18-34,Awareness,10503,48589,365,2,1238
2026-04-16,Watermelon_Range_Awareness,Video_Viewers_LAL,Awareness,13993,56325,379,2,1341
2026-04-16,Lip_Balm_Bundle_Conversions,Broad_18-44,Conversions,7519,30898,411,14,7979
2026-04-16,Lip_Balm_Bundle_Conversions,Interest_LipCare,Conversions,7364,35797,516,18,9687
2026-04-17,VitC_Serum_Conversions,Broad_25-44,Conversions,12240,48586,513,14,10256
2026-04-17,VitC_Serum_Conversions,Interest_Skincare,Conversions,15080,75468,891,24,17819
2026-04-17,VitC_Serum_Conversions,LAL_Purchasers_2pct,Conversions,13695,65266,774,21,15251
2026-04-17,Tinted_SPF_Launch_Conversions,Broad_18-34,Conversions,17731,70121,1034,38,26179
2026-04-17,Tinted_SPF_Launch_Conversions,Interest_Beauty,Conversions,15468,73364,1016,38,26453
2026-04-17,Tinted_SPF_Launch_Conversions,LAL_ATC_1pct,Conversions,19367,90104,1517,60,40969
2026-04-17,Barrier_Repair_Conversions,Broad_25-54,Conversions,13064,55383,544,17,13729
2026-04-17,Barrier_Repair_Conversions,Interest_SensitiveSkin,Conversions,15513,73825,832,21,17923
2026-04-17,Retargeting_AllProducts,ATC_7d,Conversions,9500,39732,868,59,42977
2026-04-17,Retargeting_AllProducts,ViewContent_14d,Conversions,9086,43482,945,57,39692
2026-04-17,Watermelon_Range_Awareness,Broad_18-34,Awareness,11061,50530,352,2,1269
2026-04-17,Watermelon_Range_Awareness,Video_Viewers_LAL,Awareness,10869,57786,389,2,1370
2026-04-17,Lip_Balm_Bundle_Conversions,Broad_18-44,Conversions,8405,40614,597,17,9522
2026-04-17,Lip_Balm_Bundle_Conversions,Interest_LipCare,Conversions,6504,26383,344,10,5605
2026-04-18,VitC_Serum_Conversions,Broad_25-44,Conversions,17424,81855,888,27,20722
2026-04-18,VitC_Serum_Conversions,Interest_Skincare,Conversions,14198,59188,689,19,14129
2026-04-18,VitC_Serum_Conversions,LAL_Purchasers_2pct,Conversions,15872,72967,821,27,21172
2026-04-18,Tinted_SPF_Launch_Conversions,Broad_18-34,Conversions,19556,86496,1463,60,39263
2026-04-18,Tinted_SPF_Launch_Conversions,Interest_Beauty,Conversions,19660,76884,1182,48,33767
2026-04-18,Tinted_SPF_Launch_Conversions,LAL_ATC_1pct,Conversions,17860,68566,984,36,24486
2026-04-18,Barrier_Repair_Conversions,Broad_25-54,Conversions,14396,70986,784,24,20405
2026-04-18,Barrier_Repair_Conversions,Interest_SensitiveSkin,Conversions,15426,71748,803,20,17425
2026-04-18,Retargeting_AllProducts,ATC_7d,Conversions,9071,49805,1033,61,40601
2026-04-18,Retargeting_AllProducts,ViewContent_14d,Conversions,9500,45239,889,63,41775
2026-04-18,Watermelon_Range_Awareness,Broad_18-34,Awareness,16171,66463,539,3,1880
2026-04-18,Watermelon_Range_Awareness,Video_Viewers_LAL,Awareness,12926,67638,547,3,2037
2026-04-18,Lip_Balm_Bundle_Conversions,Broad_18-44,Conversions,8245,41125,489,14,7915
2026-04-18,Lip_Balm_Bundle_Conversions,Interest_LipCare,Conversions,8548,45250,643,21,11004
2026-04-19,VitC_Serum_Conversions,Broad_25-44,Conversions,14558,59781,628,18,13401
2026-04-19,VitC_Serum_Conversions,Interest_Skincare,Conversions,13483,74364,962,30,22518
2026-04-19,VitC_Serum_Conversions,LAL_Purchasers_2pct,Conversions,14223,62060,669,20,14436
2026-04-19,Tinted_SPF_Launch_Conversions,Broad_18-34,Conversions,19917,73919,1169,36,22829
2026-04-19,Tinted_SPF_Launch_Conversions,Interest_Beauty,Conversions,20726,88458,1348,55,36556
2026-04-19,Tinted_SPF_Launch_Conversions,LAL_ATC_1pct,Conversions,20313,97099,1525,62,39016
2026-04-19,Barrier_Repair_Conversions,Broad_25-54,Conversions,18545,80539,790,23,19577
2026-04-19,Barrier_Repair_Conversions,Interest_SensitiveSkin,Conversions,18222,81466,797,19,16264
2026-04-19,Retargeting_AllProducts,ATC_7d,Conversions,8901,37774,846,51,36878
2026-04-19,Retargeting_AllProducts,ViewContent_14d,Conversions,9500,43856,824,55,37921
2026-04-19,Watermelon_Range_Awareness,Broad_18-34,Awareness,11701,45944,319,1,661
2026-04-19,Watermelon_Range_Awareness,Video_Viewers_LAL,Awareness,16465,68529,519,2,1263
2026-04-19,Lip_Balm_Bundle_Conversions,Broad_18-44,Conversions,7967,38573,556,20,10232
2026-04-19,Lip_Balm_Bundle_Conversions,Interest_LipCare,Conversions,8001,31803,470,17,9034
2026-04-20,VitC_Serum_Conversions,Broad_25-44,Conversions,16388,64531,760,23,17273
2026-04-20,VitC_Serum_Conversions,Interest_Skincare,Conversions,15518,68001,846,22,17222
2026-04-20,VitC_Serum_Conversions,LAL_Purchasers_2pct,Conversions,14229,61102,690,18,13117
2026-04-20,Tinted_SPF_Launch_Conversions,Broad_18-34,Conversions,19011,87270,1298,49,30956
2026-04-20,Tinted_SPF_Launch_Conversions,Interest_Beauty,Conversions,20776,98281,1436,59,42501
2026-04-20,Tinted_SPF_Launch_Conversions,LAL_ATC_1pct,Conversions,21290,97291,1323,49,34469
2026-04-20,Barrier_Repair_Conversions,Broad_25-54,Conversions,15969,69853,789,19,16194
2026-04-20,Barrier_Repair_Conversions,Interest_SensitiveSkin,Conversions,12488,59663,545,16,12905
2026-04-20,Retargeting_AllProducts,ATC_7d,Conversions,9218,36020,775,50,34864
2026-04-20,Retargeting_AllProducts,ViewContent_14d,Conversions,9500,44844,958,59,42767
2026-04-20,Watermelon_Range_Awareness,Broad_18-34,Awareness,11373,51714,351,2,1299
2026-04-20,Watermelon_Range_Awareness,Video_Viewers_LAL,Awareness,12778,59236,418,2,1412
2026-04-20,Lip_Balm_Bundle_Conversions,Broad_18-44,Conversions,6921,36462,543,18,10200
2026-04-20,Lip_Balm_Bundle_Conversions,Interest_LipCare,Conversions,7371,39409,584,19,10521
2026-04-21,VitC_Serum_Conversions,Broad_25-44,Conversions,15741,84999,959,28,21096
2026-04-21,VitC_Serum_Conversions,Interest_Skincare,Conversions,15972,62837,804,26,19849
2026-04-21,VitC_Serum_Conversions,LAL_Purchasers_2pct,Conversions,15480,78949,933,25,17778
2026-04-21,Tinted_SPF_Launch_Conversions,Broad_18-34,Conversions,20250,92146,1232,45,31666
2026-04-21,Tinted_SPF_Launch_Conversions,Interest_Beauty,Conversions,18674,86956,1347,42,30333
2026-04-21,Tinted_SPF_Launch_Conversions,LAL_ATC_1pct,Conversions,19778,76691,1164,45,28562
2026-04-21,Barrier_Repair_Conversions,Broad_25-54,Conversions,17551,74872,789,21,16845
2026-04-21,Barrier_Repair_Conversions,Interest_SensitiveSkin,Conversions,17041,87588,953,27,23585
2026-04-21,Retargeting_AllProducts,ATC_7d,Conversions,8782,46235,1066,57,38504
2026-04-21,Retargeting_AllProducts,ViewContent_14d,Conversions,7913,38103,766,50,37691
2026-04-21,Watermelon_Range_Awareness,Broad_18-34,Awareness,14277,61858,502,2,1329
2026-04-21,Watermelon_Range_Awareness,Video_Viewers_LAL,Awareness,10813,49105,350,2,1259
2026-04-21,Lip_Balm_Bundle_Conversions,Broad_18-44,Conversions,8692,36576,455,16,8767
2026-04-21,Lip_Balm_Bundle_Conversions,Interest_LipCare,Conversions,8425,46221,636,23,11630
2026-04-22,VitC_Serum_Conversions,Broad_25-44,Conversions,14713,60959,732,23,17026
2026-04-22,VitC_Serum_Conversions,Interest_Skincare,Conversions,14701,72354,853,27,21516
2026-04-22,VitC_Serum_Conversions,LAL_Purchasers_2pct,Conversions,13914,68274,864,28,19718
2026-04-22,Tinted_SPF_Launch_Conversions,Broad_18-34,Conversions,15429,74767,1107,39,26718
2026-04-22,Tinted_SPF_Launch_Conversions,Interest_Beauty,Conversions,17096,65357,1033,39,28077
2026-04-22,Tinted_SPF_Launch_Conversions,LAL_ATC_1pct,Conversions,15896,73582,1071,39,26201
2026-04-22,Barrier_Repair_Conversions,Broad_25-54,Conversions,13744,67633,648,15,12101
2026-04-22,Barrier_Repair_Conversions,Interest_SensitiveSkin,Conversions,15623,81042,776,24,19205
2026-04-22,Retargeting_AllProducts,ATC_7d,Conversions,9252,42079,843,56,39842
2026-04-22,Retargeting_AllProducts,ViewContent_14d,Conversions,8996,35192,705,37,26290
2026-04-22,Watermelon_Range_Awareness,Broad_18-34,Awareness,14600,79329,554,3,1979
2026-04-22,Watermelon_Range_Awareness,Video_Viewers_LAL,Awareness,14221,63787,496,2,1384
2026-04-22,Lip_Balm_Bundle_Conversions,Broad_18-44,Conversions,7314,30332,450,16,8478
2026-04-22,Lip_Balm_Bundle_Conversions,Interest_LipCare,Conversions,7232,32246,445,13,6601
2026-04-23,VitC_Serum_Conversions,Broad_25-44,Conversions,14021,54110,679,19,14590
2026-04-23,VitC_Serum_Conversions,Interest_Skincare,Conversions,12079,49586,651,19,13910
2026-04-23,VitC_Serum_Conversions,LAL_Purchasers_2pct,Conversions,16212,73448,919,25,18725
2026-04-23,Tinted_SPF_Launch_Conversions,Broad_18-34,Conversions,15332,66801,912,31,20799
2026-04-23,Tinted_SPF_Launch_Conversions,Interest_Beauty,Conversions,19035,78896,1184,40,25724
2026-04-23,Tinted_SPF_Launch_Conversions,LAL_ATC_1pct,Conversions,21571,98976,1565,52,36713
2026-04-23,Barrier_Repair_Conversions,Broad_25-54,Conversions,15175,61871,662,17,13683
2026-04-23,Barrier_Repair_Conversions,Interest_SensitiveSkin,Conversions,15939,65391,743,21,17763
2026-04-23,Retargeting_AllProducts,ATC_7d,Conversions,9500,36912,687,42,31001
2026-04-23,Retargeting_AllProducts,ViewContent_14d,Conversions,9500,41908,896,59,39958
2026-04-23,Watermelon_Range_Awareness,Broad_18-34,Awareness,13081,68191,526,3,2030
2026-04-23,Watermelon_Range_Awareness,Video_Viewers_LAL,Awareness,10392,57251,475,2,1286
2026-04-23,Lip_Balm_Bundle_Conversions,Broad_18-44,Conversions,6559,27102,386,12,6861
2026-04-23,Lip_Balm_Bundle_Conversions,Interest_LipCare,Conversions,8507,44526,640,18,9322
2026-04-24,VitC_Serum_Conversions,Broad_25-44,Conversions,13118,63960,784,24,17154
2026-04-24,VitC_Serum_Conversions,Interest_Skincare,Conversions,16077,66500,755,22,16988
2026-04-24,VitC_Serum_Conversions,LAL_Purchasers_2pct,Conversions,14722,75351,930,29,20950
2026-04-24,Tinted_SPF_Launch_Conversions,Broad_18-34,Conversions,18717,87001,1210,49,32098
2026-04-24,Tinted_SPF_Launch_Conversions,Interest_Beauty,Conversions,16401,74736,1168,39,27923
2026-04-24,Tinted_SPF_Launch_Conversions,LAL_ATC_1pct,Conversions,20283,82071,1156,36,23891
2026-04-24,Barrier_Repair_Conversions,Broad_25-54,Conversions,17593,71992,790,25,19899
2026-04-24,Barrier_Repair_Conversions,Interest_SensitiveSkin,Conversions,13853,64316,689,18,14257
2026-04-24,Retargeting_AllProducts,ATC_7d,Conversions,8932,35077,683,42,30639
2026-04-24,Retargeting_AllProducts,ViewContent_14d,Conversions,7825,39242,846,53,38525
2026-04-24,Watermelon_Range_Awareness,Broad_18-34,Awareness,12640,59323,459,2,1360
2026-04-24,Watermelon_Range_Awareness,Video_Viewers_LAL,Awareness,10702,47772,381,1,700
2026-04-24,Lip_Balm_Bundle_Conversions,Broad_18-44,Conversions,7249,33220,500,18,9311
2026-04-24,Lip_Balm_Bundle_Conversions,Interest_LipCare,Conversions,8753,34645,452,16,8143
2026-04-25,VitC_Serum_Conversions,Broad_25-44,Conversions,16098,63147,751,24,19016
2026-04-25,VitC_Serum_Conversions,Interest_Skincare,Conversions,13846,54603,703,19,15222
2026-04-25,VitC_Serum_Conversions,LAL_Purchasers_2pct,Conversions,15099,58755,692,24,19048
2026-04-25,Tinted_SPF_Launch_Conversions,Broad_18-34,Conversions,23318,116895,1529,56,40356
2026-04-25,Tinted_SPF_Launch_Conversions,Interest_Beauty,Conversions,18941,81572,1351,49,35106
2026-04-25,Tinted_SPF_Launch_Conversions,LAL_ATC_1pct,Conversions,23128,115680,1702,55,35371
2026-04-25,Barrier_Repair_Conversions,Broad_25-54,Conversions,16552,69273,665,16,13654
2026-04-25,Barrier_Repair_Conversions,Interest_SensitiveSkin,Conversions,17210,69257,750,18,15580
2026-04-25,Retargeting_AllProducts,ATC_7d,Conversions,9500,40678,857,46,31219
2026-04-25,Retargeting_AllProducts,ViewContent_14d,Conversions,8776,43690,878,50,34186
2026-04-25,Watermelon_Range_Awareness,Broad_18-34,Awareness,15279,64242,534,3,1845
2026-04-25,Watermelon_Range_Awareness,Video_Viewers_LAL,Awareness,14775,77983,611,3,1926
2026-04-25,Lip_Balm_Bundle_Conversions,Broad_18-44,Conversions,8114,34339,469,17,8937
2026-04-25,Lip_Balm_Bundle_Conversions,Interest_LipCare,Conversions,7243,31605,475,15,7781
2026-04-26,VitC_Serum_Conversions,Broad_25-44,Conversions,13612,59579,644,21,15544
2026-04-26,VitC_Serum_Conversions,Interest_Skincare,Conversions,15958,68451,802,25,17987
2026-04-26,VitC_Serum_Conversions,LAL_Purchasers_2pct,Conversions,14254,76411,956,32,23789
2026-04-26,Tinted_SPF_Launch_Conversions,Broad_18-34,Conversions,22040,112425,1492,54,36693
2026-04-26,Tinted_SPF_Launch_Conversions,Interest_Beauty,Conversions,20574,94106,1413,45,30462
2026-04-26,Tinted_SPF_Launch_Conversions,LAL_ATC_1pct,Conversions,17697,89146,1223,45,30419
2026-04-26,Barrier_Repair_Conversions,Broad_25-54,Conversions,18667,86204,869,24,18461
2026-04-26,Barrier_Repair_Conversions,Interest_SensitiveSkin,Conversions,16572,78291,857,25,21408
2026-04-26,Retargeting_AllProducts,ATC_7d,Conversions,9500,45769,979,52,34665
2026-04-26,Retargeting_AllProducts,ViewContent_14d,Conversions,9500,37298,864,46,30519
2026-04-26,Watermelon_Range_Awareness,Broad_18-34,Awareness,13541,52429,418,2,1347
2026-04-26,Watermelon_Range_Awareness,Video_Viewers_LAL,Awareness,13599,54488,456,2,1395
2026-04-26,Lip_Balm_Bundle_Conversions,Broad_18-44,Conversions,8024,35958,514,18,9929
2026-04-26,Lip_Balm_Bundle_Conversions,Interest_LipCare,Conversions,7940,35714,451,15,8358
2026-04-27,VitC_Serum_Conversions,Broad_25-44,Conversions,12602,61815,642,17,13042
2026-04-27,VitC_Serum_Conversions,Interest_Skincare,Conversions,14224,71190,846,28,20520
2026-04-27,VitC_Serum_Conversions,LAL_Purchasers_2pct,Conversions,12869,68081,887,29,22662
2026-04-27,Tinted_SPF_Launch_Conversions,Broad_18-34,Conversions,17800,92455,1446,58,37539
2026-04-27,Tinted_SPF_Launch_Conversions,Interest_Beauty,Conversions,15699,62555,816,30,18970
2026-04-27,Tinted_SPF_Launch_Conversions,LAL_ATC_1pct,Conversions,19921,95013,1364,45,31922
2026-04-27,Barrier_Repair_Conversions,Broad_25-54,Conversions,12605,51393,524,13,11006
2026-04-27,Barrier_Repair_Conversions,Interest_SensitiveSkin,Conversions,14022,68183,711,20,15945
2026-04-27,Retargeting_AllProducts,ATC_7d,Conversions,7844,38444,838,47,31319
2026-04-27,Retargeting_AllProducts,ViewContent_14d,Conversions,9500,41290,946,65,45680
2026-04-27,Watermelon_Range_Awareness,Broad_18-34,Awareness,12480,53401,445,3,2059
2026-04-27,Watermelon_Range_Awareness,Video_Viewers_LAL,Awareness,11684,55608,408,2,1367
2026-04-27,Lip_Balm_Bundle_Conversions,Broad_18-44,Conversions,7429,31396,467,14,7884
2026-04-27,Lip_Balm_Bundle_Conversions,Interest_LipCare,Conversions,8620,38381,534,20,10247
2026-04-28,VitC_Serum_Conversions,Broad_25-44,Conversions,12704,50059,548,17,13352
2026-04-28,VitC_Serum_Conversions,Interest_Skincare,Conversions,11946,59292,737,20,15344
2026-04-28,VitC_Serum_Conversions,LAL_Purchasers_2pct,Conversions,14519,60259,774,21,16223
2026-04-28,Tinted_SPF_Launch_Conversions,Broad_18-34,Conversions,18722,85116,1239,49,35191
2026-04-28,Tinted_SPF_Launch_Conversions,Interest_Beauty,Conversions,15135,75075,1214,49,35388
2026-04-28,Tinted_SPF_Launch_Conversions,LAL_ATC_1pct,Conversions,18194,87047,1195,44,31426
2026-04-28,Barrier_Repair_Conversions,Broad_25-54,Conversions,15281,68620,746,20,16077
2026-04-28,Barrier_Repair_Conversions,Interest_SensitiveSkin,Conversions,13712,72981,746,20,17505
2026-04-28,Retargeting_AllProducts,ATC_7d,Conversions,8901,42455,964,67,46997
2026-04-28,Retargeting_AllProducts,ViewContent_14d,Conversions,9203,45815,897,49,36908
2026-04-28,Watermelon_Range_Awareness,Broad_18-34,Awareness,12856,62290,457,2,1298
2026-04-28,Watermelon_Range_Awareness,Video_Viewers_LAL,Awareness,14000,59628,447,2,1275
2026-04-28,Lip_Balm_Bundle_Conversions,Broad_18-44,Conversions,8368,38168,583,20,10298
2026-04-28,Lip_Balm_Bundle_Conversions,Interest_LipCare,Conversions,8296,37871,479,17,9716
2026-04-29,VitC_Serum_Conversions,Broad_25-44,Conversions,14212,77788,949,25,19634
2026-04-29,VitC_Serum_Conversions,Interest_Skincare,Conversions,16244,76264,936,31,24332
2026-04-29,VitC_Serum_Conversions,LAL_Purchasers_2pct,Conversions,12646,57364,710,18,13243
2026-04-29,Tinted_SPF_Launch_Conversions,Broad_18-34,Conversions,19111,81939,1242,46,30997
2026-04-29,Tinted_SPF_Launch_Conversions,Interest_Beauty,Conversions,15077,63568,937,28,18304
2026-04-29,Tinted_SPF_Launch_Conversions,LAL_ATC_1pct,Conversions,21485,86104,1109,43,30269
2026-04-29,Barrier_Repair_Conversions,Broad_25-54,Conversions,17213,89691,828,20,15693
2026-04-29,Barrier_Repair_Conversions,Interest_SensitiveSkin,Conversions,15143,71512,784,20,16109
2026-04-29,Retargeting_AllProducts,ATC_7d,Conversions,8696,43901,936,66,48067
2026-04-29,Retargeting_AllProducts,ViewContent_14d,Conversions,9500,39457,859,58,38836
2026-04-29,Watermelon_Range_Awareness,Broad_18-34,Awareness,11957,66148,502,2,1259
2026-04-29,Watermelon_Range_Awareness,Video_Viewers_LAL,Awareness,12499,55486,409,2,1386
2026-04-29,Lip_Balm_Bundle_Conversions,Broad_18-44,Conversions,6407,32539,451,13,7382
2026-04-29,Lip_Balm_Bundle_Conversions,Interest_LipCare,Conversions,8546,45961,629,18,10299
2026-04-30,VitC_Serum_Conversions,Broad_25-44,Conversions,16013,62966,754,20,14591
2026-04-30,VitC_Serum_Conversions,Interest_Skincare,Conversions,16326,68880,829,27,19935
2026-04-30,VitC_Serum_Conversions,LAL_Purchasers_2pct,Conversions,11868,48092,521,14,10323
2026-04-30,Tinted_SPF_Launch_Conversions,Broad_18-34,Conversions,20950,102513,1427,55,39664
2026-04-30,Tinted_SPF_Launch_Conversions,Interest_Beauty,Conversions,19813,100576,1459,59,39474
2026-04-30,Tinted_SPF_Launch_Conversions,LAL_ATC_1pct,Conversions,20569,75053,1047,40,26610
2026-04-30,Barrier_Repair_Conversions,Broad_25-54,Conversions,16477,63518,574,14,11465
2026-04-30,Barrier_Repair_Conversions,Interest_SensitiveSkin,Conversions,14221,60677,684,18,15092
2026-04-30,Retargeting_AllProducts,ATC_7d,Conversions,7658,32304,697,47,31417
2026-04-30,Retargeting_AllProducts,ViewContent_14d,Conversions,7880,32945,726,46,31822
2026-04-30,Watermelon_Range_Awareness,Broad_18-34,Awareness,10729,51388,339,1,639
2026-04-30,Watermelon_Range_Awareness,Video_Viewers_LAL,Awareness,10846,48339,335,1,652
2026-04-30,Lip_Balm_Bundle_Conversions,Broad_18-44,Conversions,6221,27303,363,10,5267
2026-04-30,Lip_Balm_Bundle_Conversions,Interest_LipCare,Conversions,7190,38496,504,16,9125
2026-05-01,VitC_Serum_Conversions,Broad_25-44,Conversions,16042,82877,1090,34,25041
2026-05-01,VitC_Serum_Conversions,Interest_Skincare,Conversions,12180,65814,739,22,16327
2026-05-01,VitC_Serum_Conversions,LAL_Purchasers_2pct,Conversions,13602,67965,798,21,15171
2026-05-01,Tinted_SPF_Launch_Conversions,Broad_18-34,Conversions,19159,94860,1401,45,29544
2026-05-01,Tinted_SPF_Launch_Conversions,Interest_Beauty,Conversions,21296,81373,1128,42,27673
2026-05-01,Tinted_SPF_Launch_Conversions,LAL_ATC_1pct,Conversions,17243,62409,969,38,24343
2026-05-01,Barrier_Repair_Conversions,Broad_25-54,Conversions,14032,68401,772,19,16593
2026-05-01,Barrier_Repair_Conversions,Interest_SensitiveSkin,Conversions,17531,79948,774,22,18232
2026-05-01,Retargeting_AllProducts,ATC_7d,Conversions,8165,38619,786,53,35596
2026-05-01,Retargeting_AllProducts,ViewContent_14d,Conversions,9207,39255,842,52,37179
2026-05-01,Watermelon_Range_Awareness,Broad_18-34,Awareness,14539,67597,502,3,1922
2026-05-01,Watermelon_Range_Awareness,Video_Viewers_LAL,Awareness,13368,62838,507,3,1980
2026-05-01,Lip_Balm_Bundle_Conversions,Broad_18-44,Conversions,7860,33133,429,15,8428
2026-05-01,Lip_Balm_Bundle_Conversions,Interest_LipCare,Conversions,6350,29942,462,15,8107
2026-05-02,VitC_Serum_Conversions,Broad_25-44,Conversions,18053,74213,916,28,20560
2026-05-02,VitC_Serum_Conversions,Interest_Skincare,Conversions,17913,95892,1141,36,27979
2026-05-02,VitC_Serum_Conversions,LAL_Purchasers_2pct,Conversions,16570,90276,1028,33,26390
2026-05-02,Tinted_SPF_Launch_Conversions,Broad_18-34,Conversions,21845,79114,1110,42,28074
2026-05-02,Tinted_SPF_Launch_Conversions,Interest_Beauty,Conversions,16915,71148,964,34,23209
2026-05-02,Tinted_SPF_Launch_Conversions,LAL_ATC_1pct,Conversions,21089,81263,1153,40,27335
2026-05-02,Barrier_Repair_Conversions,Broad_25-54,Conversions,16803,89203,876,21,17017
2026-05-02,Barrier_Repair_Conversions,Interest_SensitiveSkin,Conversions,19593,102399,948,30,23952
2026-05-02,Retargeting_AllProducts,ATC_7d,Conversions,9500,43559,850,52,36600
2026-05-02,Retargeting_AllProducts,ViewContent_14d,Conversions,9500,38804,779,45,30228
2026-05-02,Watermelon_Range_Awareness,Broad_18-34,Awareness,15760,81594,633,3,2114
2026-05-02,Watermelon_Range_Awareness,Video_Viewers_LAL,Awareness,12709,56539,390,2,1405
2026-05-02,Lip_Balm_Bundle_Conversions,Broad_18-44,Conversions,7589,32819,444,13,6953
2026-05-02,Lip_Balm_Bundle_Conversions,Interest_LipCare,Conversions,6976,30681,436,13,6911
2026-05-03,VitC_Serum_Conversions,Broad_25-44,Conversions,16836,68801,754,25,17578
2026-05-03,VitC_Serum_Conversions,Interest_Skincare,Conversions,13432,65178,837,23,17125
2026-05-03,VitC_Serum_Conversions,LAL_Purchasers_2pct,Conversions,14339,62037,795,24,18220
2026-05-03,Tinted_SPF_Launch_Conversions,Broad_18-34,Conversions,21356,80180,1172,40,27444
2026-05-03,Tinted_SPF_Launch_Conversions,Interest_Beauty,Conversions,22852,92718,1393,47,29881
2026-05-03,Tinted_SPF_Launch_Conversions,LAL_ATC_1pct,Conversions,17827,85156,1107,37,25651
2026-05-03,Barrier_Repair_Conversions,Broad_25-54,Conversions,16865,80046,800,19,14895
2026-05-03,Barrier_Repair_Conversions,Interest_SensitiveSkin,Conversions,17620,67769,723,21,17352
2026-05-03,Retargeting_AllProducts,ATC_7d,Conversions,9500,43965,843,49,32616
2026-05-03,Retargeting_AllProducts,ViewContent_14d,Conversions,9500,38741,717,39,29488
2026-05-03,Watermelon_Range_Awareness,Broad_18-34,Awareness,14027,65779,492,3,2074
2026-05-03,Watermelon_Range_Awareness,Video_Viewers_LAL,Awareness,13943,57882,390,2,1282
2026-05-03,Lip_Balm_Bundle_Conversions,Broad_18-44,Conversions,7719,35640,499,15,8375
2026-05-03,Lip_Balm_Bundle_Conversions,Interest_LipCare,Conversions,9204,48664,683,20,11216
2026-05-04,VitC_Serum_Conversions,Broad_25-44,Conversions,15629,85253,973,33,25475
2026-05-04,VitC_Serum_Conversions,Interest_Skincare,Conversions,14234,57764,761,20,15507
2026-05-04,VitC_Serum_Conversions,LAL_Purchasers_2pct,Conversions,12980,62440,825,25,19555
2026-05-04,Tinted_SPF_Launch_Conversions,Broad_18-34,Conversions,17931,83622,1333,51,35922
2026-05-04,Tinted_SPF_Launch_Conversions,Interest_Beauty,Conversions,18914,76093,1045,39,25094
2026-05-04,Tinted_SPF_Launch_Conversions,LAL_ATC_1pct,Conversions,15952,80114,1061,34,22471
2026-05-04,Barrier_Repair_Conversions,Broad_25-54,Conversions,13818,58469,601,15,11937
2026-05-04,Barrier_Repair_Conversions,Interest_SensitiveSkin,Conversions,13744,58647,649,20,15471
2026-05-04,Retargeting_AllProducts,ATC_7d,Conversions,9500,36623,821,57,42550
2026-05-04,Retargeting_AllProducts,ViewContent_14d,Conversions,7791,32886,751,43,31934
2026-05-04,Watermelon_Range_Awareness,Broad_18-34,Awareness,13677,60464,472,2,1277
2026-05-04,Watermelon_Range_Awareness,Video_Viewers_LAL,Awareness,12114,48376,358,2,1245
2026-05-04,Lip_Balm_Bundle_Conversions,Broad_18-44,Conversions,7542,35996,474,18,10333
2026-05-04,Lip_Balm_Bundle_Conversions,Interest_LipCare,Conversions,7034,29476,361,13,7247
2026-05-05,VitC_Serum_Conversions,Broad_25-44,Conversions,13791,74516,913,27,20320
2026-05-05,VitC_Serum_Conversions,Interest_Skincare,Conversions,12578,62426,724,20,15669
2026-05-05,VitC_Serum_Conversions,LAL_Purchasers_2pct,Conversions,13182,60240,724,22,16118
2026-05-05,Tinted_SPF_Launch_Conversions,Broad_18-34,Conversions,19538,74536,943,29,19464
2026-05-05,Tinted_SPF_Launch_Conversions,Interest_Beauty,Conversions,15853,81525,1256,44,31604
2026-05-05,Tinted_SPF_Launch_Conversions,LAL_ATC_1pct,Conversions,16369,65328,968,30,19283
2026-05-05,Barrier_Repair_Conversions,Broad_25-54,Conversions,17337,86670,836,24,19327
2026-05-05,Barrier_Repair_Conversions,Interest_SensitiveSkin,Conversions,17181,84036,788,21,17701
2026-05-05,Retargeting_AllProducts,ATC_7d,Conversions,8139,45192,984,64,45292
2026-05-05,Retargeting_AllProducts,ViewContent_14d,Conversions,7810,43210,847,55,40119
2026-05-05,Watermelon_Range_Awareness,Broad_18-34,Awareness,13927,73079,612,3,1861
2026-05-05,Watermelon_Range_Awareness,Video_Viewers_LAL,Awareness,11974,58389,462,2,1390
2026-05-05,Lip_Balm_Bundle_Conversions,Broad_18-44,Conversions,6520,34199,507,18,10391
2026-05-05,Lip_Balm_Bundle_Conversions,Interest_LipCare,Conversions,6536,28170,395,11,5890
2026-05-06,VitC_Serum_Conversions,Broad_25-44,Conversions,15121,71011,863,23,17677
2026-05-06,VitC_Serum_Conversions,Interest_Skincare,Conversions,15814,65838,699,19,14409
2026-05-06,VitC_Serum_Conversions,LAL_Purchasers_2pct,Conversions,13416,70169,920,26,18866
2026-05-06,Tinted_SPF_Launch_Conversions,Broad_18-34,Conversions,15589,63011,901,33,23145
2026-05-06,Tinted_SPF_Launch_Conversions,Interest_Beauty,Conversions,19590,88678,1357,51,34511
2026-05-06,Tinted_SPF_Launch_Conversions,LAL_ATC_1pct,Conversions,18396,92200,1379,46,32780
2026-05-06,Barrier_Repair_Conversions,Broad_25-54,Conversions,17455,79353,808,19,15785
2026-05-06,Barrier_Repair_Conversions,Interest_SensitiveSkin,Conversions,15153,59489,676,21,16333
2026-05-06,Retargeting_AllProducts,ATC_7d,Conversions,9500,40488,864,51,37542
2026-05-06,Retargeting_AllProducts,ViewContent_14d,Conversions,9500,51239,1145,60,41182
2026-05-06,Watermelon_Range_Awareness,Broad_18-34,Awareness,10429,47291,317,2,1344
2026-05-06,Watermelon_Range_Awareness,Video_Viewers_LAL,Awareness,12505,67015,492,3,1990
2026-05-06,Lip_Balm_Bundle_Conversions,Broad_18-44,Conversions,7813,35369,467,15,7763
2026-05-06,Lip_Balm_Bundle_Conversions,Interest_LipCare,Conversions,8332,36108,508,16,9045
2026-05-07,VitC_Serum_Conversions,Broad_25-44,Conversions,14913,62553,661,21,16492
2026-05-07,VitC_Serum_Conversions,Interest_Skincare,Conversions,11772,54431,578,17,12927
2026-05-07,VitC_Serum_Conversions,LAL_Purchasers_2pct,Conversions,13039,68786,858,28,21582
2026-05-07,Tinted_SPF_Launch_Conversions,Broad_18-34,Conversions,19663,81734,1056,43,30175
2026-05-07,Tinted_SPF_Launch_Conversions,Interest_Beauty,Conversions,19790,75258,973,31,20248
2026-05-07,Tinted_SPF_Launch_Conversions,LAL_ATC_1pct,Conversions,20884,78740,1179,36,23524
2026-05-07,Barrier_Repair_Conversions,Broad_25-54,Conversions,12645,67922,728,20,16297
2026-05-07,Barrier_Repair_Conversions,Interest_SensitiveSkin,Conversions,14245,68021,693,19,15046
2026-05-07,Retargeting_AllProducts,ATC_7d,Conversions,7713,38903,831,54,38387
2026-05-07,Retargeting_AllProducts,ViewContent_14d,Conversions,7523,34548,788,45,31427
2026-05-07,Watermelon_Range_Awareness,Broad_18-34,Awareness,10925,48724,403,2,1396
2026-05-07,Watermelon_Range_Awareness,Video_Viewers_LAL,Awareness,13583,63680,468,2,1361
2026-05-07,Lip_Balm_Bundle_Conversions,Broad_18-44,Conversions,6882,31260,392,12,6845
2026-05-07,Lip_Balm_Bundle_Conversions,Interest_LipCare,Conversions,6634,25881,388,15,7611
2026-05-08,VitC_Serum_Conversions,Broad_25-44,Conversions,13824,67047,749,25,18864
2026-05-08,VitC_Serum_Conversions,Interest_Skincare,Conversions,11520,56384,617,19,14475
2026-05-08,VitC_Serum_Conversions,LAL_Purchasers_2pct,Conversions,13818,57145,689,21,15058
2026-05-08,Tinted_SPF_Launch_Conversions,Broad_18-34,Conversions,20976,106937,1590,52,34658
2026-05-08,Tinted_SPF_Launch_Conversions,Interest_Beauty,Conversions,16571,60955,821,32,22964
2026-05-08,Tinted_SPF_Launch_Conversions,LAL_ATC_1pct,Conversions,15043,58121,844,33,21040
2026-05-08,Barrier_Repair_Conversions,Broad_25-54,Conversions,15161,82043,784,21,18418
2026-05-08,Barrier_Repair_Conversions,Interest_SensitiveSkin,Conversions,16143,64114,590,18,14801
2026-05-08,Retargeting_AllProducts,ATC_7d,Conversions,9500,50858,1035,73,48895
2026-05-08,Retargeting_AllProducts,ViewContent_14d,Conversions,7813,34657,783,42,29549
2026-05-08,Watermelon_Range_Awareness,Broad_18-34,Awareness,14589,71096,499,2,1376
2026-05-08,Watermelon_Range_Awareness,Video_Viewers_LAL,Awareness,13403,66432,526,2,1241
2026-05-08,Lip_Balm_Bundle_Conversions,Broad_18-44,Conversions,6697,34803,520,18,9263
2026-05-08,Lip_Balm_Bundle_Conversions,Interest_LipCare,Conversions,7408,28807,394,13,6733
2026-05-09,VitC_Serum_Conversions,Broad_25-44,Conversions,14598,75790,843,23,17676
2026-05-09,VitC_Serum_Conversions,Interest_Skincare,Conversions,17522,70977,877,23,16812
2026-05-09,VitC_Serum_Conversions,LAL_Purchasers_2pct,Conversions,13372,60487,670,19,14584
2026-05-09,Tinted_SPF_Launch_Conversions,Broad_18-34,Conversions,18760,81134,1263,39,26149
2026-05-09,Tinted_SPF_Launch_Conversions,Interest_Beauty,Conversions,22367,84077,1101,39,24997
2026-05-09,Tinted_SPF_Launch_Conversions,LAL_ATC_1pct,Conversions,16926,81614,1227,50,35279
2026-05-09,Barrier_Repair_Conversions,Broad_25-54,Conversions,16027,70733,744,21,16639
2026-05-09,Barrier_Repair_Conversions,Interest_SensitiveSkin,Conversions,18691,74113,669,16,13016
2026-05-09,Retargeting_AllProducts,ATC_7d,Conversions,8733,42285,974,66,43860
2026-05-09,Retargeting_AllProducts,ViewContent_14d,Conversions,9500,38659,747,47,32879
2026-05-09,Watermelon_Range_Awareness,Broad_18-34,Awareness,11629,58975,461,2,1262
2026-05-09,Watermelon_Range_Awareness,Video_Viewers_LAL,Awareness,12890,56159,459,2,1273
2026-05-09,Lip_Balm_Bundle_Conversions,Broad_18-44,Conversions,7780,42083,578,20,10467
2026-05-09,Lip_Balm_Bundle_Conversions,Interest_LipCare,Conversions,7303,32886,428,16,8798
2026-05-10,VitC_Serum_Conversions,Broad_25-44,Conversions,17386,71677,905,32,23495
2026-05-10,VitC_Serum_Conversions,Interest_Skincare,Conversions,15931,72352,850,29,21382
2026-05-10,VitC_Serum_Conversions,LAL_Purchasers_2pct,Conversions,13873,55124,622,17,13230
2026-05-10,Tinted_SPF_Launch_Conversions,Broad_18-34,Conversions,17270,65583,1016,36,26000
2026-05-10,Tinted_SPF_Launch_Conversions,Interest_Beauty,Conversions,24037,109425,1371,51,35949
2026-05-10,Tinted_SPF_Launch_Conversions,LAL_ATC_1pct,Conversions,23618,109568,1357,56,39634
2026-05-10,Barrier_Repair_Conversions,Broad_25-54,Conversions,18599,75110,739,22,17222
2026-05-10,Barrier_Repair_Conversions,Interest_SensitiveSkin,Conversions,17360,68582,750,22,16848
2026-05-10,Retargeting_AllProducts,ATC_7d,Conversions,9500,42213,981,61,41420
2026-05-10,Retargeting_AllProducts,ViewContent_14d,Conversions,9500,46403,1063,65,46088
2026-05-10,Watermelon_Range_Awareness,Broad_18-34,Awareness,11935,53732,377,2,1228
2026-05-10,Watermelon_Range_Awareness,Video_Viewers_LAL,Awareness,16106,67856,472,2,1397
2026-05-10,Lip_Balm_Bundle_Conversions,Broad_18-44,Conversions,9441,41603,560,16,9145
2026-05-10,Lip_Balm_Bundle_Conversions,Interest_LipCare,Conversions,9230,35934,547,20,10609
2026-05-11,VitC_Serum_Conversions,Broad_25-44,Conversions,16227,79490,914,24,17061
2026-05-11,VitC_Serum_Conversions,Interest_Skincare,Conversions,12274,47785,624,21,16058
2026-05-11,VitC_Serum_Conversions,LAL_Purchasers_2pct,Conversions,12358,48594,637,20,15582
2026-05-11,Tinted_SPF_Launch_Conversions,Broad_18-34,Conversions,16507,73810,1040,33,22863
2026-05-11,Tinted_SPF_Launch_Conversions,Interest_Beauty,Conversions,15874,56736,826,33,21937
2026-05-11,Tinted_SPF_Launch_Conversions,LAL_ATC_1pct,Conversions,21596,86559,1328,41,29306
2026-05-11,Barrier_Repair_Conversions,Broad_25-54,Conversions,17525,68741,654,18,14017
2026-05-11,Barrier_Repair_Conversions,Interest_SensitiveSkin,Conversions,16325,84396,806,25,21606
2026-05-11,Retargeting_AllProducts,ATC_7d,Conversions,7667,30555,673,43,30302
2026-05-11,Retargeting_AllProducts,ViewContent_14d,Conversions,8239,41087,810,43,28855
2026-05-11,Watermelon_Range_Awareness,Broad_18-34,Awareness,10256,39823,290,1,696
2026-05-11,Watermelon_Range_Awareness,Video_Viewers_LAL,Awareness,12469,66283,482,2,1316
2026-05-11,Lip_Balm_Bundle_Conversions,Broad_18-44,Conversions,8483,43950,641,23,11679
2026-05-11,Lip_Balm_Bundle_Conversions,Interest_LipCare,Conversions,8434,32926,441,14,7109
2026-05-12,VitC_Serum_Conversions,Broad_25-44,Conversions,12337,55135,631,20,15815
2026-05-12,VitC_Serum_Conversions,Interest_Skincare,Conversions,11949,54657,659,21,14696
2026-05-12,VitC_Serum_Conversions,LAL_Purchasers_2pct,Conversions,16230,84281,914,31,21923
2026-05-12,Tinted_SPF_Launch_Conversions,Broad_18-34,Conversions,16390,62921,800,30,20902
2026-05-12,Tinted_SPF_Launch_Conversions,Interest_Beauty,Conversions,16784,83274,1084,35,23862
2026-05-12,Tinted_SPF_Launch_Conversions,LAL_ATC_1pct,Conversions,20576,87679,1104,38,24912
2026-05-12,Barrier_Repair_Conversions,Broad_25-54,Conversions,15875,87196,910,23,17991
2026-05-12,Barrier_Repair_Conversions,Interest_SensitiveSkin,Conversions,13876,67796,622,19,15356
2026-05-12,Retargeting_AllProducts,ATC_7d,Conversions,8965,40104,874,47,31898
2026-05-12,Retargeting_AllProducts,ViewContent_14d,Conversions,9500,47248,961,58,40979
2026-05-12,Watermelon_Range_Awareness,Broad_18-34,Awareness,11268,46915,332,1,675
2026-05-12,Watermelon_Range_Awareness,Video_Viewers_LAL,Awareness,10636,41278,297,1,668
2026-05-12,Lip_Balm_Bundle_Conversions,Broad_18-44,Conversions,7645,35808,546,20,10854
2026-05-12,Lip_Balm_Bundle_Conversions,Interest_LipCare,Conversions,8491,38929,546,21,10672
2026-05-13,VitC_Serum_Conversions,Broad_25-44,Conversions,16030,63601,789,24,18732
2026-05-13,VitC_Serum_Conversions,Interest_Skincare,Conversions,14895,61913,751,20,14294
2026-05-13,VitC_Serum_Conversions,LAL_Purchasers_2pct,Conversions,16441,86489,1136,38,28157
2026-05-13,Tinted_SPF_Launch_Conversions,Broad_18-34,Conversions,21556,85307,1148,47,33209
2026-05-13,Tinted_SPF_Launch_Conversions,Interest_Beauty,Conversions,16735,82243,1235,49,32557
2026-05-13,Tinted_SPF_Launch_Conversions,LAL_ATC_1pct,Conversions,17656,74235,972,32,22729
2026-05-13,Barrier_Repair_Conversions,Broad_25-54,Conversions,16547,77480,813,22,17824
2026-05-13,Barrier_Repair_Conversions,Interest_SensitiveSkin,Conversions,13100,51339,534,16,13901
2026-05-13,Retargeting_AllProducts,ATC_7d,Conversions,9203,41297,784,45,31252
2026-05-13,Retargeting_AllProducts,ViewContent_14d,Conversions,8711,38087,777,47,31209
2026-05-13,Watermelon_Range_Awareness,Broad_18-34,Awareness,11489,48788,334,2,1235
2026-05-13,Watermelon_Range_Awareness,Video_Viewers_LAL,Awareness,14253,59472,428,2,1398
2026-05-13,Lip_Balm_Bundle_Conversions,Broad_18-44,Conversions,8572,41969,525,19,9944
2026-05-13,Lip_Balm_Bundle_Conversions,Interest_LipCare,Conversions,7477,29967,443,13,6661
2026-05-14,VitC_Serum_Conversions,Broad_25-44,Conversions,16390,81318,946,3,2221
2026-05-14,VitC_Serum_Conversions,Interest_Skincare,Conversions,14734,59912,654,2,1549
2026-05-14,VitC_Serum_Conversions,LAL_Purchasers_2pct,Conversions,15308,69196,888,3,2140
2026-05-14,Tinted_SPF_Launch_Conversions,Broad_18-34,Conversions,17087,62608,853,3,2133
2026-05-14,Tinted_SPF_Launch_Conversions,Interest_Beauty,Conversions,15224,56043,706,3,1954
2026-05-14,Tinted_SPF_Launch_Conversions,LAL_ATC_1pct,Conversions,18046,81247,1216,5,3528
2026-05-14,Barrier_Repair_Conversions,Broad_25-54,Conversions,15028,82368,867,2,1611
2026-05-14,Barrier_Repair_Conversions,Interest_SensitiveSkin,Conversions,15508,68331,643,2,1606
2026-05-14,Retargeting_AllProducts,ATC_7d,Conversions,7910,33643,773,6,4132
2026-05-14,Retargeting_AllProducts,ViewContent_14d,Conversions,8632,33564,647,4,2982
2026-05-14,Watermelon_Range_Awareness,Broad_18-34,Awareness,13163,61868,483,2,1231
2026-05-14,Watermelon_Range_Awareness,Video_Viewers_LAL,Awareness,13761,54409,434,2,1347
2026-05-14,Lip_Balm_Bundle_Conversions,Broad_18-44,Conversions,7773,31803,397,1,525
2026-05-14,Lip_Balm_Bundle_Conversions,Interest_LipCare,Conversions,8761,41695,611,2,1057
2026-05-15,VitC_Serum_Conversions,Broad_25-44,Conversions,12750,51841,606,2,1476
2026-05-15,VitC_Serum_Conversions,Interest_Skincare,Conversions,11996,48474,573,2,1472
2026-05-15,VitC_Serum_Conversions,LAL_Purchasers_2pct,Conversions,14743,78148,946,3,2110
2026-05-15,Tinted_SPF_Launch_Conversions,Broad_18-34,Conversions,21557,97352,1363,6,4170
2026-05-15,Tinted_SPF_Launch_Conversions,Interest_Beauty,Conversions,20923,78688,1014,3,2138
2026-05-15,Tinted_SPF_Launch_Conversions,LAL_ATC_1pct,Conversions,20349,79289,1152,5,3460
2026-05-15,Barrier_Repair_Conversions,Broad_25-54,Conversions,16195,80670,853,3,2432
2026-05-15,Barrier_Repair_Conversions,Interest_SensitiveSkin,Conversions,14397,63768,577,2,1569
2026-05-15,Retargeting_AllProducts,ATC_7d,Conversions,9500,39128,766,5,3752
2026-05-15,Retargeting_AllProducts,ViewContent_14d,Conversions,9500,38422,808,6,4485
2026-05-15,Watermelon_Range_Awareness,Broad_18-34,Awareness,11065,55134,373,1,688
2026-05-15,Watermelon_Range_Awareness,Video_Viewers_LAL,Awareness,13683,66149,458,2,1244
2026-05-15,Lip_Balm_Bundle_Conversions,Broad_18-44,Conversions,7109,29250,439,1,527
2026-05-15,Lip_Balm_Bundle_Conversions,Interest_LipCare,Conversions,6854,31489,424,1,568
2026-05-16,VitC_Serum_Conversions,Broad_25-44,Conversions,16152,64310,839,22,16479
2026-05-16,VitC_Serum_Conversions,Interest_Skincare,Conversions,17754,96321,1104,32,25157
2026-05-16,VitC_Serum_Conversions,LAL_Purchasers_2pct,Conversions,13633,60442,661,19,15041
2026-05-16,Tinted_SPF_Launch_Conversions,Broad_18-34,Conversions,20220,75552,973,37,24932
2026-05-16,Tinted_SPF_Launch_Conversions,Interest_Beauty,Conversions,21502,107932,1342,50,32680
2026-05-16,Tinted_SPF_Launch_Conversions,LAL_ATC_1pct,Conversions,22464,92804,1151,44,30796
2026-05-16,Barrier_Repair_Conversions,Broad_25-54,Conversions,14308,67406,706,20,17468
2026-05-16,Barrier_Repair_Conversions,Interest_SensitiveSkin,Conversions,16094,76694,695,17,12992
2026-05-16,Retargeting_AllProducts,ATC_7d,Conversions,9435,40295,913,51,36852
2026-05-16,Retargeting_AllProducts,ViewContent_14d,Conversions,9169,48175,1058,62,43302
2026-05-16,Watermelon_Range_Awareness,Broad_18-34,Awareness,14447,70868,489,3,1922
2026-05-16,Watermelon_Range_Awareness,Video_Viewers_LAL,Awareness,15148,60342,463,2,1412
2026-05-16,Lip_Balm_Bundle_Conversions,Broad_18-44,Conversions,7924,40622,633,21,12051
2026-05-16,Lip_Balm_Bundle_Conversions,Interest_LipCare,Conversions,9665,40578,563,17,8706
2026-05-17,VitC_Serum_Conversions,Broad_25-44,Conversions,17001,81218,979,27,20649
2026-05-17,VitC_Serum_Conversions,Interest_Skincare,Conversions,13069,58661,754,21,14735
2026-05-17,VitC_Serum_Conversions,LAL_Purchasers_2pct,Conversions,18472,101731,1247,40,30756
2026-05-17,Tinted_SPF_Launch_Conversions,Broad_18-34,Conversions,19918,82579,1076,39,25047
2026-05-17,Tinted_SPF_Launch_Conversions,Interest_Beauty,Conversions,21976,85251,1179,39,26924
2026-05-17,Tinted_SPF_Launch_Conversions,LAL_ATC_1pct,Conversions,18833,69051,950,30,19130
2026-05-17,Barrier_Repair_Conversions,Broad_25-54,Conversions,18123,96143,890,22,17279
2026-05-17,Barrier_Repair_Conversions,Interest_SensitiveSkin,Conversions,14984,76397,734,20,16867
2026-05-17,Retargeting_AllProducts,ATC_7d,Conversions,9337,47490,887,54,40665
2026-05-17,Retargeting_AllProducts,ViewContent_14d,Conversions,9465,37478,693,45,33449
2026-05-17,Watermelon_Range_Awareness,Broad_18-34,Awareness,14852,67222,461,2,1361
2026-05-17,Watermelon_Range_Awareness,Video_Viewers_LAL,Awareness,11991,46278,326,1,641
2026-05-17,Lip_Balm_Bundle_Conversions,Broad_18-44,Conversions,8292,45272,583,18,9435
2026-05-17,Lip_Balm_Bundle_Conversions,Interest_LipCare,Conversions,9312,49637,675,25,13988
2026-05-18,VitC_Serum_Conversions,Broad_25-44,Conversions,11711,60479,773,25,18352
2026-05-18,VitC_Serum_Conversions,Interest_Skincare,Conversions,13686,73017,886,30,23461
2026-05-18,VitC_Serum_Conversions,LAL_Purchasers_2pct,Conversions,12402,61471,708,24,17688
2026-05-18,Tinted_SPF_Launch_Conversions,Broad_18-34,Conversions,20648,76389,1093,41,26176
2026-05-18,Tinted_SPF_Launch_Conversions,Interest_Beauty,Conversions,19628,91831,1096,44,29351
2026-05-18,Tinted_SPF_Launch_Conversions,LAL_ATC_1pct,Conversions,18932,87779,1257,47,31191
2026-05-18,Barrier_Repair_Conversions,Broad_25-54,Conversions,14236,57618,521,15,13115
2026-05-18,Barrier_Repair_Conversions,Interest_SensitiveSkin,Conversions,13006,61086,685,16,12286
2026-05-18,Retargeting_AllProducts,ATC_7d,Conversions,8228,35125,704,46,33883
2026-05-18,Retargeting_AllProducts,ViewContent_14d,Conversions,9248,39592,844,59,40942
2026-05-18,Watermelon_Range_Awareness,Broad_18-34,Awareness,12604,54108,425,2,1274
2026-05-18,Watermelon_Range_Awareness,Video_Viewers_LAL,Awareness,11806,47773,373,2,1331
2026-05-18,Lip_Balm_Bundle_Conversions,Broad_18-44,Conversions,8817,45789,583,21,11894
2026-05-18,Lip_Balm_Bundle_Conversions,Interest_LipCare,Conversions,8450,38526,598,18,9367
2026-05-19,VitC_Serum_Conversions,Broad_25-44,Conversions,16370,70721,744,21,15516
2026-05-19,VitC_Serum_Conversions,Interest_Skincare,Conversions,12664,58672,685,23,18087
2026-05-19,VitC_Serum_Conversions,LAL_Purchasers_2pct,Conversions,13733,59126,633,19,13439
2026-05-19,Tinted_SPF_Launch_Conversions,Broad_18-34,Conversions,17755,85326,1149,35,23970
2026-05-19,Tinted_SPF_Launch_Conversions,Interest_Beauty,Conversions,19119,87547,1109,40,27648
2026-05-19,Tinted_SPF_Launch_Conversions,LAL_ATC_1pct,Conversions,21306,96925,1246,38,25486
2026-05-19,Barrier_Repair_Conversions,Broad_25-54,Conversions,15325,65892,691,19,16051
2026-05-19,Barrier_Repair_Conversions,Interest_SensitiveSkin,Conversions,12916,62301,675,17,14584
2026-05-19,Retargeting_AllProducts,ATC_7d,Conversions,9500,40225,802,50,33243
2026-05-19,Retargeting_AllProducts,ViewContent_14d,Conversions,7912,33281,638,42,28179
2026-05-19,Watermelon_Range_Awareness,Broad_18-34,Awareness,12999,61480,426,2,1312
2026-05-19,Watermelon_Range_Awareness,Video_Viewers_LAL,Awareness,13766,64583,509,2,1399
2026-05-19,Lip_Balm_Bundle_Conversions,Broad_18-44,Conversions,8411,38933,568,21,11592
2026-05-19,Lip_Balm_Bundle_Conversions,Interest_LipCare,Conversions,8732,39256,512,17,8600
2026-05-20,VitC_Serum_Conversions,Broad_25-44,Conversions,16194,73386,936,28,22209
2026-05-20,VitC_Serum_Conversions,Interest_Skincare,Conversions,12373,65028,781,25,18430
2026-05-20,VitC_Serum_Conversions,LAL_Purchasers_2pct,Conversions,14507,68826,886,27,21581
2026-05-20,Tinted_SPF_Launch_Conversions,Broad_18-34,Conversions,21078,73642,1035,34,24462
2026-05-20,Tinted_SPF_Launch_Conversions,Interest_Beauty,Conversions,18022,68590,827,28,19557
2026-05-20,Tinted_SPF_Launch_Conversions,LAL_ATC_1pct,Conversions,17006,64465,893,35,25065
2026-05-20,Barrier_Repair_Conversions,Broad_25-54,Conversions,15716,77324,732,21,16847
2026-05-20,Barrier_Repair_Conversions,Interest_SensitiveSkin,Conversions,15931,62068,706,20,16409
2026-05-20,Retargeting_AllProducts,ATC_7d,Conversions,9500,45633,917,50,35402
2026-05-20,Retargeting_AllProducts,ViewContent_14d,Conversions,9229,38480,840,50,37197
2026-05-20,Watermelon_Range_Awareness,Broad_18-34,Awareness,11537,52009,422,2,1232
2026-05-20,Watermelon_Range_Awareness,Video_Viewers_LAL,Awareness,10904,45430,354,1,629
2026-05-20,Lip_Balm_Bundle_Conversions,Broad_18-44,Conversions,6924,29432,396,15,7868
2026-05-20,Lip_Balm_Bundle_Conversions,Interest_LipCare,Conversions,8185,43489,553,21,11924
2026-05-21,VitC_Serum_Conversions,Broad_25-44,Conversions,15207,67616,867,28,20202
2026-05-21,VitC_Serum_Conversions,Interest_Skincare,Conversions,15433,66190,837,24,19049
2026-05-21,VitC_Serum_Conversions,LAL_Purchasers_2pct,Conversions,13433,65524,857,30,22634
2026-05-21,Tinted_SPF_Launch_Conversions,Broad_18-34,Conversions,15119,55893,691,25,17749
2026-05-21,Tinted_SPF_Launch_Conversions,Interest_Beauty,Conversions,20511,79317,1147,43,30062
2026-05-21,Tinted_SPF_Launch_Conversions,LAL_ATC_1pct,Conversions,18641,64983,876,34,22289
2026-05-21,Barrier_Repair_Conversions,Broad_25-54,Conversions,13258,68374,727,18,14789
2026-05-21,Barrier_Repair_Conversions,Interest_SensitiveSkin,Conversions,14337,75296,754,21,17422
2026-05-21,Retargeting_AllProducts,ATC_7d,Conversions,8206,42655,859,56,37832
2026-05-21,Retargeting_AllProducts,ViewContent_14d,Conversions,8425,36751,688,48,34852
2026-05-21,Watermelon_Range_Awareness,Broad_18-34,Awareness,12457,51323,391,2,1286
2026-05-21,Watermelon_Range_Awareness,Video_Viewers_LAL,Awareness,11240,50994,353,1,652
2026-05-21,Lip_Balm_Bundle_Conversions,Broad_18-44,Conversions,7600,38565,499,15,7909
2026-05-21,Lip_Balm_Bundle_Conversions,Interest_LipCare,Conversions,7124,32027,428,16,9241
2026-05-22,VitC_Serum_Conversions,Broad_25-44,Conversions,15631,66939,881,23,17096
2026-05-22,VitC_Serum_Conversions,Interest_Skincare,Conversions,16039,62477,757,24,18435
2026-05-22,VitC_Serum_Conversions,LAL_Purchasers_2pct,Conversions,13098,62111,806,28,21090
2026-05-22,Tinted_SPF_Launch_Conversions,Broad_18-34,Conversions,16900,71997,1036,40,28145
2026-05-22,Tinted_SPF_Launch_Conversions,Interest_Beauty,Conversions,17974,82292,959,38,25700
2026-05-22,Tinted_SPF_Launch_Conversions,LAL_ATC_1pct,Conversions,21292,85402,1029,42,26395
2026-05-22,Barrier_Repair_Conversions,Broad_25-54,Conversions,12654,50777,539,16,12981
2026-05-22,Barrier_Repair_Conversions,Interest_SensitiveSkin,Conversions,12861,49830,512,15,12774
2026-05-22,Retargeting_AllProducts,ATC_7d,Conversions,9475,49271,1143,76,53652
2026-05-22,Retargeting_AllProducts,ViewContent_14d,Conversions,8455,34716,656,35,25052
2026-05-22,Watermelon_Range_Awareness,Broad_18-34,Awareness,12837,60828,426,2,1344
2026-05-22,Watermelon_Range_Awareness,Video_Viewers_LAL,Awareness,12199,54754,363,2,1346
2026-05-22,Lip_Balm_Bundle_Conversions,Broad_18-44,Conversions,7820,33123,505,18,9138
2026-05-22,Lip_Balm_Bundle_Conversions,Interest_LipCare,Conversions,8656,42407,552,20,10175
2026-05-23,VitC_Serum_Conversions,Broad_25-44,Conversions,17177,73767,857,25,18657
2026-05-23,VitC_Serum_Conversions,Interest_Skincare,Conversions,15869,65090,701,21,15830
2026-05-23,VitC_Serum_Conversions,LAL_Purchasers_2pct,Conversions,18277,72204,779,25,19498
2026-05-23,Tinted_SPF_Launch_Conversions,Broad_18-34,Conversions,22229,88490,1118,45,30609
2026-05-23,Tinted_SPF_Launch_Conversions,Interest_Beauty,Conversions,17748,71070,816,30,21517
2026-05-23,Tinted_SPF_Launch_Conversions,LAL_ATC_1pct,Conversions,19090,82137,1134,45,30004
2026-05-23,Barrier_Repair_Conversions,Broad_25-54,Conversions,17683,89458,915,23,19744
2026-05-23,Barrier_Repair_Conversions,Interest_SensitiveSkin,Conversions,14951,60243,567,17,14626
2026-05-23,Retargeting_AllProducts,ATC_7d,Conversions,9500,42415,996,61,42041
2026-05-23,Retargeting_AllProducts,ViewContent_14d,Conversions,8510,38863,737,48,33273
2026-05-23,Watermelon_Range_Awareness,Broad_18-34,Awareness,12126,52823,410,2,1394
2026-05-23,Watermelon_Range_Awareness,Video_Viewers_LAL,Awareness,13082,63983,474,2,1336
2026-05-23,Lip_Balm_Bundle_Conversions,Broad_18-44,Conversions,8598,40129,559,18,9046
2026-05-23,Lip_Balm_Bundle_Conversions,Interest_LipCare,Conversions,7632,35517,477,17,9617
2026-05-24,VitC_Serum_Conversions,Broad_25-44,Conversions,13616,62737,781,26,19089
2026-05-24,VitC_Serum_Conversions,Interest_Skincare,Conversions,14582,63807,762,21,16482
2026-05-24,VitC_Serum_Conversions,LAL_Purchasers_2pct,Conversions,17705,88058,949,29,22896
2026-05-24,Tinted_SPF_Launch_Conversions,Broad_18-34,Conversions,17403,70303,818,25,15767
2026-05-24,Tinted_SPF_Launch_Conversions,Interest_Beauty,Conversions,21139,74598,945,34,23116
2026-05-24,Tinted_SPF_Launch_Conversions,LAL_ATC_1pct,Conversions,20855,76785,1115,39,25830
2026-05-24,Barrier_Repair_Conversions,Broad_25-54,Conversions,15127,74412,808,24,19583
2026-05-24,Barrier_Repair_Conversions,Interest_SensitiveSkin,Conversions,16863,72368,719,20,17199
2026-05-24,Retargeting_AllProducts,ATC_7d,Conversions,9500,42960,926,51,35937
2026-05-24,Retargeting_AllProducts,ViewContent_14d,Conversions,8916,34634,805,52,38139
2026-05-24,Watermelon_Range_Awareness,Broad_18-34,Awareness,36184,165214,1197,6,3718
2026-05-24,Watermelon_Range_Awareness,Video_Viewers_LAL,Awareness,34689,137318,916,5,3236
2026-05-24,Lip_Balm_Bundle_Conversions,Broad_18-44,Conversions,8308,32146,458,13,6847
2026-05-24,Lip_Balm_Bundle_Conversions,Interest_LipCare,Conversions,9016,36533,529,20,10442
2026-05-25,VitC_Serum_Conversions,Broad_25-44,Conversions,14224,67982,739,23,17597
2026-05-25,VitC_Serum_Conversions,Interest_Skincare,Conversions,15691,62122,735,21,15765
2026-05-25,VitC_Serum_Conversions,LAL_Purchasers_2pct,Conversions,13259,60661,778,24,18238
2026-05-25,Tinted_SPF_Launch_Conversions,Broad_18-34,Conversions,18345,87637,1033,33,22722
2026-05-25,Tinted_SPF_Launch_Conversions,Interest_Beauty,Conversions,16429,61550,734,25,15973
2026-05-25,Tinted_SPF_Launch_Conversions,LAL_ATC_1pct,Conversions,16554,67369,934,35,23555
2026-05-25,Barrier_Repair_Conversions,Broad_25-54,Conversions,13438,73917,692,21,16119
2026-05-25,Barrier_Repair_Conversions,Interest_SensitiveSkin,Conversions,15397,84073,787,22,18223
2026-05-25,Retargeting_AllProducts,ATC_7d,Conversions,7561,29459,582,32,23036
2026-05-25,Retargeting_AllProducts,ViewContent_14d,Conversions,9206,39521,734,48,33047
2026-05-25,Watermelon_Range_Awareness,Broad_18-34,Awareness,27653,110886,821,5,3148
2026-05-25,Watermelon_Range_Awareness,Video_Viewers_LAL,Awareness,36365,148045,1137,7,4414
2026-05-25,Lip_Balm_Bundle_Conversions,Broad_18-44,Conversions,7931,38237,521,19,10193
2026-05-25,Lip_Balm_Bundle_Conversions,Interest_LipCare,Conversions,7745,41045,554,18,9315
2026-05-26,VitC_Serum_Conversions,Broad_25-44,Conversions,15812,82371,972,29,20493
2026-05-26,VitC_Serum_Conversions,Interest_Skincare,Conversions,13878,57181,693,18,13488
2026-05-26,VitC_Serum_Conversions,LAL_Purchasers_2pct,Conversions,12072,52884,621,17,13317
2026-05-26,Tinted_SPF_Launch_Conversions,Broad_18-34,Conversions,20953,83862,1148,43,28498
2026-05-26,Tinted_SPF_Launch_Conversions,Interest_Beauty,Conversions,15320,55686,720,23,16154
2026-05-26,Tinted_SPF_Launch_Conversions,LAL_ATC_1pct,Conversions,17549,64653,848,32,22195
2026-05-26,Barrier_Repair_Conversions,Broad_25-54,Conversions,12828,64590,600,16,13780
2026-05-26,Barrier_Repair_Conversions,Interest_SensitiveSkin,Conversions,13830,70877,788,21,17724
2026-05-26,Retargeting_AllProducts,ATC_7d,Conversions,9500,52609,1125,61,44247
2026-05-26,Retargeting_AllProducts,ViewContent_14d,Conversions,9500,49380,991,58,42054
2026-05-26,Watermelon_Range_Awareness,Broad_18-34,Awareness,29618,141540,1151,6,3836
2026-05-26,Watermelon_Range_Awareness,Video_Viewers_LAL,Awareness,34613,142614,1135,6,3950
2026-05-26,Lip_Balm_Bundle_Conversions,Broad_18-44,Conversions,7150,34955,512,16,8452
2026-05-26,Lip_Balm_Bundle_Conversions,Interest_LipCare,Conversions,8055,34608,529,20,11175
2026-05-27,VitC_Serum_Conversions,Broad_25-44,Conversions,13731,69644,861,23,16987
2026-05-27,VitC_Serum_Conversions,Interest_Skincare,Conversions,13186,55743,665,21,14982
2026-05-27,VitC_Serum_Conversions,LAL_Purchasers_2pct,Conversions,16341,85277,886,24,19048
2026-05-27,Tinted_SPF_Launch_Conversions,Broad_18-34,Conversions,17907,85096,973,32,20202
2026-05-27,Tinted_SPF_Launch_Conversions,Interest_Beauty,Conversions,17570,70208,1001,37,25715
2026-05-27,Tinted_SPF_Launch_Conversions,LAL_ATC_1pct,Conversions,18977,72700,1028,40,26769
2026-05-27,Barrier_Repair_Conversions,Broad_25-54,Conversions,13389,65995,698,21,16096
2026-05-27,Barrier_Repair_Conversions,Interest_SensitiveSkin,Conversions,15537,80272,821,21,16102
2026-05-27,Retargeting_AllProducts,ATC_7d,Conversions,8155,31396,580,32,23610
2026-05-27,Retargeting_AllProducts,ViewContent_14d,Conversions,8524,38497,788,50,36678
2026-05-27,Watermelon_Range_Awareness,Broad_18-34,Awareness,27453,111424,753,4,2793
2026-05-27,Watermelon_Range_Awareness,Video_Viewers_LAL,Awareness,30723,134448,1120,6,3791
2026-05-27,Lip_Balm_Bundle_Conversions,Broad_18-44,Conversions,8660,40740,601,19,9695
2026-05-27,Lip_Balm_Bundle_Conversions,Interest_LipCare,Conversions,6345,25980,358,14,8043
2026-05-28,VitC_Serum_Conversions,Broad_25-44,Conversions,15896,67487,856,27,21543
2026-05-28,VitC_Serum_Conversions,Interest_Skincare,Conversions,14318,55735,700,23,17128
2026-05-28,VitC_Serum_Conversions,LAL_Purchasers_2pct,Conversions,13802,72910,878,23,16184
2026-05-28,Tinted_SPF_Launch_Conversions,Broad_18-34,Conversions,19216,85628,1217,46,30249
2026-05-28,Tinted_SPF_Launch_Conversions,Interest_Beauty,Conversions,21339,76511,976,29,18885
2026-05-28,Tinted_SPF_Launch_Conversions,LAL_ATC_1pct,Conversions,15647,74340,984,38,27199
2026-05-28,Barrier_Repair_Conversions,Broad_25-54,Conversions,14873,73803,726,22,19169
2026-05-28,Barrier_Repair_Conversions,Interest_SensitiveSkin,Conversions,15989,81586,914,25,21176
2026-05-28,Retargeting_AllProducts,ATC_7d,Conversions,9500,47505,927,52,37533
2026-05-28,Retargeting_AllProducts,ViewContent_14d,Conversions,7885,33689,640,44,31955
2026-05-28,Watermelon_Range_Awareness,Broad_18-34,Awareness,33832,184488,1471,8,5267
2026-05-28,Watermelon_Range_Awareness,Video_Viewers_LAL,Awareness,33912,134698,1008,6,4164
2026-05-28,Lip_Balm_Bundle_Conversions,Broad_18-44,Conversions,7475,36928,599,23,11937
2026-05-28,Lip_Balm_Bundle_Conversions,Interest_LipCare,Conversions,7707,35310,458,17,9232
2026-05-29,VitC_Serum_Conversions,Broad_25-44,Conversions,14012,72235,830,27,21572
2026-05-29,VitC_Serum_Conversions,Interest_Skincare,Conversions,14999,82893,968,31,22279
2026-05-29,VitC_Serum_Conversions,LAL_Purchasers_2pct,Conversions,14408,71762,811,25,18852
2026-05-29,Tinted_SPF_Launch_Conversions,Broad_18-34,Conversions,16598,69983,879,32,21596
2026-05-29,Tinted_SPF_Launch_Conversions,Interest_Beauty,Conversions,16423,58349,773,26,17009
2026-05-29,Tinted_SPF_Launch_Conversions,LAL_ATC_1pct,Conversions,16221,72180,832,30,19116
2026-05-29,Barrier_Repair_Conversions,Broad_25-54,Conversions,13758,65366,624,17,13249
2026-05-29,Barrier_Repair_Conversions,Interest_SensitiveSkin,Conversions,17479,90040,841,25,20499
2026-05-29,Retargeting_AllProducts,ATC_7d,Conversions,9500,39975,909,56,41348
2026-05-29,Retargeting_AllProducts,ViewContent_14d,Conversions,8352,39420,840,53,38634
2026-05-29,Watermelon_Range_Awareness,Broad_18-34,Awareness,27352,118722,957,5,3277
2026-05-29,Watermelon_Range_Awareness,Video_Viewers_LAL,Awareness,30565,120077,870,5,3188
2026-05-29,Lip_Balm_Bundle_Conversions,Broad_18-44,Conversions,6204,24133,319,12,6207
2026-05-29,Lip_Balm_Bundle_Conversions,Interest_LipCare,Conversions,7705,31782,479,15,7936
2026-05-30,VitC_Serum_Conversions,Broad_25-44,Conversions,16658,66320,780,25,18413
2026-05-30,VitC_Serum_Conversions,Interest_Skincare,Conversions,14475,74842,911,25,19532
2026-05-30,VitC_Serum_Conversions,LAL_Purchasers_2pct,Conversions,14762,59545,724,22,15489
2026-05-30,Tinted_SPF_Launch_Conversions,Broad_18-34,Conversions,18035,78117,919,31,20244
2026-05-30,Tinted_SPF_Launch_Conversions,Interest_Beauty,Conversions,21603,76393,908,32,21186
2026-05-30,Tinted_SPF_Launch_Conversions,LAL_ATC_1pct,Conversions,21176,95772,1340,46,28977
2026-05-30,Barrier_Repair_Conversions,Broad_25-54,Conversions,18178,77005,815,25,19295
2026-05-30,Barrier_Repair_Conversions,Interest_SensitiveSkin,Conversions,14785,59072,545,13,10732
2026-05-30,Retargeting_AllProducts,ATC_7d,Conversions,8361,44794,917,61,41870
2026-05-30,Retargeting_AllProducts,ViewContent_14d,Conversions,8829,43121,939,64,43833
2026-05-30,Watermelon_Range_Awareness,Broad_18-34,Awareness,33572,135873,1049,5,3082
2026-05-30,Watermelon_Range_Awareness,Video_Viewers_LAL,Awareness,38543,176728,1440,8,5631
2026-05-30,Lip_Balm_Bundle_Conversions,Broad_18-44,Conversions,8523,33089,456,15,8324
2026-05-30,Lip_Balm_Bundle_Conversions,Interest_LipCare,Conversions,7423,32154,479,17,9262
2026-05-31,VitC_Serum_Conversions,Broad_25-44,Conversions,15812,76104,928,27,20335
2026-05-31,VitC_Serum_Conversions,Interest_Skincare,Conversions,17400,86660,1008,29,21124
2026-05-31,VitC_Serum_Conversions,LAL_Purchasers_2pct,Conversions,12858,61963,786,26,19390
2026-05-31,Tinted_SPF_Launch_Conversions,Broad_18-34,Conversions,16899,68078,938,38,23887
2026-05-31,Tinted_SPF_Launch_Conversions,Interest_Beauty,Conversions,20019,97436,1159,38,25196
2026-05-31,Tinted_SPF_Launch_Conversions,LAL_ATC_1pct,Conversions,19881,90507,1149,40,27896
2026-05-31,Barrier_Repair_Conversions,Broad_25-54,Conversions,16133,75465,747,19,15012
2026-05-31,Barrier_Repair_Conversions,Interest_SensitiveSkin,Conversions,18400,78373,878,26,20677
2026-05-31,Retargeting_AllProducts,ATC_7d,Conversions,9500,38263,863,52,35278
2026-05-31,Retargeting_AllProducts,ViewContent_14d,Conversions,9316,46173,1001,64,46221
2026-05-31,Watermelon_Range_Awareness,Broad_18-34,Awareness,32309,145014,962,4,2524
2026-05-31,Watermelon_Range_Awareness,Video_Viewers_LAL,Awareness,31188,130950,927,5,3177
2026-05-31,Lip_Balm_Bundle_Conversions,Broad_18-44,Conversions,7344,35835,522,17,9565
2026-05-31,Lip_Balm_Bundle_Conversions,Interest_LipCare,Conversions,9906,47988,695,26,14715
2026-06-01,VitC_Serum_Conversions,Broad_25-44,Conversions,16276,87643,923,30,22376
2026-06-01,VitC_Serum_Conversions,Interest_Skincare,Conversions,12449,50550,645,21,14897
2026-06-01,VitC_Serum_Conversions,LAL_Purchasers_2pct,Conversions,15351,71257,790,26,20122
2026-06-01,Tinted_SPF_Launch_Conversions,Broad_18-34,Conversions,15255,60359,744,28,20176
2026-06-01,Tinted_SPF_Launch_Conversions,Interest_Beauty,Conversions,18154,77361,1005,34,23365
2026-06-01,Tinted_SPF_Launch_Conversions,LAL_ATC_1pct,Conversions,15312,67067,923,33,22707
2026-06-01,Barrier_Repair_Conversions,Broad_25-54,Conversions,13373,67738,755,23,17838
2026-06-01,Barrier_Repair_Conversions,Interest_SensitiveSkin,Conversions,15718,77776,759,19,14750
2026-06-01,Retargeting_AllProducts,ATC_7d,Conversions,9500,39146,725,38,26887
2026-06-01,Retargeting_AllProducts,ViewContent_14d,Conversions,9312,48343,983,53,35477
2026-06-01,Watermelon_Range_Awareness,Broad_18-34,Awareness,13034,56666,468,3,1858
2026-06-01,Watermelon_Range_Awareness,Video_Viewers_LAL,Awareness,13151,69189,543,3,1906
2026-06-01,Lip_Balm_Bundle_Conversions,Broad_18-44,Conversions,8801,36002,563,21,11243
2026-06-01,Lip_Balm_Bundle_Conversions,Interest_LipCare,Conversions,6671,34967,535,18,10263
2026-06-02,VitC_Serum_Conversions,Broad_25-44,Conversions,13926,59067,686,19,13613
2026-06-02,VitC_Serum_Conversions,Interest_Skincare,Conversions,12421,61480,698,23,18026
2026-06-02,VitC_Serum_Conversions,LAL_Purchasers_2pct,Conversions,16089,83621,999,26,18917
2026-06-02,Tinted_SPF_Launch_Conversions,Broad_18-34,Conversions,16771,63551,762,23,15262
2026-06-02,Tinted_SPF_Launch_Conversions,Interest_Beauty,Conversions,16258,58796,644,25,16258
2026-06-02,Tinted_SPF_Launch_Conversions,LAL_ATC_1pct,Conversions,19792,82121,1056,38,25736
2026-06-02,Barrier_Repair_Conversions,Broad_25-54,Conversions,14987,72819,751,21,17560
2026-06-02,Barrier_Repair_Conversions,Interest_SensitiveSkin,Conversions,12897,52251,535,13,10107
2026-06-02,Retargeting_AllProducts,ATC_7d,Conversions,9500,50558,985,60,43024
2026-06-02,Retargeting_AllProducts,ViewContent_14d,Conversions,9500,40236,876,54,37030
2026-06-02,Watermelon_Range_Awareness,Broad_18-34,Awareness,11899,46768,359,1,633
2026-06-02,Watermelon_Range_Awareness,Video_Viewers_LAL,Awareness,12461,51053,418,2,1239
2026-06-02,Lip_Balm_Bundle_Conversions,Broad_18-44,Conversions,7657,36542,592,20,11115
2026-06-02,Lip_Balm_Bundle_Conversions,Interest_LipCare,Conversions,8374,45110,624,19,9978
2026-06-03,VitC_Serum_Conversions,Broad_25-44,Conversions,16241,68234,894,24,18056
2026-06-03,VitC_Serum_Conversions,Interest_Skincare,Conversions,12435,54058,641,18,12876
2026-06-03,VitC_Serum_Conversions,LAL_Purchasers_2pct,Conversions,15256,66017,763,20,14682
2026-06-03,Tinted_SPF_Launch_Conversions,Broad_18-34,Conversions,18061,81622,1046,41,26437
2026-06-03,Tinted_SPF_Launch_Conversions,Interest_Beauty,Conversions,17684,59458,704,22,14732
2026-06-03,Tinted_SPF_Launch_Conversions,LAL_ATC_1pct,Conversions,17359,73639,867,35,23201
2026-06-03,Barrier_Repair_Conversions,Broad_25-54,Conversions,16427,71834,720,21,17372
2026-06-03,Barrier_Repair_Conversions,Interest_SensitiveSkin,Conversions,13455,67166,728,22,19206
2026-06-03,Retargeting_AllProducts,ATC_7d,Conversions,8830,34140,699,46,33098
2026-06-03,Retargeting_AllProducts,ViewContent_14d,Conversions,9057,44391,1042,60,40941
2026-06-03,Watermelon_Range_Awareness,Broad_18-34,Awareness,14101,59957,398,2,1279
2026-06-03,Watermelon_Range_Awareness,Video_Viewers_LAL,Awareness,12741,66231,503,3,1852
2026-06-03,Lip_Balm_Bundle_Conversions,Broad_18-44,Conversions,7110,31381,420,14,7277
2026-06-03,Lip_Balm_Bundle_Conversions,Interest_LipCare,Conversions,8340,32908,436,14,7808
2026-06-04,VitC_Serum_Conversions,Broad_25-44,Conversions,15127,61477,776,21,16146
2026-06-04,VitC_Serum_Conversions,Interest_Skincare,Conversions,14384,70499,913,29,22423
2026-06-04,VitC_Serum_Conversions,LAL_Purchasers_2pct,Conversions,14384,59520,631,16,11729
2026-06-04,Tinted_SPF_Launch_Conversions,Broad_18-34,Conversions,20426,71374,857,34,22072
2026-06-04,Tinted_SPF_Launch_Conversions,Interest_Beauty,Conversions,19342,69645,875,26,17261
2026-06-04,Tinted_SPF_Launch_Conversions,LAL_ATC_1pct,Conversions,17045,77434,845,30,20257
2026-06-04,Barrier_Repair_Conversions,Broad_25-54,Conversions,13492,63814,580,17,13834
2026-06-04,Barrier_Repair_Conversions,Interest_SensitiveSkin,Conversions,15514,76353,779,19,15349
2026-06-04,Retargeting_AllProducts,ATC_7d,Conversions,7808,42449,802,50,34999
2026-06-04,Retargeting_AllProducts,ViewContent_14d,Conversions,7656,40201,844,56,37728
2026-06-04,Watermelon_Range_Awareness,Broad_18-34,Awareness,12767,65240,487,3,2012
2026-06-04,Watermelon_Range_Awareness,Video_Viewers_LAL,Awareness,13561,56002,394,2,1287
2026-06-04,Lip_Balm_Bundle_Conversions,Broad_18-44,Conversions,8645,40420,536,19,10042
2026-06-04,Lip_Balm_Bundle_Conversions,Interest_LipCare,Conversions,7016,34327,516,15,8653
2026-06-05,VitC_Serum_Conversions,Broad_25-44,Conversions,14586,76100,1003,30,21038
2026-06-05,VitC_Serum_Conversions,Interest_Skincare,Conversions,15604,64847,710,21,16506
2026-06-05,VitC_Serum_Conversions,LAL_Purchasers_2pct,Conversions,12046,47400,499,17,13390
2026-06-05,Tinted_SPF_Launch_Conversions,Broad_18-34,Conversions,20446,94210,1015,38,25471
2026-06-05,Tinted_SPF_Launch_Conversions,Interest_Beauty,Conversions,15183,67323,764,27,18284
2026-06-05,Tinted_SPF_Launch_Conversions,LAL_ATC_1pct,Conversions,16740,76165,925,35,24282
2026-06-05,Barrier_Repair_Conversions,Broad_25-54,Conversions,12399,67579,703,20,15643
2026-06-05,Barrier_Repair_Conversions,Interest_SensitiveSkin,Conversions,13834,75082,818,23,19269
2026-06-05,Retargeting_AllProducts,ATC_7d,Conversions,7407,29846,610,35,25407
2026-06-05,Retargeting_AllProducts,ViewContent_14d,Conversions,9500,40956,760,52,35530
2026-06-05,Watermelon_Range_Awareness,Broad_18-34,Awareness,11963,58289,487,2,1388
2026-06-05,Watermelon_Range_Awareness,Video_Viewers_LAL,Awareness,12642,58355,404,2,1399
2026-06-05,Lip_Balm_Bundle_Conversions,Broad_18-44,Conversions,6208,30036,415,14,7447
2026-06-05,Lip_Balm_Bundle_Conversions,Interest_LipCare,Conversions,6574,28579,405,13,6761
2026-06-06,VitC_Serum_Conversions,Broad_25-44,Conversions,18380,79889,942,31,24450
2026-06-06,VitC_Serum_Conversions,Interest_Skincare,Conversions,17884,79697,1011,26,18875
2026-06-06,VitC_Serum_Conversions,LAL_Purchasers_2pct,Conversions,13714,73327,947,30,22099
2026-06-06,Tinted_SPF_Launch_Conversions,Broad_18-34,Conversions,23938,104925,1307,48,31222
2026-06-06,Tinted_SPF_Launch_Conversions,Interest_Beauty,Conversions,17966,75640,1021,41,27839
2026-06-06,Tinted_SPF_Launch_Conversions,LAL_ATC_1pct,Conversions,18366,65386,724,26,18441
2026-06-06,Barrier_Repair_Conversions,Broad_25-54,Conversions,15645,81987,877,24,21046
2026-06-06,Barrier_Repair_Conversions,Interest_SensitiveSkin,Conversions,19677,77663,724,22,17579
2026-06-06,Retargeting_AllProducts,ATC_7d,Conversions,9500,46249,1075,59,44116
2026-06-06,Retargeting_AllProducts,ViewContent_14d,Conversions,9500,44575,995,68,47680
2026-06-06,Watermelon_Range_Awareness,Broad_18-34,Awareness,13713,53847,445,2,1278
2026-06-06,Watermelon_Range_Awareness,Video_Viewers_LAL,Awareness,15407,63929,434,2,1341
2026-06-06,Lip_Balm_Bundle_Conversions,Broad_18-44,Conversions,7695,38751,581,18,9975
2026-06-06,Lip_Balm_Bundle_Conversions,Interest_LipCare,Conversions,7974,36216,558,19,10410
2026-06-07,VitC_Serum_Conversions,Broad_25-44,Conversions,16877,76952,880,30,21330
2026-06-07,VitC_Serum_Conversions,Interest_Skincare,Conversions,13949,76978,806,26,18847
2026-06-07,VitC_Serum_Conversions,LAL_Purchasers_2pct,Conversions,15189,63124,788,28,19698
2026-06-07,Tinted_SPF_Launch_Conversions,Broad_18-34,Conversions,23690,93710,1263,50,32923
2026-06-07,Tinted_SPF_Launch_Conversions,Interest_Beauty,Conversions,20220,95618,1084,37,25798
2026-06-07,Tinted_SPF_Launch_Conversions,LAL_ATC_1pct,Conversions,19649,71165,820,30,20516
2026-06-07,Barrier_Repair_Conversions,Broad_25-54,Conversions,16953,76482,850,25,20361
2026-06-07,Barrier_Repair_Conversions,Interest_SensitiveSkin,Conversions,18778,84776,769,24,19392
2026-06-07,Retargeting_AllProducts,ATC_7d,Conversions,9500,41223,877,54,35921
2026-06-07,Retargeting_AllProducts,ViewContent_14d,Conversions,9322,37862,775,45,31777
2026-06-07,Watermelon_Range_Awareness,Broad_18-34,Awareness,13609,61480,473,2,1254
2026-06-07,Watermelon_Range_Awareness,Video_Viewers_LAL,Awareness,15663,82847,614,3,2057
2026-06-07,Lip_Balm_Bundle_Conversions,Broad_18-44,Conversions,9724,45634,706,22,11798
2026-06-07,Lip_Balm_Bundle_Conversions,Interest_LipCare,Conversions,7429,37872,572,21,11268
2026-06-08,VitC_Serum_Conversions,Broad_25-44,Conversions,12740,52275,645,22,16982
2026-06-08,VitC_Serum_Conversions,Interest_Skincare,Conversions,12103,57897,619,18,13527
2026-06-08,VitC_Serum_Conversions,LAL_Purchasers_2pct,Conversions,13416,52409,661,20,14726
2026-06-08,Tinted_SPF_Launch_Conversions,Broad_18-34,Conversions,17545,67410,861,34,23463
2026-06-08,Tinted_SPF_Launch_Conversions,Interest_Beauty,Conversions,16024,58518,764,24,16018
2026-06-08,Tinted_SPF_Launch_Conversions,LAL_ATC_1pct,Conversions,17076,64217,820,29,18527
2026-06-08,Barrier_Repair_Conversions,Broad_25-54,Conversions,13010,64971,615,17,13859
2026-06-08,Barrier_Repair_Conversions,Interest_SensitiveSkin,Conversions,16919,67510,695,16,12639
2026-06-08,Retargeting_AllProducts,ATC_7d,Conversions,9288,49840,1040,62,44637
2026-06-08,Retargeting_AllProducts,ViewContent_14d,Conversions,8173,36387,772,49,36374
2026-06-08,Watermelon_Range_Awareness,Broad_18-34,Awareness,10470,57233,393,2,1385
2026-06-08,Watermelon_Range_Awareness,Video_Viewers_LAL,Awareness,13251,52247,423,2,1237
2026-06-08,Lip_Balm_Bundle_Conversions,Broad_18-44,Conversions,7276,31787,434,16,8872
2026-06-08,Lip_Balm_Bundle_Conversions,Interest_LipCare,Conversions,7756,35838,567,18,9827
2026-06-09,VitC_Serum_Conversions,Broad_25-44,Conversions,16175,77211,822,23,16935
2026-06-09,VitC_Serum_Conversions,Interest_Skincare,Conversions,11821,58109,673,21,14924
2026-06-09,VitC_Serum_Conversions,LAL_Purchasers_2pct,Conversions,14981,67490,753,23,17699
2026-06-09,Tinted_SPF_Launch_Conversions,Broad_18-34,Conversions,19073,71525,774,29,20910
2026-06-09,Tinted_SPF_Launch_Conversions,Interest_Beauty,Conversions,18226,60802,759,30,19647
2026-06-09,Tinted_SPF_Launch_Conversions,LAL_ATC_1pct,Conversions,19052,63387,723,26,17191
2026-06-09,Barrier_Repair_Conversions,Broad_25-54,Conversions,13000,56389,583,16,13106
2026-06-09,Barrier_Repair_Conversions,Interest_SensitiveSkin,Conversions,13271,51372,537,15,11442
2026-06-09,Retargeting_AllProducts,ATC_7d,Conversions,7458,30090,650,35,25892
2026-06-09,Retargeting_AllProducts,ViewContent_14d,Conversions,9500,42253,869,51,36907
2026-06-09,Watermelon_Range_Awareness,Broad_18-34,Awareness,10301,42352,294,1,642
2026-06-09,Watermelon_Range_Awareness,Video_Viewers_LAL,Awareness,12530,53349,383,1,645
2026-06-09,Lip_Balm_Bundle_Conversions,Broad_18-44,Conversions,8106,41772,637,19,10017
2026-06-09,Lip_Balm_Bundle_Conversions,Interest_LipCare,Conversions,7062,28970,447,17,9367
2026-06-10,VitC_Serum_Conversions,Broad_25-44,Conversions,13907,62373,758,26,19024
2026-06-10,VitC_Serum_Conversions,Interest_Skincare,Conversions,15431,62523,722,24,17471
2026-06-10,VitC_Serum_Conversions,LAL_Purchasers_2pct,Conversions,15134,76953,867,27,20748
2026-06-10,Tinted_SPF_Launch_Conversions,Broad_18-34,Conversions,20310,67977,882,30,19628
2026-06-10,Tinted_SPF_Launch_Conversions,Interest_Beauty,Conversions,15239,53102,704,26,17724
2026-06-10,Tinted_SPF_Launch_Conversions,LAL_ATC_1pct,Conversions,17604,63202,767,30,20832
2026-06-10,Barrier_Repair_Conversions,Broad_25-54,Conversions,13998,63696,576,15,11848
2026-06-10,Barrier_Repair_Conversions,Interest_SensitiveSkin,Conversions,14740,72190,815,20,15510
2026-06-10,Retargeting_AllProducts,ATC_7d,Conversions,9500,44083,987,68,45069
2026-06-10,Retargeting_AllProducts,ViewContent_14d,Conversions,8944,35227,739,41,30057
2026-06-10,Watermelon_Range_Awareness,Broad_18-34,Awareness,12606,50477,403,2,1380
2026-06-10,Watermelon_Range_Awareness,Video_Viewers_LAL,Awareness,14471,60811,475,2,1312
2026-06-10,Lip_Balm_Bundle_Conversions,Broad_18-44,Conversions,8077,31725,474,14,7758
2026-06-10,Lip_Balm_Bundle_Conversions,Interest_LipCare,Conversions,7755,42215,565,19,10290
2026-06-11,VitC_Serum_Conversions,Broad_25-44,Conversions,14801,72211,813,25,19753
2026-06-11,VitC_Serum_Conversions,Interest_Skincare,Conversions,13097,63723,696,20,14857
2026-06-11,VitC_Serum_Conversions,LAL_Purchasers_2pct,Conversions,12073,66620,719,20,15238
2026-06-11,Tinted_SPF_Launch_Conversions,Broad_18-34,Conversions,18426,77157,847,29,18593
2026-06-11,Tinted_SPF_Launch_Conversions,Interest_Beauty,Conversions,19682,91194,1021,33,22628
2026-06-11,Tinted_SPF_Launch_Conversions,LAL_ATC_1pct,Conversions,17269,68265,795,25,17290
2026-06-11,Barrier_Repair_Conversions,Broad_25-54,Conversions,12872,66241,603,16,13297
2026-06-11,Barrier_Repair_Conversions,Interest_SensitiveSkin,Conversions,15501,67599,745,22,17566
2026-06-11,Retargeting_AllProducts,ATC_7d,Conversions,9500,42662,941,61,46182
2026-06-11,Retargeting_AllProducts,ViewContent_14d,Conversions,9500,38771,807,44,33076
2026-06-11,Watermelon_Range_Awareness,Broad_18-34,Awareness,12357,52180,387,2,1314
2026-06-11,Watermelon_Range_Awareness,Video_Viewers_LAL,Awareness,11293,49236,344,2,1396
2026-06-11,Lip_Balm_Bundle_Conversions,Broad_18-44,Conversions,7209,29652,462,17,9671
2026-06-11,Lip_Balm_Bundle_Conversions,Interest_LipCare,Conversions,7374,35431,468,16,8593
2026-06-12,VitC_Serum_Conversions,Broad_25-44,Conversions,12341,64886,814,26,18391
2026-06-12,VitC_Serum_Conversions,Interest_Skincare,Conversions,15600,67256,850,24,18712
2026-06-12,VitC_Serum_Conversions,LAL_Purchasers_2pct,Conversions,14165,61675,710,21,15835
2026-06-12,Tinted_SPF_Launch_Conversions,Broad_18-34,Conversions,21461,75190,858,29,19824
2026-06-12,Tinted_SPF_Launch_Conversions,Interest_Beauty,Conversions,20210,77632,898,35,22752
2026-06-12,Tinted_SPF_Launch_Conversions,LAL_ATC_1pct,Conversions,19407,73764,779,31,20886
2026-06-12,Barrier_Repair_Conversions,Broad_25-54,Conversions,15498,63059,637,18,14091
2026-06-12,Barrier_Repair_Conversions,Interest_SensitiveSkin,Conversions,17462,71236,651,16,13618
2026-06-12,Retargeting_AllProducts,ATC_7d,Conversions,8608,45970,964,62,45974
2026-06-12,Retargeting_AllProducts,ViewContent_14d,Conversions,9500,52773,1215,78,52641
2026-06-12,Watermelon_Range_Awareness,Broad_18-34,Awareness,10921,48275,364,2,1264
2026-06-12,Watermelon_Range_Awareness,Video_Viewers_LAL,Awareness,13317,52623,377,2,1284
2026-06-12,Lip_Balm_Bundle_Conversions,Broad_18-44,Conversions,8697,41904,615,25,12724
2026-06-12,Lip_Balm_Bundle_Conversions,Interest_LipCare,Conversions,6172,32448,540,18,9440
2026-06-13,VitC_Serum_Conversions,Broad_25-44,Conversions,14942,63240,754,20,15653
2026-06-13,VitC_Serum_Conversions,Interest_Skincare,Conversions,14885,74869,960,33,25417
2026-06-13,VitC_Serum_Conversions,LAL_Purchasers_2pct,Conversions,15083,71645,808,24,18090
2026-06-13,Tinted_SPF_Launch_Conversions,Broad_18-34,Conversions,21734,88388,1026,33,23599
2026-06-13,Tinted_SPF_Launch_Conversions,Interest_Beauty,Conversions,23046,84561,906,37,23696
2026-06-13,Tinted_SPF_Launch_Conversions,LAL_ATC_1pct,Conversions,17368,67995,702,26,17395
2026-06-13,Barrier_Repair_Conversions,Broad_25-54,Conversions,19765,92675,851,24,19559
2026-06-13,Barrier_Repair_Conversions,Interest_SensitiveSkin,Conversions,18547,95416,997,27,22169
2026-06-13,Retargeting_AllProducts,ATC_7d,Conversions,9500,48752,1011,59,42503
2026-06-13,Retargeting_AllProducts,ViewContent_14d,Conversions,9500,43154,981,56,39264
2026-06-13,Watermelon_Range_Awareness,Broad_18-34,Awareness,14233,63129,458,3,2037
2026-06-13,Watermelon_Range_Awareness,Video_Viewers_LAL,Awareness,12050,62969,470,2,1363
2026-06-13,Lip_Balm_Bundle_Conversions,Broad_18-44,Conversions,9862,45407,757,29,14735
2026-06-13,Lip_Balm_Bundle_Conversions,Interest_LipCare,Conversions,9579,40023,539,19,10921
2026-06-14,VitC_Serum_Conversions,Broad_25-44,Conversions,13298,64870,790,26,18255
2026-06-14,VitC_Serum_Conversions,Interest_Skincare,Conversions,14797,66950,842,25,18644
2026-06-14,VitC_Serum_Conversions,LAL_Purchasers_2pct,Conversions,17000,69712,807,28,20353
2026-06-14,Tinted_SPF_Launch_Conversions,Broad_18-34,Conversions,17098,61421,786,30,20431
2026-06-14,Tinted_SPF_Launch_Conversions,Interest_Beauty,Conversions,17291,80339,927,30,21640
2026-06-14,Tinted_SPF_Launch_Conversions,LAL_ATC_1pct,Conversions,22817,104608,1252,42,28372
2026-06-14,Barrier_Repair_Conversions,Broad_25-54,Conversions,18926,93469,902,22,18944
2026-06-14,Barrier_Repair_Conversions,Interest_SensitiveSkin,Conversions,13862,60973,563,14,10919
2026-06-14,Retargeting_AllProducts,ATC_7d,Conversions,9500,40243,907,52,36842
2026-06-14,Retargeting_AllProducts,ViewContent_14d,Conversions,9500,50869,1161,68,45881
2026-06-14,Watermelon_Range_Awareness,Broad_18-34,Awareness,16187,62381,429,2,1370
2026-06-14,Watermelon_Range_Awareness,Video_Viewers_LAL,Awareness,12679,64404,476,2,1363
2026-06-14,Lip_Balm_Bundle_Conversions,Broad_18-44,Conversions,7932,41903,648,24,12357
2026-06-14,Lip_Balm_Bundle_Conversions,Interest_LipCare,Conversions,8094,33696,480,18,9764
2026-06-15,VitC_Serum_Conversions,Broad_25-44,Conversions,13394,69902,865,26,20484
2026-06-15,VitC_Serum_Conversions,Interest_Skincare,Conversions,11540,49256,640,19,15151
2026-06-15,VitC_Serum_Conversions,LAL_Purchasers_2pct,Conversions,14922,64597,678,23,18327
2026-06-15,Tinted_SPF_Launch_Conversions,Broad_18-34,Conversions,17883,73841,939,37,24161
2026-06-15,Tinted_SPF_Launch_Conversions,Interest_Beauty,Conversions,15682,55367,663,23,16066
2026-06-15,Tinted_SPF_Launch_Conversions,LAL_ATC_1pct,Conversions,19880,82008,968,31,21482
2026-06-15,Barrier_Repair_Conversions,Broad_25-54,Conversions,13272,53832,555,16,12224
2026-06-15,Barrier_Repair_Conversions,Interest_SensitiveSkin,Conversions,12828,64932,599,16,12722
2026-06-15,Retargeting_AllProducts,ATC_7d,Conversions,8006,31384,583,31,22493
2026-06-15,Retargeting_AllProducts,ViewContent_14d,Conversions,9500,40144,934,60,40334
2026-06-15,Watermelon_Range_Awareness,Broad_18-34,Awareness,14104,55970,382,2,1332
2026-06-15,Watermelon_Range_Awareness,Video_Viewers_LAL,Awareness,14602,72913,598,3,1971
2026-06-15,Lip_Balm_Bundle_Conversions,Broad_18-44,Conversions,8678,42935,665,26,13896
2026-06-15,Lip_Balm_Bundle_Conversions,Interest_LipCare,Conversions,8589,44513,711,24,12187
2026-06-16,VitC_Serum_Conversions,Broad_25-44,Conversions,15397,83312,955,28,22310
2026-06-16,VitC_Serum_Conversions,Interest_Skincare,Conversions,12814,50391,586,18,13690
2026-06-16,VitC_Serum_Conversions,LAL_Purchasers_2pct,Conversions,12379,51260,603,16,11512
2026-06-16,Tinted_SPF_Launch_Conversions,Broad_18-34,Conversions,19279,87278,1102,42,26655
2026-06-16,Tinted_SPF_Launch_Conversions,Interest_Beauty,Conversions,18804,63666,688,24,15404
2026-06-16,Tinted_SPF_Launch_Conversions,LAL_ATC_1pct,Conversions,19260,81535,1034,39,27062
2026-06-16,Barrier_Repair_Conversions,Broad_25-54,Conversions,17185,67340,699,19,15560
2026-06-16,Barrier_Repair_Conversions,Interest_SensitiveSkin,Conversions,14655,60349,666,20,16492
2026-06-16,Retargeting_AllProducts,ATC_7d,Conversions,7391,33814,787,53,37984
2026-06-16,Retargeting_AllProducts,ViewContent_14d,Conversions,9500,44800,908,59,42666
2026-06-16,Watermelon_Range_Awareness,Broad_18-34,Awareness,14565,56699,383,2,1242
2026-06-16,Watermelon_Range_Awareness,Video_Viewers_LAL,Awareness,12318,63454,506,3,1852
2026-06-16,Lip_Balm_Bundle_Conversions,Broad_18-44,Conversions,7187,28552,397,15,8248
2026-06-16,Lip_Balm_Bundle_Conversions,Interest_LipCare,Conversions,7120,29812,403,15,7692
2026-06-17,VitC_Serum_Conversions,Broad_25-44,Conversions,12453,56827,705,22,15470
2026-06-17,VitC_Serum_Conversions,Interest_Skincare,Conversions,14204,57568,647,20,14874
2026-06-17,VitC_Serum_Conversions,LAL_Purchasers_2pct,Conversions,16499,67890,712,19,13320
2026-06-17,Tinted_SPF_Launch_Conversions,Broad_18-34,Conversions,15813,62084,761,28,19371
2026-06-17,Tinted_SPF_Launch_Conversions,Interest_Beauty,Conversions,20803,69675,729,26,16412
2026-06-17,Tinted_SPF_Launch_Conversions,LAL_ATC_1pct,Conversions,15968,53595,635,22,13906
2026-06-17,Barrier_Repair_Conversions,Broad_25-54,Conversions,16087,87430,812,20,15958
2026-06-17,Barrier_Repair_Conversions,Interest_SensitiveSkin,Conversions,16586,72974,736,18,15417
2026-06-17,Retargeting_AllProducts,ATC_7d,Conversions,7725,39082,820,55,40714
2026-06-17,Retargeting_AllProducts,ViewContent_14d,Conversions,8761,37396,844,59,40859
2026-06-17,Watermelon_Range_Awareness,Broad_18-34,Awareness,14641,59297,452,2,1374
2026-06-17,Watermelon_Range_Awareness,Video_Viewers_LAL,Awareness,13689,72176,553,3,1881
2026-06-17,Lip_Balm_Bundle_Conversions,Broad_18-44,Conversions,7271,33803,532,19,10871
2026-06-17,Lip_Balm_Bundle_Conversions,Interest_LipCare,Conversions,6260,27336,372,14,7854
2026-06-18,VitC_Serum_Conversions,Broad_25-44,Conversions,11559,59473,699,18,12707
2026-06-18,VitC_Serum_Conversions,Interest_Skincare,Conversions,14765,60364,778,23,17884
2026-06-18,VitC_Serum_Conversions,LAL_Purchasers_2pct,Conversions,14969,67476,740,23,17015
2026-06-18,Tinted_SPF_Launch_Conversions,Broad_18-34,Conversions,21225,92700,1081,33,22275
2026-06-18,Tinted_SPF_Launch_Conversions,Interest_Beauty,Conversions,21305,87040,1019,39,24499
2026-06-18,Tinted_SPF_Launch_Conversions,LAL_ATC_1pct,Conversions,16589,75056,774,28,18535
2026-06-18,Barrier_Repair_Conversions,Broad_25-54,Conversions,16410,67915,699,17,14251
2026-06-18,Barrier_Repair_Conversions,Interest_SensitiveSkin,Conversions,13793,58737,555,16,13981
2026-06-18,Retargeting_AllProducts,ATC_7d,Conversions,8917,48607,941,61,44188
2026-06-18,Retargeting_AllProducts,ViewContent_14d,Conversions,8304,33973,702,41,30163
2026-06-18,Watermelon_Range_Awareness,Broad_18-34,Awareness,10445,53820,426,2,1373
2026-06-18,Watermelon_Range_Awareness,Video_Viewers_LAL,Awareness,12433,52301,356,2,1337
2026-06-18,Lip_Balm_Bundle_Conversions,Broad_18-44,Conversions,7030,34117,477,18,10100
2026-06-18,Lip_Balm_Bundle_Conversions,Interest_LipCare,Conversions,7031,28168,383,14,7428
2026-06-19,VitC_Serum_Conversions,Broad_25-44,Conversions,12592,50120,587,18,12812
2026-06-19,VitC_Serum_Conversions,Interest_Skincare,Conversions,16157,84628,987,29,22389
2026-06-19,VitC_Serum_Conversions,LAL_Purchasers_2pct,Conversions,14665,77114,1013,28,21536
2026-06-19,Tinted_SPF_Launch_Conversions,Broad_18-34,Conversions,15427,60334,622,24,15454
2026-06-19,Tinted_SPF_Launch_Conversions,Interest_Beauty,Conversions,17301,60296,744,27,18577
2026-06-19,Tinted_SPF_Launch_Conversions,LAL_ATC_1pct,Conversions,19069,65058,677,27,17170
2026-06-19,Barrier_Repair_Conversions,Broad_25-54,Conversions,16928,74464,757,24,20608
2026-06-19,Barrier_Repair_Conversions,Interest_SensitiveSkin,Conversions,13808,69130,744,22,17604
2026-06-19,Retargeting_AllProducts,ATC_7d,Conversions,9257,48236,1108,70,50213
2026-06-19,Retargeting_AllProducts,ViewContent_14d,Conversions,7396,33982,795,42,30941
2026-06-19,Watermelon_Range_Awareness,Broad_18-34,Awareness,10401,42655,322,1,690
2026-06-19,Watermelon_Range_Awareness,Video_Viewers_LAL,Awareness,12286,67880,477,2,1363
2026-06-19,Lip_Balm_Bundle_Conversions,Broad_18-44,Conversions,8715,37594,517,17,8654
2026-06-19,Lip_Balm_Bundle_Conversions,Interest_LipCare,Conversions,7445,29945,431,16,8939
2026-06-20,VitC_Serum_Conversions,Broad_25-44,Conversions,12995,51994,606,20,14782
2026-06-20,VitC_Serum_Conversions,Interest_Skincare,Conversions,17316,75068,858,26,20457
2026-06-20,VitC_Serum_Conversions,LAL_Purchasers_2pct,Conversions,13257,72592,937,27,20013
2026-06-20,Tinted_SPF_Launch_Conversions,Broad_18-34,Conversions,18832,65401,813,29,20363
2026-06-20,Tinted_SPF_Launch_Conversions,Interest_Beauty,Conversions,17436,79986,981,37,26532
2026-06-20,Tinted_SPF_Launch_Conversions,LAL_ATC_1pct,Conversions,21824,88223,1083,34,23333
2026-06-20,Barrier_Repair_Conversions,Broad_25-54,Conversions,15987,86248,811,23,19413
2026-06-20,Barrier_Repair_Conversions,Interest_SensitiveSkin,Conversions,15014,79404,903,23,18803
2026-06-20,Retargeting_AllProducts,ATC_7d,Conversions,9500,48276,1033,72,52874
2026-06-20,Retargeting_AllProducts,ViewContent_14d,Conversions,9084,38749,784,45,30953
2026-06-20,Watermelon_Range_Awareness,Broad_18-34,Awareness,11799,53118,383,2,1250
2026-06-20,Watermelon_Range_Awareness,Video_Viewers_LAL,Awareness,15058,74035,579,3,2014
2026-06-20,Lip_Balm_Bundle_Conversions,Broad_18-44,Conversions,9307,36459,610,23,11665
2026-06-20,Lip_Balm_Bundle_Conversions,Interest_LipCare,Conversions,9585,38060,570,17,8908
2026-06-21,VitC_Serum_Conversions,Broad_25-44,Conversions,18258,77439,828,23,17218
2026-06-21,VitC_Serum_Conversions,Interest_Skincare,Conversions,17797,87473,1037,33,26342
2026-06-21,VitC_Serum_Conversions,LAL_Purchasers_2pct,Conversions,15914,73843,794,23,17576
2026-06-21,Tinted_SPF_Launch_Conversions,Broad_18-34,Conversions,18992,80744,807,32,22953
2026-06-21,Tinted_SPF_Launch_Conversions,Interest_Beauty,Conversions,21603,78722,861,29,19099
2026-06-21,Tinted_SPF_Launch_Conversions,LAL_ATC_1pct,Conversions,21223,83101,972,38,24946
2026-06-21,Barrier_Repair_Conversions,Broad_25-54,Conversions,14574,72579,791,19,15546
2026-06-21,Barrier_Repair_Conversions,Interest_SensitiveSkin,Conversions,19647,94343,1024,24,19559
2026-06-21,Retargeting_AllProducts,ATC_7d,Conversions,8869,43729,1011,66,49964
2026-06-21,Retargeting_AllProducts,ViewContent_14d,Conversions,9500,49407,1085,70,47876
2026-06-21,Watermelon_Range_Awareness,Broad_18-34,Awareness,11687,58194,417,2,1262
2026-06-21,Watermelon_Range_Awareness,Video_Viewers_LAL,Awareness,14315,68985,459,2,1297
2026-06-21,Lip_Balm_Bundle_Conversions,Broad_18-44,Conversions,8521,33593,467,15,7992
2026-06-21,Lip_Balm_Bundle_Conversions,Interest_LipCare,Conversions,8398,40843,566,20,10050
2026-06-22,VitC_Serum_Conversions,Broad_25-44,Conversions,15202,64296,845,24,17910
2026-06-22,VitC_Serum_Conversions,Interest_Skincare,Conversions,12941,57285,747,26,18512
2026-06-22,VitC_Serum_Conversions,LAL_Purchasers_2pct,Conversions,14329,60939,789,24,18559
2026-06-22,Tinted_SPF_Launch_Conversions,Broad_18-34,Conversions,20974,86369,876,32,21303
2026-06-22,Tinted_SPF_Launch_Conversions,Interest_Beauty,Conversions,20583,94062,1031,32,22027
2026-06-22,Tinted_SPF_Launch_Conversions,LAL_ATC_1pct,Conversions,18884,78688,815,33,20786
2026-06-22,Barrier_Repair_Conversions,Broad_25-54,Conversions,15207,81327,818,24,19712
2026-06-22,Barrier_Repair_Conversions,Interest_SensitiveSkin,Conversions,13350,52256,509,14,12136
2026-06-22,Retargeting_AllProducts,ATC_7d,Conversions,8550,40797,784,53,36960
2026-06-22,Retargeting_AllProducts,ViewContent_14d,Conversions,8302,33216,672,47,31443
2026-06-22,Watermelon_Range_Awareness,Broad_18-34,Awareness,13525,55364,409,2,1281
2026-06-22,Watermelon_Range_Awareness,Video_Viewers_LAL,Awareness,13876,55124,460,2,1253
2026-06-22,Lip_Balm_Bundle_Conversions,Broad_18-44,Conversions,7735,35488,485,15,8517
2026-06-22,Lip_Balm_Bundle_Conversions,Interest_LipCare,Conversions,8814,36649,498,20,10178
2026-06-23,VitC_Serum_Conversions,Broad_25-44,Conversions,13544,60337,782,23,17734
2026-06-23,VitC_Serum_Conversions,Interest_Skincare,Conversions,15286,72605,782,21,15848
2026-06-23,VitC_Serum_Conversions,LAL_Purchasers_2pct,Conversions,11693,57230,728,24,18125
2026-06-23,Tinted_SPF_Launch_Conversions,Broad_18-34,Conversions,18092,75704,741,22,15798
2026-06-23,Tinted_SPF_Launch_Conversions,Interest_Beauty,Conversions,20539,68715,754,28,18681
2026-06-23,Tinted_SPF_Launch_Conversions,LAL_ATC_1pct,Conversions,18280,81116,936,31,20272
2026-06-23,Barrier_Repair_Conversions,Broad_25-54,Conversions,17669,78015,713,21,17378
2026-06-23,Barrier_Repair_Conversions,Interest_SensitiveSkin,Conversions,16989,72128,758,21,16303
2026-06-23,Retargeting_AllProducts,ATC_7d,Conversions,9041,46835,1001,68,45296
2026-06-23,Retargeting_AllProducts,ViewContent_14d,Conversions,8416,43590,998,55,37807
2026-06-23,Watermelon_Range_Awareness,Broad_18-34,Awareness,12138,59736,492,2,1325
2026-06-23,Watermelon_Range_Awareness,Video_Viewers_LAL,Awareness,14463,74301,559,3,1868
2026-06-23,Lip_Balm_Bundle_Conversions,Broad_18-44,Conversions,8182,33240,510,20,11080
2026-06-23,Lip_Balm_Bundle_Conversions,Interest_LipCare,Conversions,6963,37102,589,22,12013
2026-06-24,VitC_Serum_Conversions,Broad_25-44,Conversions,15630,74482,776,24,17938
2026-06-24,VitC_Serum_Conversions,Interest_Skincare,Conversions,13195,68594,889,24,17274
2026-06-24,VitC_Serum_Conversions,LAL_Purchasers_2pct,Conversions,12430,50421,651,20,15034
2026-06-24,Tinted_SPF_Launch_Conversions,Broad_18-34,Conversions,18545,82327,915,35,23494
2026-06-24,Tinted_SPF_Launch_Conversions,Interest_Beauty,Conversions,15538,59738,706,28,18401
2026-06-24,Tinted_SPF_Launch_Conversions,LAL_ATC_1pct,Conversions,17426,64220,758,30,20997
2026-06-24,Barrier_Repair_Conversions,Broad_25-54,Conversions,14147,57703,618,14,11034
2026-06-24,Barrier_Repair_Conversions,Interest_SensitiveSkin,Conversions,16927,89075,830,21,16329
2026-06-24,Retargeting_AllProducts,ATC_7d,Conversions,7635,40998,900,60,44238
2026-06-24,Retargeting_AllProducts,ViewContent_14d,Conversions,9500,39023,729,39,27742
2026-06-24,Watermelon_Range_Awareness,Broad_18-34,Awareness,10517,56755,386,2,1351
2026-06-24,Watermelon_Range_Awareness,Video_Viewers_LAL,Awareness,13645,69466,556,3,2091
2026-06-24,Lip_Balm_Bundle_Conversions,Broad_18-44,Conversions,6649,26845,394,12,6881
2026-06-24,Lip_Balm_Bundle_Conversions,Interest_LipCare,Conversions,8712,39589,581,18,10031
2026-06-25,VitC_Serum_Conversions,Broad_25-44,Conversions,12699,56127,673,18,12565
2026-06-25,VitC_Serum_Conversions,Interest_Skincare,Conversions,12574,49869,544,15,11293
2026-06-25,VitC_Serum_Conversions,LAL_Purchasers_2pct,Conversions,16387,74372,793,22,16957
2026-06-25,Tinted_SPF_Launch_Conversions,Broad_18-34,Conversions,17452,56989,635,22,14186
2026-06-25,Tinted_SPF_Launch_Conversions,Interest_Beauty,Conversions,17375,73460,778,25,15960
2026-06-25,Tinted_SPF_Launch_Conversions,LAL_ATC_1pct,Conversions,21532,94530,938,29,20294
2026-06-25,Barrier_Repair_Conversions,Broad_25-54,Conversions,16106,78087,807,19,14742
2026-06-25,Barrier_Repair_Conversions,Interest_SensitiveSkin,Conversions,13832,53590,559,14,11390
2026-06-25,Retargeting_AllProducts,ATC_7d,Conversions,9175,47024,937,64,42702
2026-06-25,Retargeting_AllProducts,ViewContent_14d,Conversions,9500,48882,1020,66,50132
2026-06-25,Watermelon_Range_Awareness,Broad_18-34,Awareness,12462,53559,363,2,1243
2026-06-25,Watermelon_Range_Awareness,Video_Viewers_LAL,Awareness,10895,57910,423,2,1399
2026-06-25,Lip_Balm_Bundle_Conversions,Broad_18-44,Conversions,8790,42446,580,23,12585
2026-06-25,Lip_Balm_Bundle_Conversions,Interest_LipCare,Conversions,8825,37076,514,20,10465
2026-06-26,VitC_Serum_Conversions,Broad_25-44,Conversions,15076,62000,745,21,16046
2026-06-26,VitC_Serum_Conversions,Interest_Skincare,Conversions,13497,63559,745,23,17190
2026-06-26,VitC_Serum_Conversions,LAL_Purchasers_2pct,Conversions,12886,64410,808,22,16472
2026-06-26,Tinted_SPF_Launch_Conversions,Broad_18-34,Conversions,19181,87083,862,27,17123
2026-06-26,Tinted_SPF_Launch_Conversions,Interest_Beauty,Conversions,19509,69634,841,29,18623
2026-06-26,Tinted_SPF_Launch_Conversions,LAL_ATC_1pct,Conversions,19138,66663,653,20,14006
2026-06-26,Barrier_Repair_Conversions,Broad_25-54,Conversions,16581,75635,716,21,16645
2026-06-26,Barrier_Repair_Conversions,Interest_SensitiveSkin,Conversions,14156,55250,612,17,13026
2026-06-26,Retargeting_AllProducts,ATC_7d,Conversions,8775,42768,987,59,41165
2026-06-26,Retargeting_AllProducts,ViewContent_14d,Conversions,8869,35644,664,41,28307
2026-06-26,Watermelon_Range_Awareness,Broad_18-34,Awareness,13427,56593,423,2,1318
2026-06-26,Watermelon_Range_Awareness,Video_Viewers_LAL,Awareness,10742,45744,357,2,1333
2026-06-26,Lip_Balm_Bundle_Conversions,Broad_18-44,Conversions,7435,35184,583,21,11332
2026-06-26,Lip_Balm_Bundle_Conversions,Interest_LipCare,Conversions,8771,33968,533,18,9476
2026-06-27,VitC_Serum_Conversions,Broad_25-44,Conversions,13016,62606,658,22,17036
2026-06-27,VitC_Serum_Conversions,Interest_Skincare,Conversions,13009,69277,894,26,19052
2026-06-27,VitC_Serum_Conversions,LAL_Purchasers_2pct,Conversions,14875,74445,847,27,20642
2026-06-27,Tinted_SPF_Launch_Conversions,Broad_18-34,Conversions,21217,86665,1027,32,21109
2026-06-27,Tinted_SPF_Launch_Conversions,Interest_Beauty,Conversions,16983,56927,588,20,13629
2026-06-27,Tinted_SPF_Launch_Conversions,LAL_ATC_1pct,Conversions,23501,86417,880,33,23790
2026-06-27,Barrier_Repair_Conversions,Broad_25-54,Conversions,16061,65642,651,18,13934
2026-06-27,Barrier_Repair_Conversions,Interest_SensitiveSkin,Conversions,17859,74044,725,20,16032
2026-06-27,Retargeting_AllProducts,ATC_7d,Conversions,9500,43229,878,53,39460
2026-06-27,Retargeting_AllProducts,ViewContent_14d,Conversions,9500,46800,1063,66,43892
2026-06-27,Watermelon_Range_Awareness,Broad_18-34,Awareness,16501,68917,504,2,1245
2026-06-27,Watermelon_Range_Awareness,Video_Viewers_LAL,Awareness,15735,84877,574,3,2063
2026-06-27,Lip_Balm_Bundle_Conversions,Broad_18-44,Conversions,8325,35865,510,20,10500
2026-06-27,Lip_Balm_Bundle_Conversions,Interest_LipCare,Conversions,9320,47547,716,26,13848
