campaign_id,brand,product_category,ad_platform,ad_format,target_audience,region,campaign_type,device,season,date,impressions,clicks,ctr,spend,conversions,conversion_rate,revenue,roas,cpm,cpc,engagement_rate,video_completion_rate,bounce_rate,avg_session_duration
CAMP-2024-00001,Anastasia Beverly Hills,Anti-Aging,Twitter/X,Collection,Teens,Eastern Europe,Retargeting,Desktop,Summer,2025-12-24,87634,6674,7.62,31368.16,716,10.73,140281.32,4.47,357.95,4.7,11.58,33.5,59.08,240.96
CAMP-2024-00002,Avon,Anti-Aging,YouTube,Reels,Women 35-44,Southeast Asia,New Customer Acquisition,Tablet,Holiday,2026-01-08,3407478,80702,2.37,49925.41,2333,2.89,499391.27,10.0,14.65,0.62,5.16,66.56,35.47,282.94
CAMP-2024-00003,Nivea,Haircare,Facebook,Banner,Women 35-44,Eastern Europe,Loyalty Program,Desktop,Winter,2025-11-04,87097,1544,1.77,890.77,26,1.69,800.41,0.9,10.23,0.58,5.17,24.07,67.97,195.76
CAMP-2024-00004,Procter & Gamble,Men's Grooming,LinkedIn,In-Feed,Parents,Oceania,New Customer Acquisition,Connected TV,Winter,2026-07-20,20406,632,3.1,1661.25,8,1.3,582.51,0.35,81.41,2.63,6.87,0,73.08,198.54
CAMP-2024-00005,Tarte,Fragrance,Facebook,Single Image,Women 55+,Oceania,New Customer Acquisition,Desktop,Back to School,2026-07-19,258073,15490,6.0,75725.63,2322,14.99,372893.76,4.92,293.43,4.89,7.9,67.85,64.32,46.26
CAMP-2024-00006,Coty,Makeup,Google Ads,Story,Professionals,Central America,Loyalty Program,Tablet,Summer,2026-01-14,16598,1263,7.61,701.64,74,5.9,2634.94,3.76,42.27,0.56,2.9,63.43,58.91,40.07
CAMP-2024-00007,Revlon,Haircare,Facebook,Reels,Women 55+,Asia Pacific,Influencer Collaboration,Tablet,Back to School,2025-12-28,58910,907,1.54,2676.09,78,8.61,5912.67,2.21,45.43,2.95,5.65,0,20.66,86.33
CAMP-2024-00008,Revlon,Fragrance,TikTok,Carousel,Young Adults,Middle East,Influencer Collaboration,Tablet,Back to School,2026-04-01,115510,5375,4.65,13820.43,166,3.1,26450.49,1.91,119.65,2.57,4.4,62.86,27.12,56.03
CAMP-2024-00009,Guerlain,Makeup,YouTube,Single Image,Women 55+,Europe,Influencer Collaboration,Mobile,Spring,2026-08-06,620619,45866,7.39,181115.17,4557,9.94,113972.63,0.63,291.83,3.95,9.82,54.25,40.88,176.83
CAMP-2024-00010,Procter & Gamble,Fragrance,Instagram,Reels,Men 45-54,Eastern Europe,Seasonal Promotion,Connected TV,Winter,2026-07-06,21765,1315,6.04,781.22,83,6.34,17677.73,22.63,35.89,0.59,6.79,73.14,59.02,154.87
CAMP-2024-00011,Givenchy,Premium/Luxury,Instagram,In-Feed,Women 25-34,Oceania,Product Launch,Desktop,Holiday,2026-04-12,120570,2383,1.98,5829.77,200,8.41,48441.27,8.31,48.35,2.45,3.7,45.86,72.76,230.21
CAMP-2024-00012,NYX,Premium/Luxury,Instagram,Video,Women 18-24,Oceania,Seasonal Promotion,Mobile,Holiday,2026-07-01,760551,12813,1.68,20014.55,866,6.76,187527.07,9.37,26.32,1.56,10.29,60.62,57.07,239.29
CAMP-2024-00013,Chanel,Premium/Luxury,Google Ads,In-Feed,Women 55+,Asia Pacific,Seasonal Promotion,Mobile,Back to School,2026-09-27,15382,210,1.37,820.48,9,4.45,904.5,1.1,53.34,3.91,7.69,75.0,40.52,201.58
CAMP-2024-00014,Shiseido,Anti-Aging,Facebook,Banner,Women 45-54,Oceania,Brand Awareness,Desktop,Black Friday,2026-01-11,381790,22556,5.91,19494.21,1895,8.4,346928.25,17.8,51.06,0.86,5.79,0,44.36,61.36
CAMP-2024-00015,Anastasia Beverly Hills,Sun Care,Pinterest,Carousel,Women 18-24,Asia Pacific,Loyalty Program,Connected TV,Summer,2025-10-23,20799,426,2.05,1463.62,43,10.12,2869.61,1.96,70.37,3.44,6.22,0,62.21,261.94
CAMP-2024-00016,Chanel,Makeup,Twitter/X,Native,Women 18-24,Central America,Retargeting,Connected TV,Summer,2026-02-27,224687,7773,3.46,33738.85,1062,13.67,154399.86,4.58,150.16,4.34,2.61,53.94,59.74,279.38
CAMP-2024-00017,NYX,Personal Care,Programmatic Display,Video,Men 18-24,Europe,New Customer Acquisition,Mobile,Fall,2026-01-02,170688,9113,5.34,39022.42,1181,12.96,139751.86,3.58,228.62,4.28,0.54,40.58,63.41,109.37
CAMP-2024-00018,Anastasia Beverly Hills,Sun Care,Instagram,Collection,Men 55+,Europe,Product Launch,Connected TV,Valentine's Day,2026-03-20,222604,15621,7.02,28219.25,1301,8.33,52505.93,1.86,126.77,1.81,1.77,53.32,76.12,109.46
CAMP-2024-00019,Revlon,Makeup,Pinterest,Story,Men 35-44,Europe,Seasonal Promotion,Desktop,Fall,2026-01-17,861989,41074,4.77,204115.86,1432,3.49,375935.09,1.84,236.8,4.97,7.01,0,64.35,232.88
CAMP-2024-00020,Shiseido,Haircare,Programmatic Display,Collection,Women 45-54,Africa,Influencer Collaboration,Mobile,Valentine's Day,2025-10-27,18651,338,1.82,890.63,8,2.57,2117.08,2.38,47.75,2.64,0.57,78.25,44.06,194.96
CAMP-2024-00021,Coty,Skincare,Pinterest,In-Feed,Women 55+,Middle East,Loyalty Program,Desktop,Holiday,2026-05-16,546812,34786,6.36,23621.94,4015,11.54,1372964.1,58.12,43.2,0.68,10.83,34.55,55.85,202.11
CAMP-2024-00022,Coty,Sun Care,Pinterest,Reels,Men 55+,Africa,Seasonal Promotion,Desktop,Valentine's Day,2025-10-25,137837,5594,4.06,25482.18,443,7.93,56094.54,2.2,184.87,4.56,9.07,28.56,59.61,163.16
CAMP-2024-00023,Nivea,Personal Care,Instagram,Banner,Seniors,Central America,Seasonal Promotion,Connected TV,Black Friday,2025-12-02,60620,1193,1.97,1292.03,36,3.04,5115.32,3.96,21.31,1.08,11.28,39.04,51.69,213.26
CAMP-2024-00024,Garnier,Personal Care,Instagram,Search,Men 18-24,Africa,Cart Abandonment,Desktop,Fall,2026-08-07,12789,505,3.96,1242.6,8,1.7,2297.39,1.85,97.16,2.46,10.43,55.91,36.21,222.66
CAMP-2024-00025,Procter & Gamble,Skincare,Instagram,In-Feed,Women 18-24,Middle East,Product Launch,Tablet,Valentine's Day,2025-11-06,780246,52114,6.68,233659.07,4622,8.87,686604.39,2.94,299.47,4.48,10.41,0,59.19,266.54
CAMP-2024-00026,Too Faced,Personal Care,Google Ads,Banner,Men 55+,Central America,Brand Awareness,Connected TV,Fall,2026-03-22,103360,7769,7.52,38181.47,990,12.75,41647.53,1.09,369.4,4.91,11.65,34.52,38.49,179.86
CAMP-2024-00027,Guerlain,Skincare,Programmatic Display,Banner,Teens,Latin America,Flash Sale,Connected TV,Spring,2026-01-24,232591,15056,6.47,31311.62,208,1.38,31410.38,1.0,134.62,2.08,0.75,0,49.7,254.92
CAMP-2024-00028,Dior,Anti-Aging,LinkedIn,Native,Men 35-44,Africa,Cart Abandonment,Mobile,Fall,2025-11-28,38658,565,1.46,241.45,59,10.57,3327.99,13.78,6.25,0.43,1.91,84.54,32.89,202.12
CAMP-2024-00029,Guerlain,Makeup,Snapchat,Reels,Men 25-34,Oceania,Influencer Collaboration,Connected TV,Spring,2026-03-18,101269,4075,4.02,2716.51,176,4.33,30342.96,11.17,26.82,0.67,2.61,72.23,42.24,183.05
CAMP-2024-00030,Benefit,Sun Care,LinkedIn,Collection,Women 25-34,North America,Product Launch,Tablet,Holiday,2025-10-25,41790,2074,4.96,4509.45,189,9.16,9894.15,2.19,107.91,2.17,7.32,61.54,30.25,251.8
CAMP-2024-00031,Maybelline,Premium/Luxury,LinkedIn,Collection,Men 35-44,Middle East,Cart Abandonment,Mobile,Back to School,2026-01-01,107164,7890,7.36,1375.46,695,8.81,121625.53,88.43,12.84,0.17,2.39,0,33.15,174.75
CAMP-2024-00032,Anastasia Beverly Hills,Fragrance,LinkedIn,In-Feed,Seniors,Middle East,Product Launch,Mobile,Winter,2026-07-12,517902,4437,0.86,14226.75,605,13.64,80923.3,5.69,27.47,3.21,3.15,60.61,54.15,216.41
CAMP-2024-00033,Anastasia Beverly Hills,Anti-Aging,Twitter/X,Carousel,Women 35-44,Southeast Asia,Lookalike Audience,Connected TV,Winter,2025-10-31,94035,5818,6.19,24792.32,823,14.15,282682.17,11.4,263.65,4.26,3.62,81.78,69.74,127.91
CAMP-2024-00034,Lancome,Premium/Luxury,TikTok,Search,Men 25-34,Europe,Loyalty Program,Desktop,Valentine's Day,2026-03-12,28542,1724,6.04,2713.58,195,11.33,10342.61,3.81,95.07,1.57,11.98,0,32.33,214.85
CAMP-2024-00035,Anastasia Beverly Hills,Organic/Natural,Pinterest,Video,Men 35-44,Oceania,Retargeting,Desktop,Holiday,2026-01-08,38016,1405,3.7,3018.49,118,8.45,14853.2,4.92,79.4,2.15,10.99,58.76,77.51,190.15
CAMP-2024-00036,Lancome,Haircare,Pinterest,Native,Women 25-34,Southeast Asia,Seasonal Promotion,Connected TV,Black Friday,2025-12-14,123710,9365,7.57,45680.7,1169,12.49,305897.52,6.7,369.26,4.88,2.5,53.64,76.85,134.3
CAMP-2024-00037,Maybelline,Men's Grooming,LinkedIn,Collection,Women 25-34,Middle East,Product Launch,Tablet,Spring,2026-09-29,169938,3495,2.06,3668.52,137,3.94,47925.56,13.06,21.59,1.05,11.67,0,73.89,286.23
CAMP-2024-00038,Tarte,Anti-Aging,Programmatic Display,Search,Men 25-34,North America,Influencer Collaboration,Connected TV,Valentine's Day,2026-05-31,234938,10969,4.67,30548.73,350,3.19,24243.98,0.79,130.03,2.79,4.09,0,35.33,169.42
CAMP-2024-00039,Procter & Gamble,Makeup,Snapchat,Video,Men 25-34,Europe,New Customer Acquisition,Mobile,Back to School,2026-04-25,346916,21433,6.18,21186.37,300,1.4,92006.9,4.34,61.07,0.99,6.02,80.49,59.13,241.95
CAMP-2024-00040,Olay,Anti-Aging,TikTok,Reels,Professionals,Africa,Flash Sale,Mobile,Holiday,2025-10-25,6542493,65561,1.0,42822.43,1343,2.05,78801.86,1.84,6.55,0.65,11.93,37.1,77.0,112.19
CAMP-2024-00041,Anastasia Beverly Hills,Skincare,Pinterest,Video,Women 25-34,Southeast Asia,Brand Awareness,Connected TV,Back to School,2026-09-12,45976,3275,7.12,7135.92,292,8.92,83464.07,11.7,155.21,2.18,4.76,51.48,33.08,240.77
CAMP-2024-00042,Anastasia Beverly Hills,Personal Care,Pinterest,Single Image,Men 18-24,Middle East,Retargeting,Mobile,Spring,2026-08-07,6006,433,7.22,1649.32,46,10.7,14149.94,8.58,274.61,3.81,1.56,53.74,67.5,226.66
CAMP-2024-00043,Estee Lauder,Makeup,YouTube,In-Feed,Teens,North America,New Customer Acquisition,Tablet,Summer,2026-03-01,50509,1352,2.68,1665.38,198,14.66,60704.78,36.45,32.97,1.23,9.09,0,21.94,248.73
CAMP-2024-00044,MAC,Skincare,Instagram,Native,Young Adults,Eastern Europe,Loyalty Program,Connected TV,Spring,2026-02-11,123838,3475,2.81,17040.34,181,5.22,35515.42,2.08,137.6,4.9,9.53,0,71.8,83.74
CAMP-2024-00045,Neutrogena,Personal Care,Twitter/X,Single Image,Women 55+,North America,Brand Awareness,Desktop,Black Friday,2026-02-11,1284278,37082,2.89,115601.15,4197,11.32,911547.38,7.89,90.01,3.12,1.26,77.62,74.54,268.99
CAMP-2024-00046,Estee Lauder,Premium/Luxury,Instagram,Collection,Teens,Asia Pacific,Product Launch,Mobile,Holiday,2026-04-01,315592,19589,6.21,23014.06,2920,14.91,118123.06,5.13,72.92,1.17,2.91,68.15,53.2,72.11
CAMP-2024-00047,Benefit,Personal Care,LinkedIn,Search,Women 25-34,Middle East,Retargeting,Tablet,Winter,2025-11-06,388218,5657,1.46,9916.36,276,4.88,66205.37,6.68,25.54,1.75,7.1,71.96,79.21,136.8
CAMP-2024-00048,Mary Kay,Skincare,Instagram,In-Feed,Parents,Southeast Asia,Seasonal Promotion,Mobile,Winter,2026-01-01,545441,19341,3.55,42144.46,2132,11.03,603854.09,14.33,77.27,2.18,10.48,70.5,20.49,91.08
CAMP-2024-00049,Shiseido,Organic/Natural,Twitter/X,Search,Parents,Europe,Influencer Collaboration,Connected TV,Fall,2026-07-02,40811,3188,7.81,890.74,358,11.23,50493.21,56.69,21.83,0.28,6.57,30.17,52.67,114.07
CAMP-2024-00050,Olay,Anti-Aging,Facebook,Collection,Women 35-44,North America,Loyalty Program,Tablet,Winter,2026-04-06,444466,12783,2.88,28689.45,394,3.09,47665.69,1.66,64.55,2.24,8.15,21.25,34.05,32.97
CAMP-2024-00051,Givenchy,Anti-Aging,YouTube,In-Feed,Women 45-54,Southeast Asia,New Customer Acquisition,Connected TV,Spring,2026-08-15,647153,32530,5.03,92826.36,2374,7.3,801971.07,8.64,143.44,2.85,9.83,43.81,49.79,259.33
CAMP-2024-00052,Nivea,Men's Grooming,LinkedIn,Banner,Women 18-24,Southeast Asia,Lookalike Audience,Desktop,Back to School,2025-12-13,420582,16980,4.04,33223.6,1961,11.55,227882.66,6.86,78.99,1.96,10.05,0,79.35,55.18
CAMP-2024-00053,Huda Beauty,Men's Grooming,Twitter/X,Search,Men 25-34,Southeast Asia,Loyalty Program,Tablet,Winter,2026-01-30,49116,1704,3.47,1095.67,198,11.66,7428.94,6.78,22.31,0.64,2.04,77.15,51.36,261.5
CAMP-2024-00054,Revlon,Makeup,Twitter/X,Video,Women 55+,Latin America,New Customer Acquisition,Mobile,Fall,2026-06-19,183254,4386,2.39,8183.35,640,14.6,157942.93,19.3,44.66,1.87,4.65,44.53,29.49,35.23
CAMP-2024-00055,Dior,Fragrance,Programmatic Display,Collection,Women 35-44,Southeast Asia,Brand Awareness,Mobile,Back to School,2025-10-12,89595,4321,4.82,17202.05,230,5.33,55002.46,3.2,192.0,3.98,0.75,68.76,33.45,96.94
CAMP-2024-00056,Guerlain,Sun Care,Snapchat,Single Image,Women 55+,North America,Retargeting,Mobile,Summer,2026-04-19,1722232,45142,2.62,94571.51,2725,6.04,713737.36,7.55,54.91,2.09,6.73,0,78.69,78.6
CAMP-2024-00057,Oriflame,Personal Care,Google Ads,Native,Women 55+,Latin America,New Customer Acquisition,Mobile,Summer,2026-02-22,787014,59850,7.6,174433.22,7029,11.74,2343503.95,13.43,221.64,2.91,11.96,0,59.16,273.77
CAMP-2024-00058,Clinique,Personal Care,LinkedIn,Story,Young Adults,Africa,Flash Sale,Desktop,Black Friday,2025-11-30,12739,730,5.74,1455.33,85,11.77,20028.9,13.76,114.24,1.99,7.95,76.41,60.39,129.37
CAMP-2024-00059,Mary Kay,Organic/Natural,Snapchat,Carousel,Women 45-54,North America,New Customer Acquisition,Mobile,Spring,2026-08-07,386615,26278,6.8,84172.49,2357,8.97,103411.65,1.23,217.72,3.2,9.16,0,21.9,261.95
CAMP-2024-00060,Nivea,Fragrance,Twitter/X,In-Feed,Women 18-24,Middle East,Retargeting,Desktop,Fall,2026-02-22,223515,1918,0.86,2313.7,195,10.19,15446.78,6.68,10.35,1.21,9.66,44.92,32.4,81.49
CAMP-2024-00061,Oriflame,Sun Care,Pinterest,Reels,Men 25-34,Europe,Product Launch,Tablet,Summer,2025-11-29,170198,8549,5.02,36078.14,487,5.7,37157.2,1.03,211.98,4.22,4.98,39.98,55.48,225.09
CAMP-2024-00062,YSL,Premium/Luxury,Google Ads,Banner,Women 45-54,North America,Seasonal Promotion,Connected TV,Summer,2025-10-10,69918,1659,2.37,5955.09,221,13.38,53243.24,8.94,85.17,3.59,6.13,42.32,70.6,101.73
CAMP-2024-00063,Guerlain,Fragrance,Google Ads,In-Feed,Professionals,Oceania,Flash Sale,Desktop,Valentine's Day,2025-10-30,409972,15354,3.75,43369.61,1909,12.44,136988.32,3.16,105.79,2.82,0.73,41.81,56.1,162.85
CAMP-2024-00064,Mary Kay,Anti-Aging,Facebook,Native,Parents,Central America,Cart Abandonment,Connected TV,Holiday,2025-12-10,235225,10785,4.59,53279.33,1262,11.71,166571.37,3.13,226.5,4.94,6.43,70.46,50.84,54.39
CAMP-2024-00065,Maybelline,Personal Care,Instagram,Story,Women 25-34,Oceania,Flash Sale,Desktop,Black Friday,2026-01-17,166826,5437,3.26,23208.15,93,1.71,19562.85,0.84,139.12,4.27,11.85,16.94,75.85,201.99
CAMP-2024-00066,Yves Rocher,Premium/Luxury,Pinterest,Video,Men 25-34,Latin America,Retargeting,Desktop,Black Friday,2026-06-16,1006371,68632,6.82,160415.96,3080,4.49,847390.57,5.28,159.4,2.34,7.37,0,76.21,46.45
CAMP-2024-00067,YSL,Haircare,TikTok,Carousel,Women 18-24,Africa,Influencer Collaboration,Desktop,Valentine's Day,2025-12-08,2443329,134703,5.51,318455.03,13168,9.78,1939820.92,6.09,130.34,2.36,2.19,0,54.2,98.41
CAMP-2024-00068,Olay,Organic/Natural,Programmatic Display,Banner,Men 45-54,Southeast Asia,Loyalty Program,Tablet,Back to School,2025-10-06,486534,13230,2.72,20713.18,1206,9.12,322301.2,15.56,42.57,1.57,8.84,82.63,79.94,223.04
CAMP-2024-00069,Procter & Gamble,Organic/Natural,Instagram,Story,Young Adults,Southeast Asia,New Customer Acquisition,Connected TV,Winter,2026-09-01,66019,1380,2.09,2356.41,139,10.12,13091.35,5.56,35.69,1.71,1.69,38.04,60.85,129.51
CAMP-2024-00070,Nivea,Makeup,Facebook,Collection,Teens,Latin America,Cart Abandonment,Desktop,Back to School,2026-08-02,132026,4524,3.43,16813.62,425,9.41,138191.87,8.22,127.35,3.72,3.18,50.98,53.79,210.83
CAMP-2024-00071,Clinique,Premium/Luxury,TikTok,In-Feed,Men 18-24,Africa,Flash Sale,Desktop,Summer,2026-07-14,511372,21667,4.24,43304.6,2186,10.09,107450.59,2.48,84.68,2.0,3.61,0,43.37,216.46
CAMP-2024-00072,Clinique,Skincare,YouTube,Single Image,Teens,Oceania,Influencer Collaboration,Tablet,Fall,2026-03-19,108254,4106,3.79,12247.84,152,3.71,42296.66,3.45,113.14,2.98,6.26,55.85,78.27,138.01
CAMP-2024-00073,Anastasia Beverly Hills,Fragrance,Facebook,Native,Professionals,Oceania,Flash Sale,Desktop,Valentine's Day,2026-07-15,212605,10847,5.1,7879.97,151,1.4,22793.18,2.89,37.06,0.73,4.26,68.81,64.9,121.35
CAMP-2024-00074,Clinique,Anti-Aging,Programmatic Display,Reels,Women 18-24,North America,Flash Sale,Desktop,Holiday,2025-10-14,113200,4562,4.03,13204.82,200,4.4,48222.04,3.65,116.65,2.89,2.5,63.13,24.2,201.53
CAMP-2024-00075,Oriflame,Organic/Natural,Twitter/X,Story,Women 18-24,Asia Pacific,Influencer Collaboration,Connected TV,Fall,2026-09-29,3939525,126589,3.21,254317.82,3603,2.85,620883.18,2.44,64.56,2.01,9.95,0,33.4,293.12
CAMP-2024-00076,Garnier,Sun Care,Google Ads,Carousel,Seniors,Oceania,Retargeting,Mobile,Spring,2025-11-02,30912,1985,6.42,3282.77,172,8.67,32468.46,9.89,106.2,1.65,9.65,0,27.44,292.04
CAMP-2024-00077,Yves Rocher,Personal Care,Instagram,Carousel,Men 25-34,Southeast Asia,New Customer Acquisition,Desktop,Valentine's Day,2026-06-09,213466,3404,1.6,10476.49,253,7.43,23036.69,2.2,49.08,3.08,1.07,54.69,45.6,250.54
CAMP-2024-00078,Dove,Anti-Aging,Google Ads,Reels,Parents,Europe,Retargeting,Desktop,Black Friday,2026-07-18,45772,2015,4.4,7448.47,123,6.15,41720.33,5.6,162.73,3.7,4.83,27.99,40.57,282.19
CAMP-2024-00079,Olay,Haircare,Pinterest,Native,Young Adults,Europe,Product Launch,Tablet,Summer,2025-09-29,130407,5991,4.59,6799.42,135,2.27,9299.3,1.37,52.14,1.13,6.74,0,76.13,105.56
CAMP-2024-00080,Lancome,Personal Care,Instagram,Banner,Men 35-44,Africa,Cart Abandonment,Connected TV,Back to School,2026-09-24,7391,179,2.42,68.05,4,2.42,1066.38,15.67,9.21,0.38,6.69,73.65,32.24,213.12
CAMP-2024-00081,Estee Lauder,Sun Care,TikTok,Reels,Parents,Oceania,Influencer Collaboration,Mobile,Back to School,2025-11-27,53679,1608,3.0,5383.63,192,11.96,54251.44,10.08,100.29,3.35,5.22,74.89,27.86,164.79
CAMP-2024-00082,Nivea,Men's Grooming,TikTok,Video,Professionals,Oceania,Brand Awareness,Desktop,Winter,2025-10-30,731600,55730,7.62,29598.24,3233,5.8,770605.71,26.04,40.46,0.53,2.17,50.79,37.39,110.51
CAMP-2024-00083,Avon,Men's Grooming,YouTube,In-Feed,Men 25-34,Middle East,Retargeting,Connected TV,Spring,2026-03-11,39713,1235,3.11,5846.01,32,2.66,6178.81,1.06,147.21,4.73,11.7,21.1,38.15,157.73
CAMP-2024-00084,NYX,Makeup,LinkedIn,Native,Seniors,Central America,Cart Abandonment,Desktop,Summer,2025-10-31,786296,56468,7.18,268685.25,6340,11.23,190510.57,0.71,341.71,4.76,0.64,18.53,45.76,271.49
CAMP-2024-00085,Estee Lauder,Organic/Natural,LinkedIn,Carousel,Parents,Oceania,Brand Awareness,Desktop,Holiday,2026-01-29,92193,5357,5.81,12493.18,612,11.43,191616.27,15.34,135.51,2.33,8.49,84.12,48.15,137.97
CAMP-2024-00086,Nivea,Sun Care,Pinterest,Search,Men 45-54,Asia Pacific,Brand Awareness,Desktop,Back to School,2026-06-21,2554001,73160,2.86,322375.16,7344,10.04,516667.95,1.6,126.22,4.41,5.54,39.9,45.79,84.42
CAMP-2024-00087,NYX,Anti-Aging,Snapchat,Collection,Teens,Latin America,Seasonal Promotion,Mobile,Winter,2026-01-19,1872884,137416,7.34,245221.17,5058,3.68,1340559.43,5.47,130.93,1.78,0.75,38.35,47.78,155.23
CAMP-2024-00088,Yves Rocher,Makeup,Google Ads,Native,Teens,North America,Retargeting,Mobile,Back to School,2025-10-11,173139,8448,4.88,20248.67,630,7.46,77112.88,3.81,116.95,2.4,5.49,39.62,43.67,57.59
CAMP-2024-00089,Garnier,Haircare,Facebook,Search,Women 45-54,Oceania,Brand Awareness,Tablet,Winter,2026-04-11,618178,36493,5.9,162598.15,823,2.26,163364.7,1.0,263.03,4.46,0.65,64.65,34.16,254.88
CAMP-2024-00090,Avon,Personal Care,Snapchat,Collection,Women 35-44,North America,Product Launch,Connected TV,Back to School,2025-10-10,205584,6649,3.23,13206.34,865,13.01,254918.21,19.3,64.24,1.99,9.69,0,39.3,130.13
CAMP-2024-00091,Mary Kay,Skincare,LinkedIn,Banner,Men 35-44,Middle East,Product Launch,Desktop,Summer,2026-05-16,1295755,84868,6.55,153825.17,8582,10.11,784130.9,5.1,118.71,1.81,9.41,68.93,60.85,97.12
CAMP-2024-00092,Estee Lauder,Premium/Luxury,Facebook,In-Feed,Men 25-34,Latin America,Brand Awareness,Connected TV,Holiday,2026-08-13,21644,717,3.32,493.19,68,9.48,2883.87,5.85,22.79,0.69,3.41,0,57.42,45.66
CAMP-2024-00093,Benefit,Personal Care,YouTube,Search,Women 35-44,Central America,Lookalike Audience,Connected TV,Winter,2026-03-01,26433280,160507,0.61,225918.95,7451,4.64,1640178.99,7.26,8.55,1.41,1.38,47.67,59.35,283.77
CAMP-2024-00094,Olay,Personal Care,Pinterest,Carousel,Women 35-44,Oceania,New Customer Acquisition,Tablet,Fall,2026-07-03,1192503,89138,7.47,180092.78,7045,7.9,2133732.09,11.85,151.02,2.02,2.14,20.79,77.0,35.36
CAMP-2024-00095,Revlon,Skincare,Instagram,Single Image,Young Adults,Africa,Retargeting,Tablet,Winter,2026-08-12,18265,165,0.91,578.74,17,10.88,2761.14,4.77,31.69,3.51,7.18,0,23.41,165.67
CAMP-2024-00096,Huda Beauty,Personal Care,YouTube,Carousel,Women 45-54,Latin America,Seasonal Promotion,Tablet,Black Friday,2025-12-11,21908,1598,7.3,5828.74,238,14.9,23635.8,4.06,266.06,3.65,10.34,0,28.39,271.39
CAMP-2024-00097,Anastasia Beverly Hills,Personal Care,LinkedIn,In-Feed,Men 25-34,Latin America,New Customer Acquisition,Connected TV,Back to School,2026-01-19,83968,3954,4.71,9814.4,59,1.51,15209.9,1.55,116.88,2.48,1.36,0,43.64,274.22
CAMP-2024-00098,Too Faced,Sun Care,Twitter/X,Reels,Women 35-44,North America,Seasonal Promotion,Connected TV,Black Friday,2026-09-17,1236996,16202,1.31,2269.81,2109,13.02,64402.83,28.37,1.83,0.14,10.46,83.36,75.84,80.16
CAMP-2024-00099,Yves Rocher,Premium/Luxury,YouTube,Carousel,Men 35-44,Asia Pacific,New Customer Acquisition,Mobile,Black Friday,2026-06-19,19012,1204,6.34,786.25,19,1.58,1994.1,2.54,41.36,0.65,2.01,68.22,66.1,63.96
CAMP-2024-00100,Coty,Organic/Natural,Instagram,In-Feed,Men 45-54,Eastern Europe,Loyalty Program,Mobile,Summer,2026-09-11,159278,5669,3.56,17183.7,755,13.32,108960.65,6.34,107.88,3.03,1.38,24.32,61.15,228.54
CAMP-2024-00101,Dior,Men's Grooming,LinkedIn,Story,Women 18-24,Africa,Loyalty Program,Connected TV,Black Friday,2025-12-13,128662,669,0.52,362.4,89,13.35,24152.73,66.65,2.82,0.54,9.18,0,40.67,133.99
CAMP-2024-00102,Too Faced,Sun Care,Pinterest,Search,Women 35-44,Oceania,Lookalike Audience,Desktop,Summer,2026-06-16,497037,37741,7.59,139942.64,2602,6.9,559207.48,4.0,281.55,3.71,11.26,0,25.18,108.95
CAMP-2024-00103,Dior,Organic/Natural,TikTok,Search,Teens,Latin America,Seasonal Promotion,Connected TV,Valentine's Day,2026-02-21,185196,11380,6.15,50024.73,250,2.2,64752.92,1.29,270.12,4.4,6.47,0,61.48,242.01
CAMP-2024-00104,Neutrogena,Skincare,Snapchat,Video,Women 55+,Asia Pacific,New Customer Acquisition,Mobile,Valentine's Day,2026-04-13,323525,14628,4.52,16385.81,876,5.99,22277.41,1.36,50.65,1.12,3.82,37.87,30.62,130.35
CAMP-2024-00105,Givenchy,Organic/Natural,Twitter/X,Native,Young Adults,Eastern Europe,Influencer Collaboration,Connected TV,Back to School,2025-12-07,252818,14882,5.89,58315.79,935,6.29,51237.49,0.88,230.66,3.92,8.68,47.15,44.8,50.59
CAMP-2024-00106,Dove,Fragrance,Twitter/X,Single Image,Men 45-54,Asia Pacific,Cart Abandonment,Tablet,Spring,2026-03-17,8040,272,3.39,299.34,13,5.06,3361.59,11.23,37.23,1.1,0.73,22.29,73.35,265.75
CAMP-2024-00107,L'Oreal,Organic/Natural,TikTok,Story,Women 55+,Europe,Retargeting,Tablet,Back to School,2026-09-06,1120845,33675,3.0,82328.0,3104,9.22,389178.19,4.73,73.45,2.44,9.24,0,66.94,166.79
CAMP-2024-00108,NYX,Men's Grooming,LinkedIn,Story,Men 35-44,Africa,Influencer Collaboration,Connected TV,Valentine's Day,2026-02-17,124660,8782,7.05,19521.7,350,4.0,81931.06,4.2,156.6,2.22,10.81,0,54.17,295.95
CAMP-2024-00109,Oriflame,Men's Grooming,TikTok,Video,Men 45-54,Asia Pacific,Product Launch,Desktop,Back to School,2026-04-14,14198,841,5.93,1216.2,23,2.75,2236.92,1.84,85.66,1.45,5.68,0,34.1,242.57
CAMP-2024-00110,Too Faced,Anti-Aging,LinkedIn,Search,Men 45-54,Asia Pacific,Lookalike Audience,Mobile,Back to School,2025-10-21,910794,43401,4.77,30863.46,4307,9.93,288677.0,9.35,33.89,0.71,1.72,32.36,73.16,168.64
CAMP-2024-00111,YSL,Premium/Luxury,Google Ads,Carousel,Women 25-34,Eastern Europe,Retargeting,Mobile,Fall,2026-09-10,451013,3857,0.86,10741.61,347,9.01,64099.73,5.97,23.82,2.78,3.13,0,42.71,123.9
CAMP-2024-00112,MAC,Makeup,YouTube,Video,Women 18-24,Southeast Asia,Retargeting,Mobile,Fall,2026-07-24,89920,7136,7.94,28286.64,484,6.78,58483.36,2.07,314.58,3.96,10.55,0,73.09,68.83
CAMP-2024-00113,Procter & Gamble,Personal Care,YouTube,In-Feed,Women 18-24,Oceania,New Customer Acquisition,Tablet,Valentine's Day,2026-06-22,2440036,146492,6.0,332369.37,10172,6.94,3099079.69,9.32,136.21,2.27,10.31,57.98,39.04,34.56
CAMP-2024-00114,Lancome,Sun Care,Twitter/X,Reels,Women 18-24,Oceania,Seasonal Promotion,Mobile,Spring,2026-01-09,105827,7183,6.79,1594.25,756,10.53,178724.43,112.11,15.06,0.22,5.69,27.75,29.3,268.5
CAMP-2024-00115,Dove,Organic/Natural,YouTube,In-Feed,Women 18-24,Eastern Europe,Retargeting,Mobile,Back to School,2025-11-26,262856,10407,3.96,15710.82,828,7.96,118891.96,7.57,59.77,1.51,9.72,0,46.67,165.05
CAMP-2024-00116,Too Faced,Men's Grooming,Twitter/X,Single Image,Women 55+,Asia Pacific,Seasonal Promotion,Desktop,Holiday,2026-04-04,38684,2755,7.12,12405.62,313,11.38,107928.06,8.7,320.69,4.5,5.82,36.11,59.2,120.69
CAMP-2024-00117,Benefit,Skincare,Twitter/X,Collection,Men 55+,Southeast Asia,Loyalty Program,Tablet,Back to School,2026-07-11,261716,14755,5.64,37529.07,1172,7.95,381692.17,10.17,143.4,2.54,11.9,19.89,49.31,279.95
CAMP-2024-00118,Mary Kay,Premium/Luxury,Twitter/X,Native,Men 25-34,Latin America,Loyalty Program,Connected TV,Summer,2026-05-02,1703201,92823,5.45,228289.11,8610,9.28,1627250.09,7.13,134.04,2.46,10.66,0,77.22,237.8
CAMP-2024-00119,Revlon,Fragrance,Pinterest,Single Image,Women 35-44,Southeast Asia,Flash Sale,Connected TV,Spring,2026-01-08,19402,254,1.31,617.39,3,1.29,283.39,0.46,31.82,2.43,9.36,55.36,79.38,33.86
CAMP-2024-00120,Dior,Organic/Natural,Programmatic Display,Collection,Women 45-54,Latin America,Retargeting,Tablet,Black Friday,2025-11-28,63313,4747,7.5,10320.91,315,6.65,98153.73,9.51,163.01,2.17,5.03,27.21,30.42,149.87
CAMP-2024-00121,Anastasia Beverly Hills,Fragrance,TikTok,Reels,Women 45-54,Central America,Loyalty Program,Tablet,Fall,2026-07-21,4532,320,7.08,824.24,4,1.44,213.59,0.26,181.87,2.58,5.06,44.52,55.46,93.62
CAMP-2024-00122,Neutrogena,Personal Care,Pinterest,Story,Men 18-24,North America,Lookalike Audience,Desktop,Fall,2026-04-23,56238,4349,7.73,7224.09,302,6.95,79644.01,11.02,128.46,1.66,7.91,0,46.06,62.32
CAMP-2024-00123,Coty,Men's Grooming,Twitter/X,Video,Women 55+,Central America,Lookalike Audience,Tablet,Fall,2025-10-31,79145,2783,3.52,12713.12,201,7.25,50665.06,3.99,160.63,4.57,11.54,56.93,25.91,257.81
CAMP-2024-00124,Huda Beauty,Skincare,TikTok,Native,Young Adults,Asia Pacific,Seasonal Promotion,Tablet,Back to School,2026-01-27,74009,4127,5.58,10111.45,132,3.22,32283.84,3.19,136.62,2.45,11.83,64.95,50.8,34.48
CAMP-2024-00125,Dior,Premium/Luxury,Instagram,Native,Men 55+,North America,Lookalike Audience,Desktop,Fall,2025-10-01,112114,1354,1.21,6409.29,84,6.21,3256.64,0.51,57.17,4.73,5.07,22.73,49.24,231.48
CAMP-2024-00126,Yves Rocher,Makeup,Google Ads,Single Image,Women 55+,Europe,Product Launch,Desktop,Back to School,2025-11-24,372742,6084,1.63,18419.71,410,6.75,88234.71,4.79,49.42,3.03,8.12,0,29.57,145.31
CAMP-2024-00127,Coty,Premium/Luxury,Programmatic Display,Banner,Seniors,Oceania,Seasonal Promotion,Mobile,Summer,2025-10-11,494167,8533,1.73,7723.92,947,11.11,145930.78,18.89,15.63,0.91,7.23,0,78.49,208.45
CAMP-2024-00128,Huda Beauty,Makeup,TikTok,Video,Men 25-34,Europe,Brand Awareness,Tablet,Back to School,2026-04-05,705285,28860,4.09,74166.84,3156,10.94,181627.64,2.45,105.16,2.57,4.04,0,61.62,253.73
CAMP-2024-00129,Revlon,Premium/Luxury,YouTube,Story,Women 55+,Asia Pacific,Influencer Collaboration,Connected TV,Back to School,2026-06-27,59434,4449,7.49,1433.54,494,11.11,162791.18,113.56,24.12,0.32,2.39,15.67,40.17,154.21
CAMP-2024-00130,Clinique,Fragrance,Pinterest,Single Image,Men 55+,Southeast Asia,Influencer Collaboration,Desktop,Black Friday,2026-09-15,60487,3194,5.28,15690.23,54,1.7,6967.89,0.44,259.4,4.91,8.49,35.54,65.78,79.92
CAMP-2024-00131,Garnier,Makeup,YouTube,Reels,Men 18-24,Middle East,Lookalike Audience,Connected TV,Spring,2025-10-28,15869,341,2.15,615.03,3,1.07,343.34,0.56,38.76,1.8,10.01,38.77,79.66,245.54
CAMP-2024-00132,Dove,Organic/Natural,Programmatic Display,Search,Men 45-54,Middle East,Cart Abandonment,Desktop,Spring,2025-10-16,19307,789,4.09,3939.31,43,5.53,12695.86,3.22,204.04,4.99,7.56,37.62,63.87,168.48
CAMP-2024-00133,Avon,Premium/Luxury,Twitter/X,Banner,Women 55+,Asia Pacific,New Customer Acquisition,Desktop,Valentine's Day,2026-08-30,24227,1031,4.26,3125.5,40,3.95,1546.44,0.49,129.01,3.03,4.11,0,33.31,41.95
CAMP-2024-00134,Benefit,Makeup,Pinterest,Search,Women 25-34,Central America,Loyalty Program,Desktop,Holiday,2026-02-06,36252,2392,6.6,4692.53,34,1.46,3467.19,0.74,129.44,1.96,7.62,62.55,44.37,167.61
CAMP-2024-00135,Guerlain,Skincare,Twitter/X,Native,Men 35-44,North America,Seasonal Promotion,Connected TV,Summer,2025-12-19,182254,5447,2.99,7154.59,712,13.07,206921.16,28.92,39.26,1.31,8.83,0,43.87,87.62
CAMP-2024-00136,Huda Beauty,Fragrance,Snapchat,Collection,Women 35-44,Eastern Europe,Brand Awareness,Tablet,Winter,2026-02-28,380002,16099,4.24,62293.23,636,3.95,139863.66,2.25,163.93,3.87,11.77,49.95,23.48,137.96
CAMP-2024-00137,Clinique,Sun Care,Pinterest,Native,Young Adults,Oceania,Brand Awareness,Tablet,Holiday,2026-06-27,425992,26892,6.31,33220.74,1516,5.64,400534.46,12.06,77.98,1.24,8.72,32.52,36.69,267.61
CAMP-2024-00138,Procter & Gamble,Anti-Aging,Instagram,Collection,Women 45-54,North America,Brand Awareness,Desktop,Summer,2026-09-23,25552,1608,6.3,4356.02,183,11.41,6029.97,1.38,170.48,2.71,9.16,0,23.61,47.08
CAMP-2024-00139,Dior,Premium/Luxury,Facebook,Search,Professionals,Asia Pacific,Brand Awareness,Connected TV,Valentine's Day,2026-05-31,186430,13153,7.06,56295.75,178,1.36,49759.43,0.88,301.97,4.28,3.96,21.67,57.58,113.97
CAMP-2024-00140,Procter & Gamble,Skincare,Instagram,Reels,Teens,Oceania,Flash Sale,Tablet,Black Friday,2025-11-03,58965,2229,3.78,8150.18,167,7.54,20457.47,2.51,138.22,3.66,8.61,69.26,22.79,268.62
CAMP-2024-00141,Lancome,Sun Care,Snapchat,Video,Women 18-24,Southeast Asia,Lookalike Audience,Desktop,Spring,2026-03-29,186485,1856,1.0,423.14,55,3.01,10001.03,23.64,2.27,0.23,10.83,32.94,34.38,255.06
CAMP-2024-00142,Neutrogena,Organic/Natural,LinkedIn,Video,Seniors,Europe,Retargeting,Desktop,Fall,2026-03-05,439771,8383,1.91,33439.97,371,4.43,39642.01,1.19,76.04,3.99,9.62,36.41,40.64,75.74
CAMP-2024-00143,Yves Rocher,Personal Care,Programmatic Display,Native,Professionals,Europe,Seasonal Promotion,Desktop,Summer,2026-09-20,7733,459,5.95,1335.1,62,13.56,12420.62,9.3,172.65,2.91,10.45,54.75,57.39,67.7
CAMP-2024-00144,L'Oreal,Anti-Aging,Pinterest,Collection,Women 55+,Eastern Europe,Retargeting,Tablet,Spring,2026-05-19,385031,25969,6.74,90340.69,3315,12.77,864890.32,9.57,234.63,3.48,10.56,73.98,45.65,79.14
CAMP-2024-00145,Shiseido,Organic/Natural,Snapchat,Native,Women 18-24,Europe,Seasonal Promotion,Connected TV,Holiday,2026-05-14,625621,10185,1.63,18694.08,1166,11.45,405374.39,21.68,29.88,1.84,0.87,23.36,53.76,56.77
CAMP-2024-00146,Guerlain,Fragrance,Pinterest,Video,Men 55+,Central America,Influencer Collaboration,Desktop,Valentine's Day,2025-11-07,83730,2579,3.08,9413.42,249,9.68,76510.98,8.13,112.43,3.65,4.54,0,75.3,234.76
CAMP-2024-00147,Guerlain,Personal Care,Instagram,Collection,Women 25-34,Europe,Cart Abandonment,Desktop,Holiday,2025-11-29,102919,6941,6.74,30790.6,714,10.29,234409.98,7.61,299.17,4.44,10.18,28.82,21.48,233.65
CAMP-2024-00148,Too Faced,Men's Grooming,LinkedIn,Single Image,Men 45-54,Latin America,Loyalty Program,Tablet,Fall,2026-02-04,7529,112,1.49,102.77,13,12.48,2917.52,28.39,13.65,0.92,4.95,0,59.75,63.93
CAMP-2024-00149,MAC,Makeup,Instagram,In-Feed,Women 25-34,Europe,New Customer Acquisition,Tablet,Summer,2025-12-08,8180,544,6.66,2074.97,24,4.56,1397.25,0.67,253.66,3.81,10.46,25.01,64.25,207.88
CAMP-2024-00150,Lancome,Premium/Luxury,Programmatic Display,Reels,Men 25-34,Oceania,Loyalty Program,Desktop,Holiday,2026-02-19,2700,112,4.17,250.37,10,8.94,2266.82,9.05,92.73,2.24,5.24,38.53,42.19,287.13
CAMP-2024-00151,Olay,Organic/Natural,Facebook,Story,Men 55+,Oceania,Seasonal Promotion,Tablet,Winter,2026-05-03,55592,2240,4.03,7734.17,62,2.79,5992.2,0.77,139.12,3.45,2.23,69.92,38.22,211.31
CAMP-2024-00152,Mary Kay,Sun Care,Pinterest,Banner,Men 25-34,Europe,Seasonal Promotion,Mobile,Winter,2026-04-29,1036994,47863,4.62,172742.23,2434,5.09,552411.99,3.2,166.58,3.61,3.69,0,26.74,33.96
CAMP-2024-00153,Too Faced,Men's Grooming,Twitter/X,Story,Women 25-34,Southeast Asia,New Customer Acquisition,Mobile,Valentine's Day,2026-07-29,207584,4292,2.07,18850.68,261,6.1,29049.54,1.54,90.81,4.39,8.25,49.56,68.87,248.96
CAMP-2024-00154,Shiseido,Haircare,Instagram,Reels,Teens,Middle East,New Customer Acquisition,Tablet,Spring,2026-07-06,1174985,79005,6.72,142764.63,6580,8.33,1374300.19,9.63,121.5,1.81,7.44,66.77,56.85,65.73
CAMP-2024-00155,Avon,Men's Grooming,YouTube,Collection,Seniors,Southeast Asia,Product Launch,Connected TV,Fall,2026-04-29,281367,14948,5.31,54940.62,328,2.2,95356.85,1.74,195.26,3.68,2.03,31.81,31.52,138.92
CAMP-2024-00156,Olay,Haircare,LinkedIn,Single Image,Young Adults,Southeast Asia,New Customer Acquisition,Tablet,Back to School,2025-10-18,16231,1141,7.03,4117.96,97,8.54,23131.89,5.62,253.71,3.61,3.63,67.48,66.29,257.93
CAMP-2024-00157,MAC,Sun Care,Programmatic Display,Search,Women 18-24,Eastern Europe,Flash Sale,Connected TV,Holiday,2025-12-22,28964,2098,7.24,7539.63,73,3.53,17885.98,2.37,260.31,3.59,5.7,36.13,61.28,147.89
CAMP-2024-00158,Coty,Organic/Natural,Snapchat,Carousel,Women 35-44,Europe,Flash Sale,Mobile,Summer,2025-10-31,20160,659,3.27,1352.73,46,7.11,12902.06,9.54,67.1,2.05,11.54,39.6,55.53,241.67
CAMP-2024-00159,MAC,Men's Grooming,Facebook,Banner,Men 18-24,Middle East,Influencer Collaboration,Tablet,Winter,2026-02-12,956532,50533,5.28,190280.94,5835,11.55,782099.65,4.11,198.93,3.77,11.46,81.54,71.67,144.91
CAMP-2024-00160,Clinique,Haircare,Instagram,Native,Men 18-24,North America,New Customer Acquisition,Tablet,Holiday,2026-09-15,9862,540,5.48,2453.33,68,12.63,11968.68,4.88,248.77,4.54,4.84,20.14,59.68,232.44
CAMP-2024-00161,Huda Beauty,Sun Care,TikTok,In-Feed,Professionals,Asia Pacific,Flash Sale,Desktop,Spring,2026-02-09,14876,1112,7.48,687.76,34,3.11,5501.86,8.0,46.23,0.62,3.92,72.98,32.62,210.82
CAMP-2024-00162,Givenchy,Sun Care,YouTube,Native,Men 35-44,Middle East,Product Launch,Desktop,Back to School,2026-01-08,643985,4726,0.73,21190.73,554,11.74,75650.55,3.57,32.91,4.48,11.66,19.65,64.54,220.72
CAMP-2024-00163,Estee Lauder,Anti-Aging,Google Ads,Video,Women 25-34,Southeast Asia,Retargeting,Desktop,Spring,2026-02-19,413444,19953,4.83,53599.86,2290,11.48,181894.6,3.39,129.64,2.69,0.92,19.41,48.01,270.7
CAMP-2024-00164,Estee Lauder,Makeup,Pinterest,Native,Women 55+,Southeast Asia,Influencer Collaboration,Tablet,Valentine's Day,2026-08-11,1513144,80792,5.34,401388.31,2211,2.74,528659.23,1.32,265.27,4.97,0.78,32.21,20.58,205.66
CAMP-2024-00165,Anastasia Beverly Hills,Sun Care,Google Ads,Banner,Men 18-24,Middle East,Product Launch,Connected TV,Fall,2025-12-21,185998,1729,0.93,3897.64,111,6.45,28817.48,7.39,20.96,2.25,2.91,82.55,30.77,225.59
CAMP-2024-00166,Clinique,Men's Grooming,YouTube,Story,Men 18-24,Central America,Brand Awareness,Connected TV,Summer,2026-09-28,184254,13483,7.32,49342.68,484,3.59,133775.51,2.71,267.8,3.66,6.92,0,64.86,221.03
CAMP-2024-00167,Neutrogena,Men's Grooming,Instagram,In-Feed,Seniors,Latin America,New Customer Acquisition,Mobile,Winter,2025-10-17,446911,22958,5.14,83268.93,763,3.32,121542.5,1.46,186.32,3.63,7.03,0,45.15,145.16
CAMP-2024-00168,Oriflame,Makeup,LinkedIn,Video,Women 18-24,Southeast Asia,New Customer Acquisition,Mobile,Back to School,2026-08-15,2259296,26808,1.19,128699.92,2766,10.32,323089.72,2.51,56.96,4.8,8.42,63.6,64.34,263.76
CAMP-2024-00169,Huda Beauty,Anti-Aging,LinkedIn,Banner,Men 18-24,North America,Influencer Collaboration,Mobile,Holiday,2026-01-16,119498,1779,1.49,1642.09,118,6.68,19833.82,12.08,13.74,0.92,4.62,69.77,34.06,55.36
CAMP-2024-00170,Olay,Personal Care,Twitter/X,Banner,Women 18-24,Europe,Lookalike Audience,Tablet,Black Friday,2025-10-16,75514,422,0.56,495.13,21,5.13,789.3,1.59,6.56,1.17,6.88,47.99,64.76,130.7
CAMP-2024-00171,Clinique,Fragrance,YouTube,Native,Women 55+,Eastern Europe,Seasonal Promotion,Tablet,Fall,2026-08-27,269800,21366,7.92,50005.86,1511,7.07,97073.5,1.94,185.34,2.34,8.87,31.99,79.05,191.43
CAMP-2024-00172,Benefit,Makeup,Facebook,In-Feed,Women 35-44,Southeast Asia,Loyalty Program,Connected TV,Winter,2025-12-06,347345,19235,5.54,75181.61,1776,9.24,339045.08,4.51,216.45,3.91,6.28,45.41,45.92,290.52
CAMP-2024-00173,Dior,Organic/Natural,Twitter/X,Banner,Women 35-44,North America,Product Launch,Tablet,Black Friday,2026-03-28,169171,2090,1.24,8895.64,279,13.36,44987.12,5.06,52.58,4.26,0.91,83.47,39.08,185.54
CAMP-2024-00174,Procter & Gamble,Men's Grooming,Snapchat,Video,Professionals,Africa,Cart Abandonment,Mobile,Valentine's Day,2026-07-04,869943,23829,2.74,118685.78,3376,14.17,288941.29,2.43,136.43,4.98,10.61,52.45,31.89,160.98
CAMP-2024-00175,Shiseido,Premium/Luxury,Facebook,In-Feed,Parents,Middle East,Influencer Collaboration,Tablet,Valentine's Day,2026-08-20,368756,29421,7.98,120264.41,2373,8.07,542225.23,4.51,326.14,4.09,8.41,0,79.38,114.5
CAMP-2024-00176,Dior,Skincare,Facebook,In-Feed,Women 55+,Latin America,Seasonal Promotion,Desktop,Winter,2026-08-08,4816339,35743,0.74,24444.6,2091,5.85,508904.83,20.82,5.08,0.68,1.47,44.82,24.87,34.51
CAMP-2024-00177,Dior,Premium/Luxury,Snapchat,Banner,Men 45-54,North America,Lookalike Audience,Desktop,Summer,2026-06-01,336533,20380,6.06,42176.0,367,1.8,56615.88,1.34,125.33,2.07,8.08,0,26.45,33.29
CAMP-2024-00178,Chanel,Organic/Natural,TikTok,Native,Men 25-34,Latin America,Flash Sale,Connected TV,Black Friday,2026-05-18,347990,3593,1.03,5058.22,492,13.71,102097.02,20.18,14.54,1.41,11.03,0,33.07,161.86
CAMP-2024-00179,Dove,Organic/Natural,TikTok,Native,Men 55+,Middle East,Cart Abandonment,Tablet,Winter,2026-02-09,109701,3882,3.54,17177.69,218,5.63,74295.59,4.33,156.59,4.42,4.59,54.75,52.1,278.68
CAMP-2024-00180,Procter & Gamble,Skincare,Twitter/X,Story,Professionals,Africa,Influencer Collaboration,Connected TV,Fall,2026-05-14,28321,1811,6.4,7168.84,51,2.87,12358.6,1.72,253.13,3.96,7.12,70.12,38.35,250.65
CAMP-2024-00181,Neutrogena,Men's Grooming,Programmatic Display,Native,Women 18-24,North America,Seasonal Promotion,Tablet,Summer,2025-10-23,261390,16525,6.32,76680.48,653,3.96,147277.39,1.92,293.36,4.64,2.85,0,35.15,294.88
CAMP-2024-00182,Yves Rocher,Haircare,Google Ads,Collection,Young Adults,Central America,New Customer Acquisition,Tablet,Valentine's Day,2026-03-23,5090737,238913,4.69,470376.32,7424,3.11,1125495.21,2.39,92.4,1.97,2.99,53.74,75.9,283.15
CAMP-2024-00183,Clinique,Premium/Luxury,Facebook,Carousel,Women 25-34,Europe,Loyalty Program,Connected TV,Fall,2025-10-17,1422877,108266,7.61,522481.44,13698,12.65,2596262.24,4.97,367.2,4.83,3.49,46.72,63.15,209.32
CAMP-2024-00184,Estee Lauder,Men's Grooming,Snapchat,Banner,Seniors,Europe,Lookalike Audience,Desktop,Winter,2026-05-06,1280973,6808,0.53,28851.71,76,1.13,5622.69,0.19,22.52,4.24,6.33,20.07,47.4,130.74
CAMP-2024-00185,Guerlain,Anti-Aging,LinkedIn,In-Feed,Men 35-44,Central America,Brand Awareness,Tablet,Fall,2026-01-18,1125603,45194,4.02,23011.35,2492,5.51,373514.73,16.23,20.44,0.51,3.79,30.54,50.91,159.59
CAMP-2024-00186,Clinique,Makeup,Google Ads,Native,Women 18-24,Europe,Influencer Collaboration,Connected TV,Winter,2026-08-30,192725,1878,0.97,8341.67,111,5.94,9324.52,1.12,43.28,4.44,4.11,34.81,44.67,297.39
CAMP-2024-00187,L'Oreal,Fragrance,Facebook,Video,Professionals,Oceania,Lookalike Audience,Desktop,Fall,2026-08-18,174248,7688,4.41,2345.15,859,11.18,97035.16,41.38,13.46,0.31,4.12,41.48,50.88,233.19
CAMP-2024-00188,Huda Beauty,Skincare,Programmatic Display,In-Feed,Women 55+,Southeast Asia,Lookalike Audience,Mobile,Fall,2026-01-09,181131,2737,1.51,1161.43,140,5.15,12326.31,10.61,6.41,0.42,1.85,0,58.28,138.5
CAMP-2024-00189,Anastasia Beverly Hills,Makeup,Twitter/X,Video,Men 25-34,Middle East,Seasonal Promotion,Mobile,Back to School,2026-01-24,14660,854,5.83,1498.66,125,14.73,6391.98,4.27,102.23,1.75,2.82,30.25,36.44,283.5
CAMP-2024-00190,Estee Lauder,Skincare,Programmatic Display,Story,Women 35-44,Eastern Europe,Influencer Collaboration,Connected TV,Winter,2025-11-01,917872,21939,2.39,8821.36,1700,7.75,103519.01,11.74,9.61,0.4,8.64,19.73,52.79,171.72
CAMP-2024-00191,YSL,Fragrance,LinkedIn,Collection,Men 55+,North America,Product Launch,Tablet,Winter,2026-02-15,158188,4669,2.95,8779.23,646,13.85,48010.13,5.47,55.5,1.88,11.14,34.14,46.0,268.52
CAMP-2024-00192,Shiseido,Skincare,Programmatic Display,Native,Men 25-34,North America,Retargeting,Desktop,Holiday,2026-04-14,1364981,9482,0.69,38258.32,671,7.09,154538.02,4.04,28.03,4.03,7.7,0,21.29,102.66
CAMP-2024-00193,Dior,Premium/Luxury,Snapchat,In-Feed,Women 45-54,North America,Brand Awareness,Mobile,Back to School,2026-09-15,282816,17417,6.16,19866.71,2418,13.88,363784.13,18.31,70.25,1.14,5.45,17.22,77.52,221.19
CAMP-2024-00194,Huda Beauty,Haircare,YouTube,Native,Men 35-44,Eastern Europe,Flash Sale,Desktop,Valentine's Day,2026-08-09,35349,458,1.3,1092.2,33,7.39,7017.84,6.43,30.9,2.38,8.65,42.65,63.53,299.96
CAMP-2024-00195,Garnier,Skincare,Snapchat,In-Feed,Women 35-44,Oceania,Brand Awareness,Mobile,Back to School,2026-05-18,109025,6386,5.86,15621.88,614,9.62,19677.17,1.26,143.29,2.45,7.43,80.56,41.66,66.07
CAMP-2024-00196,Lancome,Personal Care,YouTube,Single Image,Women 25-34,North America,Loyalty Program,Tablet,Summer,2025-10-24,13846,203,1.47,755.27,10,5.28,2742.08,3.63,54.55,3.72,8.4,56.05,47.62,128.87
CAMP-2024-00197,Givenchy,Men's Grooming,YouTube,Story,Men 55+,Africa,Lookalike Audience,Tablet,Back to School,2026-05-31,838502,26621,3.17,52154.17,1721,6.47,325971.34,6.25,62.2,1.96,9.05,49.77,35.59,41.95
CAMP-2024-00198,Lancome,Sun Care,TikTok,Native,Seniors,North America,Flash Sale,Tablet,Holiday,2025-10-19,1903214,53950,2.83,216475.25,2483,4.6,137942.14,0.64,113.74,4.01,5.34,55.91,32.01,284.1
CAMP-2024-00199,NYX,Skincare,YouTube,Video,Men 18-24,Eastern Europe,Retargeting,Mobile,Winter,2026-04-14,82083,2210,2.69,3680.39,59,2.68,19007.15,5.16,44.84,1.67,2.56,17.09,56.62,129.15
CAMP-2024-00200,Revlon,Makeup,Snapchat,Search,Men 18-24,North America,Product Launch,Connected TV,Summer,2026-05-09,44032,2017,4.58,5866.37,57,2.87,1485.52,0.25,133.23,2.91,1.09,46.05,24.94,284.0
CAMP-2024-00201,Benefit,Skincare,YouTube,Search,Men 18-24,Southeast Asia,Flash Sale,Tablet,Holiday,2026-01-30,78136,1209,1.55,5902.66,104,8.64,20598.45,3.49,75.54,4.88,10.14,40.0,61.23,243.44
CAMP-2024-00202,Estee Lauder,Sun Care,Snapchat,Single Image,Young Adults,Europe,Seasonal Promotion,Tablet,Winter,2025-12-17,902621,26906,2.98,62389.41,2750,10.22,156971.96,2.52,69.12,2.32,7.36,0,76.91,136.56
CAMP-2024-00203,Givenchy,Organic/Natural,TikTok,Carousel,Parents,Latin America,Retargeting,Desktop,Back to School,2025-10-13,887590,60246,6.79,110562.84,5294,8.79,1781548.3,16.11,124.57,1.84,7.28,0,71.03,298.99
CAMP-2024-00204,Olay,Premium/Luxury,Snapchat,Banner,Men 25-34,Africa,Retargeting,Mobile,Summer,2026-04-09,1435177,31052,2.16,152972.15,2589,8.34,545546.48,3.57,106.59,4.93,4.3,0,23.12,70.49
CAMP-2024-00205,Revlon,Makeup,TikTok,Reels,Women 35-44,Europe,Brand Awareness,Tablet,Spring,2025-12-26,180796,6823,3.77,20173.78,389,5.7,56401.56,2.8,111.58,2.96,8.88,0,42.9,247.17
CAMP-2024-00206,Huda Beauty,Makeup,YouTube,Video,Young Adults,Eastern Europe,Lookalike Audience,Connected TV,Holiday,2026-08-10,91598,6239,6.81,14824.3,387,6.21,46452.52,3.13,161.84,2.38,11.08,0,41.11,92.56
CAMP-2024-00207,YSL,Haircare,Instagram,Collection,Young Adults,Central America,New Customer Acquisition,Desktop,Winter,2026-09-27,151460,10133,6.69,44555.52,1370,13.53,55964.2,1.26,294.17,4.4,6.17,0,56.46,150.97
CAMP-2024-00208,Mary Kay,Makeup,Programmatic Display,Carousel,Women 45-54,Asia Pacific,Loyalty Program,Tablet,Summer,2025-12-19,96603,7004,7.25,8319.06,1028,14.68,325343.81,39.11,86.12,1.19,11.5,74.45,61.15,87.29
CAMP-2024-00209,Revlon,Anti-Aging,Pinterest,Carousel,Professionals,Latin America,Brand Awareness,Mobile,Back to School,2026-08-13,595274,15856,2.66,50489.76,1924,12.14,326064.93,6.46,84.82,3.18,1.83,69.01,68.92,120.09
CAMP-2024-00210,Revlon,Personal Care,Twitter/X,Single Image,Men 25-34,Eastern Europe,Seasonal Promotion,Desktop,Valentine's Day,2026-07-25,626203,6863,1.1,26649.98,541,7.89,108768.43,4.08,42.56,3.88,2.6,0,72.22,72.72
CAMP-2024-00211,Coty,Premium/Luxury,Google Ads,Reels,Young Adults,Central America,Lookalike Audience,Mobile,Spring,2026-04-16,360219,6385,1.77,3897.85,837,13.12,139146.65,35.7,10.82,0.61,2.09,0,71.99,248.74
CAMP-2024-00212,Mary Kay,Personal Care,Pinterest,Banner,Men 55+,Eastern Europe,Retargeting,Connected TV,Winter,2026-02-16,379718,28074,7.39,87714.5,2898,10.32,675449.87,7.7,231.0,3.12,11.32,69.26,29.63,226.76
CAMP-2024-00213,Neutrogena,Skincare,Pinterest,Banner,Men 45-54,Southeast Asia,Retargeting,Connected TV,Spring,2025-12-30,141380,9616,6.8,14959.83,765,7.96,110443.37,7.38,105.81,1.56,11.8,0,53.42,170.38
CAMP-2024-00214,Procter & Gamble,Skincare,TikTok,Banner,Women 25-34,North America,Product Launch,Desktop,Fall,2026-02-16,695326,26841,3.86,133488.23,1347,5.02,153406.84,1.15,191.98,4.97,2.91,0,30.6,80.4
CAMP-2024-00215,Nivea,Fragrance,TikTok,In-Feed,Men 25-34,Eastern Europe,Retargeting,Mobile,Spring,2026-05-15,2402975,33494,1.39,12271.33,1144,3.42,216304.96,17.63,5.11,0.37,11.28,75.4,51.21,79.39
CAMP-2024-00216,Lancome,Skincare,LinkedIn,Search,Women 25-34,Oceania,New Customer Acquisition,Mobile,Valentine's Day,2026-07-07,66792,3583,5.37,1466.81,76,2.14,10611.46,7.23,21.96,0.41,0.69,0,66.6,293.01
CAMP-2024-00217,Shiseido,Men's Grooming,YouTube,Single Image,Women 55+,Europe,Influencer Collaboration,Tablet,Holiday,2026-06-01,92827,1946,2.1,5618.15,201,10.35,18021.73,3.21,60.52,2.89,11.32,74.14,45.05,122.83
CAMP-2024-00218,Dior,Personal Care,TikTok,Banner,Women 35-44,Latin America,Influencer Collaboration,Tablet,Summer,2026-06-17,71571,5084,7.1,5013.65,499,9.82,168909.44,33.69,70.05,0.99,9.96,50.87,37.62,67.99
CAMP-2024-00219,Shiseido,Men's Grooming,LinkedIn,Carousel,Men 55+,Asia Pacific,Seasonal Promotion,Mobile,Winter,2026-08-08,280798,2718,0.97,3491.62,101,3.75,10492.18,3.0,12.43,1.28,7.49,0,65.18,186.96
CAMP-2024-00220,Coty,Haircare,Snapchat,Collection,Professionals,Africa,Seasonal Promotion,Tablet,Black Friday,2026-05-02,109208,6658,6.1,15184.6,471,7.08,151935.82,10.01,139.04,2.28,5.38,0,62.24,246.41
CAMP-2024-00221,Clinique,Haircare,YouTube,Search,Teens,Southeast Asia,Flash Sale,Desktop,Holiday,2025-12-29,482838,7388,1.53,11256.26,850,11.52,248506.77,22.08,23.31,1.52,7.99,16.52,41.42,86.51
CAMP-2024-00222,Revlon,Sun Care,Instagram,Search,Men 35-44,Middle East,Product Launch,Mobile,Black Friday,2025-11-25,1262321,53811,4.26,201574.4,5776,10.73,1207352.27,5.99,159.69,3.75,1.48,41.55,45.25,132.3
CAMP-2024-00223,Anastasia Beverly Hills,Anti-Aging,Instagram,Reels,Women 25-34,Eastern Europe,Retargeting,Tablet,Fall,2026-01-31,90240,6674,7.4,7166.27,363,5.45,69056.03,9.64,79.41,1.07,3.95,47.74,77.21,290.99
CAMP-2024-00224,L'Oreal,Haircare,Programmatic Display,Collection,Women 55+,Europe,Loyalty Program,Connected TV,Summer,2026-01-07,348790,11433,3.28,2048.83,776,6.79,205119.87,100.12,5.87,0.18,1.04,26.32,42.07,85.91
CAMP-2024-00225,Mary Kay,Premium/Luxury,YouTube,Search,Parents,Central America,Influencer Collaboration,Mobile,Spring,2026-09-06,324301,21631,6.67,14172.17,2135,9.87,653108.84,46.08,43.7,0.66,3.57,0,20.02,195.66
CAMP-2024-00226,Guerlain,Personal Care,Facebook,Native,Seniors,Asia Pacific,Cart Abandonment,Tablet,Black Friday,2026-03-05,6485,44,0.68,152.39,2,4.97,462.54,3.04,23.5,3.46,10.34,68.2,49.9,78.37
CAMP-2024-00227,Huda Beauty,Makeup,Snapchat,Video,Men 55+,Southeast Asia,Cart Abandonment,Connected TV,Valentine's Day,2025-11-07,56982,952,1.67,3688.6,43,4.61,2599.48,0.7,64.73,3.87,4.16,65.7,40.44,125.27
CAMP-2024-00228,Revlon,Skincare,Twitter/X,Story,Parents,Middle East,Product Launch,Connected TV,Black Friday,2025-10-06,1126244,14791,1.31,26818.08,1603,10.84,302296.72,11.27,23.81,1.81,8.83,84.42,41.68,184.33
CAMP-2024-00229,Mary Kay,Makeup,Pinterest,Carousel,Parents,Southeast Asia,Loyalty Program,Connected TV,Valentine's Day,2025-11-17,48707,2725,5.6,2059.59,212,7.79,47182.95,22.91,42.29,0.76,11.44,63.83,26.05,74.91
CAMP-2024-00230,Givenchy,Skincare,Google Ads,Native,Professionals,Middle East,Flash Sale,Mobile,Summer,2026-01-04,222778,5405,2.43,14148.08,415,7.7,52310.58,3.7,63.51,2.62,1.51,74.56,37.71,47.46
CAMP-2024-00231,Procter & Gamble,Sun Care,TikTok,Single Image,Women 55+,Eastern Europe,Loyalty Program,Mobile,Spring,2025-10-14,366115,6729,1.84,22634.26,160,2.38,53351.96,2.36,61.82,3.36,9.7,30.12,56.82,54.31
CAMP-2024-00232,Benefit,Fragrance,Facebook,Video,Men 45-54,Africa,Brand Awareness,Mobile,Winter,2026-01-30,16059,1247,7.77,5390.72,131,10.54,7616.9,1.41,335.68,4.32,1.27,52.97,68.12,56.75
CAMP-2024-00233,Clinique,Organic/Natural,YouTube,Story,Men 45-54,Southeast Asia,Cart Abandonment,Mobile,Spring,2026-03-12,317155,7227,2.28,16325.87,914,12.66,312295.38,19.13,51.48,2.26,0.87,67.2,23.38,69.21
CAMP-2024-00234,Chanel,Premium/Luxury,LinkedIn,In-Feed,Women 45-54,Eastern Europe,Flash Sale,Connected TV,Black Friday,2025-12-30,84320,5217,6.19,4865.07,691,13.25,226633.12,46.58,57.7,0.93,10.62,0,51.7,277.07
CAMP-2024-00235,Huda Beauty,Fragrance,Google Ads,Native,Professionals,Middle East,Lookalike Audience,Tablet,Winter,2025-11-10,20818,1650,7.93,7998.97,187,11.35,38189.35,4.77,384.23,4.85,7.1,0,47.88,191.42
CAMP-2024-00236,Benefit,Personal Care,LinkedIn,Story,Parents,Oceania,Lookalike Audience,Desktop,Valentine's Day,2026-04-03,78621,3696,4.7,15914.01,62,1.7,16030.36,1.01,202.41,4.31,2.06,0,71.63,180.08
CAMP-2024-00237,Garnier,Makeup,TikTok,Reels,Women 45-54,Asia Pacific,Loyalty Program,Mobile,Back to School,2026-01-27,104743,6510,6.22,7761.85,585,8.99,77938.59,10.04,74.1,1.19,4.41,49.04,46.09,33.27
CAMP-2024-00238,Chanel,Sun Care,Programmatic Display,Story,Young Adults,Asia Pacific,Lookalike Audience,Connected TV,Spring,2026-01-20,829368,18197,2.19,57648.03,661,3.64,33326.77,0.58,69.51,3.17,9.36,80.52,25.45,131.5
CAMP-2024-00239,Garnier,Personal Care,Google Ads,Native,Young Adults,Africa,New Customer Acquisition,Desktop,Winter,2026-02-20,617690,28903,4.68,122516.06,1326,4.59,210007.25,1.71,198.35,4.24,10.78,0,28.3,67.3
CAMP-2024-00240,NYX,Makeup,LinkedIn,Carousel,Teens,Africa,Loyalty Program,Connected TV,Winter,2025-09-30,297070,21261,7.16,75469.2,1375,6.47,157115.92,2.08,254.05,3.55,6.93,69.83,40.29,71.88
CAMP-2024-00241,Maybelline,Anti-Aging,Snapchat,Story,Teens,Latin America,Lookalike Audience,Tablet,Valentine's Day,2025-11-29,345166,18019,5.22,44996.71,921,5.12,96856.42,2.15,130.36,2.5,2.78,71.91,31.24,55.87
CAMP-2024-00242,YSL,Makeup,LinkedIn,In-Feed,Women 35-44,Central America,Loyalty Program,Connected TV,Valentine's Day,2025-11-07,101666,5951,5.85,28754.51,622,10.45,198883.36,6.92,282.83,4.83,5.5,0,44.33,111.23
CAMP-2024-00243,Huda Beauty,Personal Care,Snapchat,Story,Women 55+,Eastern Europe,Flash Sale,Mobile,Valentine's Day,2026-08-26,72232,5709,7.9,25783.53,756,13.26,71569.15,2.78,356.95,4.52,5.3,18.3,73.46,193.69
CAMP-2024-00244,MAC,Haircare,Pinterest,Video,Women 55+,Latin America,Seasonal Promotion,Mobile,Summer,2026-03-13,96130,7218,7.51,33143.81,800,11.09,107603.05,3.25,344.78,4.59,1.87,32.99,77.8,183.75
CAMP-2024-00245,Benefit,Anti-Aging,TikTok,Collection,Women 35-44,North America,Cart Abandonment,Connected TV,Back to School,2026-06-08,102282,3147,3.08,3557.2,378,12.03,69712.85,19.6,34.78,1.13,7.12,19.24,20.49,125.97
CAMP-2024-00246,Avon,Fragrance,Facebook,Collection,Young Adults,Central America,Retargeting,Mobile,Black Friday,2026-07-25,460568,29576,6.42,27506.15,931,3.15,86187.03,3.13,59.72,0.93,6.58,27.19,37.99,195.38
CAMP-2024-00247,Dove,Men's Grooming,Snapchat,Native,Women 25-34,Middle East,Retargeting,Desktop,Fall,2026-04-20,19489,834,4.28,2039.37,16,2.01,770.06,0.38,104.64,2.45,0.64,0,74.75,99.42
CAMP-2024-00248,NYX,Sun Care,TikTok,Banner,Women 25-34,Eastern Europe,New Customer Acquisition,Connected TV,Winter,2026-07-08,244686,3883,1.59,16788.33,68,1.75,12783.68,0.76,68.61,4.32,9.94,48.71,56.08,116.71
CAMP-2024-00249,Lancome,Fragrance,Facebook,Carousel,Women 18-24,Latin America,Lookalike Audience,Mobile,Valentine's Day,2026-06-20,20206,1183,5.85,5480.53,122,10.38,23496.82,4.29,271.23,4.63,11.14,35.77,72.78,207.04
CAMP-2024-00250,Maybelline,Anti-Aging,LinkedIn,Banner,Seniors,Southeast Asia,Brand Awareness,Connected TV,Summer,2025-12-22,1383243,27825,2.01,36182.51,3242,11.65,112863.45,3.12,26.16,1.3,7.77,44.99,59.16,103.5
CAMP-2024-00251,Clinique,Organic/Natural,Snapchat,Native,Men 45-54,Latin America,Retargeting,Connected TV,Spring,2026-03-26,174307,10249,5.88,6260.48,319,3.11,70226.06,11.22,35.92,0.61,7.35,0,68.74,86.93
CAMP-2024-00252,Olay,Premium/Luxury,Programmatic Display,Video,Teens,Oceania,Seasonal Promotion,Connected TV,Spring,2026-06-12,155445,6385,4.11,11571.82,321,5.04,11744.23,1.01,74.44,1.81,2.35,39.19,62.87,230.51
CAMP-2024-00253,L'Oreal,Organic/Natural,Google Ads,Story,Men 25-34,North America,Product Launch,Tablet,Back to School,2026-01-02,40897,2777,6.79,9393.03,350,12.61,10192.94,1.09,229.68,3.38,4.47,81.34,51.43,63.89
CAMP-2024-00254,Dove,Premium/Luxury,Twitter/X,Video,Young Adults,Africa,Influencer Collaboration,Connected TV,Winter,2026-04-16,144425,9962,6.9,25803.48,322,3.24,42613.33,1.65,178.66,2.59,11.4,81.23,43.1,81.24
CAMP-2024-00255,Lancome,Makeup,Facebook,Collection,Women 18-24,Southeast Asia,Flash Sale,Desktop,Summer,2026-06-26,178264,9266,5.2,35357.9,1230,13.28,220011.34,6.22,198.35,3.82,9.2,42.91,66.67,251.31
CAMP-2024-00256,Estee Lauder,Premium/Luxury,Facebook,Search,Teens,Middle East,Lookalike Audience,Tablet,Fall,2026-04-06,377542,18800,4.98,8628.75,823,4.38,197423.07,22.88,22.86,0.46,1.02,15.91,62.96,226.88
CAMP-2024-00257,Anastasia Beverly Hills,Men's Grooming,Google Ads,In-Feed,Seniors,Oceania,Product Launch,Connected TV,Black Friday,2025-10-04,2543419,94767,3.73,150588.46,1871,1.98,109053.97,0.72,59.21,1.59,11.99,20.57,57.28,250.48
CAMP-2024-00258,Clinique,Skincare,Facebook,Banner,Women 55+,Africa,Lookalike Audience,Desktop,Summer,2026-06-15,116527,8717,7.48,36108.74,1018,11.68,109682.53,3.04,309.87,4.14,10.81,0,67.07,199.76
CAMP-2024-00259,Nivea,Personal Care,Google Ads,Carousel,Women 25-34,Eastern Europe,Lookalike Audience,Connected TV,Fall,2026-03-29,30548,1808,5.92,6932.18,168,9.31,27817.99,4.01,226.93,3.83,6.91,33.45,30.25,285.18
CAMP-2024-00260,Garnier,Sun Care,YouTube,Reels,Women 45-54,Middle East,Cart Abandonment,Mobile,Valentine's Day,2026-01-29,913906,35179,3.85,66097.87,769,2.19,58319.87,0.88,72.32,1.88,5.42,15.22,47.27,284.65
CAMP-2024-00261,Shiseido,Men's Grooming,LinkedIn,Reels,Women 25-34,Middle East,Seasonal Promotion,Desktop,Spring,2025-10-10,907028,21812,2.4,5179.17,2027,9.3,564162.91,108.93,5.71,0.24,9.94,56.91,23.51,169.87
CAMP-2024-00262,Guerlain,Anti-Aging,LinkedIn,Story,Women 35-44,Middle East,Flash Sale,Desktop,Valentine's Day,2026-01-15,69670,4292,6.16,21439.11,293,6.84,75182.84,3.51,307.72,5.0,4.16,77.02,21.85,67.17
CAMP-2024-00263,Benefit,Organic/Natural,Pinterest,Single Image,Men 18-24,Middle East,Lookalike Audience,Mobile,Back to School,2026-05-02,936961,56720,6.05,120793.61,1718,3.03,129339.13,1.07,128.92,2.13,4.47,66.85,30.03,119.13
CAMP-2024-00264,Oriflame,Anti-Aging,LinkedIn,Banner,Seniors,Africa,Product Launch,Connected TV,Valentine's Day,2026-05-08,1152269,25903,2.25,53494.71,1547,5.98,435097.26,8.13,46.43,2.07,2.61,0,45.61,281.75
CAMP-2024-00265,Chanel,Organic/Natural,Snapchat,Video,Women 35-44,Europe,Product Launch,Connected TV,Fall,2026-01-13,743772,36720,4.94,21183.83,4603,12.54,367793.77,17.36,28.48,0.58,1.62,33.17,38.7,164.17
CAMP-2024-00266,NYX,Personal Care,LinkedIn,Native,Professionals,Eastern Europe,Loyalty Program,Connected TV,Valentine's Day,2026-04-23,1146462,13724,1.2,40224.51,1291,9.41,358741.31,8.92,35.09,2.93,10.88,16.49,35.98,260.72
CAMP-2024-00267,Neutrogena,Organic/Natural,Twitter/X,Single Image,Women 55+,Latin America,Cart Abandonment,Tablet,Fall,2026-06-08,103653,7548,7.28,9143.84,407,5.41,50785.38,5.55,88.22,1.21,3.81,45.71,51.55,120.31
CAMP-2024-00268,Nivea,Premium/Luxury,YouTube,Search,Seniors,Eastern Europe,Influencer Collaboration,Desktop,Summer,2026-03-27,180826,13532,7.48,39188.36,1994,14.74,554770.36,14.16,216.72,2.9,11.61,75.61,44.43,83.47
CAMP-2024-00269,Dove,Men's Grooming,Facebook,Native,Women 55+,Europe,Loyalty Program,Connected TV,Summer,2026-04-26,21277,1011,4.75,432.23,74,7.4,21577.35,49.92,20.31,0.43,7.53,17.27,27.09,214.97
CAMP-2024-00270,NYX,Skincare,YouTube,Carousel,Men 45-54,Asia Pacific,Brand Awareness,Tablet,Back to School,2026-05-25,69141,3783,5.47,15037.4,107,2.83,24953.71,1.66,217.49,3.97,1.15,0,46.78,125.35
CAMP-2024-00271,L'Oreal,Men's Grooming,YouTube,Video,Young Adults,Central America,Product Launch,Tablet,Winter,2026-05-02,1663400,61771,3.71,163257.36,7722,12.5,2641061.21,16.18,98.15,2.64,4.43,59.48,50.49,227.45
CAMP-2024-00272,Benefit,Skincare,TikTok,Reels,Women 25-34,Central America,Loyalty Program,Connected TV,Fall,2026-09-22,106335,606,0.57,233.08,58,9.57,19383.92,83.16,2.19,0.38,2.58,53.62,58.1,188.85
CAMP-2024-00273,Dove,Premium/Luxury,Programmatic Display,Story,Teens,Africa,Seasonal Promotion,Tablet,Valentine's Day,2026-01-20,545764,7303,1.34,29551.92,958,13.12,185122.7,6.26,54.15,4.05,8.22,49.09,69.25,65.53
CAMP-2024-00274,Lancome,Personal Care,TikTok,Video,Men 18-24,Asia Pacific,New Customer Acquisition,Tablet,Summer,2025-11-22,445455,19388,4.35,48418.13,430,2.22,18034.0,0.37,108.69,2.5,11.01,51.27,50.41,120.19
CAMP-2024-00275,Dior,Sun Care,Programmatic Display,Story,Young Adults,Central America,Seasonal Promotion,Desktop,Black Friday,2026-01-02,8325045,440527,5.29,175427.75,25871,5.87,6820128.61,38.88,21.07,0.4,10.49,63.38,48.88,274.24
CAMP-2024-00276,Clinique,Personal Care,Twitter/X,Native,Men 25-34,Europe,Seasonal Promotion,Desktop,Winter,2025-12-04,288306,15019,5.21,10316.38,2168,14.44,280576.9,27.2,35.78,0.69,11.34,0,73.34,276.09
CAMP-2024-00277,Dove,Skincare,Instagram,Collection,Women 25-34,Latin America,Brand Awareness,Tablet,Valentine's Day,2026-04-26,1236324,37848,3.06,63119.41,4005,10.58,1310581.79,20.76,51.05,1.67,11.62,0,31.82,127.33
CAMP-2024-00278,Olay,Skincare,Pinterest,Story,Women 35-44,North America,Loyalty Program,Tablet,Fall,2026-01-20,2054410,72022,3.51,100322.68,8885,12.34,597690.51,5.96,48.83,1.39,1.43,29.63,47.5,106.45
CAMP-2024-00279,Yves Rocher,Anti-Aging,YouTube,Collection,Women 25-34,North America,Cart Abandonment,Mobile,Summer,2026-07-21,83886,1223,1.46,5705.32,75,6.14,2088.71,0.37,68.01,4.67,7.03,30.81,44.69,248.42
CAMP-2024-00280,Chanel,Makeup,YouTube,Native,Men 18-24,Africa,New Customer Acquisition,Tablet,Winter,2026-03-16,44284,2135,4.82,6862.18,65,3.08,12947.9,1.89,154.96,3.21,2.44,0,47.3,176.1
CAMP-2024-00281,Olay,Men's Grooming,Google Ads,Video,Women 55+,Europe,Brand Awareness,Mobile,Holiday,2026-07-15,31410,1358,4.33,743.62,122,9.05,28154.39,37.86,23.67,0.55,9.76,16.9,53.58,97.89
CAMP-2024-00282,L'Oreal,Skincare,YouTube,Native,Parents,Middle East,Cart Abandonment,Mobile,Valentine's Day,2026-08-21,4743720,335511,7.07,1414245.79,21929,6.54,5456093.38,3.86,298.13,4.22,4.79,34.33,63.29,233.05
CAMP-2024-00283,Chanel,Sun Care,Instagram,Reels,Men 18-24,Europe,Brand Awareness,Mobile,Holiday,2026-08-29,1872095,60092,3.21,256481.16,6621,11.02,1508657.39,5.88,137.0,4.27,1.75,65.51,48.86,91.83
CAMP-2024-00284,NYX,Makeup,Snapchat,Carousel,Women 25-34,Europe,Retargeting,Desktop,Holiday,2026-08-05,124725,5549,4.45,20423.93,727,13.11,71782.21,3.51,163.75,3.68,7.72,0,26.82,112.1
CAMP-2024-00285,Neutrogena,Haircare,Facebook,Carousel,Men 55+,Central America,Brand Awareness,Desktop,Valentine's Day,2026-04-15,46366,918,1.98,1328.2,128,13.95,22644.29,17.05,28.65,1.45,2.37,28.3,70.6,91.1
CAMP-2024-00286,Shiseido,Makeup,LinkedIn,Story,Men 25-34,Asia Pacific,Brand Awareness,Connected TV,Winter,2026-08-12,77918,4418,5.67,21088.29,486,11.01,102808.35,4.88,270.65,4.77,10.2,23.48,35.43,181.14
CAMP-2024-00287,Oriflame,Haircare,LinkedIn,Video,Young Adults,Asia Pacific,Product Launch,Desktop,Holiday,2026-07-25,262364,20102,7.66,85916.54,2869,14.27,894850.89,10.42,327.47,4.27,8.47,34.41,58.97,212.12
CAMP-2024-00288,Dior,Haircare,TikTok,Video,Young Adults,Latin America,Loyalty Program,Tablet,Valentine's Day,2025-10-07,69719,2224,3.19,3545.52,43,1.95,9704.19,2.74,50.85,1.59,5.82,79.26,60.54,125.39
CAMP-2024-00289,L'Oreal,Fragrance,TikTok,Search,Parents,North America,Flash Sale,Tablet,Fall,2026-07-24,225774,11326,5.02,22045.53,1071,9.46,331608.39,15.04,97.64,1.95,2.82,0,48.41,273.65
CAMP-2024-00290,YSL,Sun Care,Instagram,Carousel,Men 35-44,Southeast Asia,Flash Sale,Desktop,Spring,2025-10-27,28947,2297,7.94,9067.89,195,8.52,24099.83,2.66,313.26,3.95,7.87,0,78.31,142.57
CAMP-2024-00291,Too Faced,Skincare,Google Ads,Search,Men 45-54,Central America,Loyalty Program,Tablet,Spring,2026-06-24,125509,762,0.61,3227.93,108,14.19,17189.88,5.33,25.72,4.24,11.32,72.98,65.45,81.09
CAMP-2024-00292,Givenchy,Anti-Aging,Instagram,In-Feed,Women 45-54,Eastern Europe,New Customer Acquisition,Tablet,Fall,2026-05-05,292846,9347,3.19,44023.47,1149,12.3,197868.55,4.49,150.33,4.71,6.41,54.05,67.4,224.38
CAMP-2024-00293,Oriflame,Premium/Luxury,LinkedIn,Banner,Women 18-24,Europe,Cart Abandonment,Mobile,Back to School,2026-02-26,3935533,294949,7.49,1103846.8,42066,14.26,2763876.17,2.5,280.48,3.74,11.49,52.88,32.16,155.91
CAMP-2024-00294,Lancome,Sun Care,YouTube,Story,Women 55+,Middle East,Seasonal Promotion,Connected TV,Winter,2026-06-03,549685,13226,2.41,3935.21,1914,14.48,567762.01,144.28,7.16,0.3,9.94,51.31,46.94,57.3
CAMP-2024-00295,Too Faced,Sun Care,Facebook,Reels,Women 18-24,Southeast Asia,Seasonal Promotion,Connected TV,Black Friday,2026-02-03,469777,25635,5.46,90822.69,459,1.79,53779.95,0.59,193.33,3.54,4.17,44.34,36.63,113.02
CAMP-2024-00296,Huda Beauty,Makeup,TikTok,Carousel,Men 55+,Oceania,Loyalty Program,Desktop,Black Friday,2025-11-28,93957,6517,6.94,28385.01,955,14.66,237803.03,8.38,302.11,4.36,3.77,60.12,55.47,84.96
CAMP-2024-00297,Dove,Men's Grooming,Snapchat,Reels,Men 18-24,Middle East,New Customer Acquisition,Desktop,Spring,2026-05-09,40668,1340,3.3,4210.5,37,2.8,11403.14,2.71,103.53,3.14,7.44,0,57.13,285.41
CAMP-2024-00298,L'Oreal,Fragrance,YouTube,Reels,Men 25-34,Central America,New Customer Acquisition,Connected TV,Black Friday,2026-04-07,178056,9116,5.12,17668.22,230,2.53,8861.29,0.5,99.23,1.94,3.86,46.35,60.08,178.13
CAMP-2024-00299,Shiseido,Personal Care,Pinterest,Banner,Seniors,Southeast Asia,Product Launch,Desktop,Back to School,2025-10-06,42170,264,0.63,251.51,38,14.57,8555.44,34.02,5.96,0.95,11.09,21.02,36.83,138.99
CAMP-2024-00300,Huda Beauty,Personal Care,Snapchat,Single Image,Women 18-24,Africa,Brand Awareness,Connected TV,Holiday,2026-02-27,215158,10561,4.91,9829.46,399,3.78,128543.82,13.08,45.68,0.93,3.56,0,28.5,183.94
CAMP-2024-00301,Olay,Anti-Aging,YouTube,Carousel,Parents,Latin America,Product Launch,Desktop,Fall,2026-08-16,392408,23015,5.87,107616.06,995,4.32,252592.5,2.35,274.25,4.68,1.59,0,34.51,288.08
CAMP-2024-00302,YSL,Men's Grooming,Pinterest,Reels,Men 55+,Africa,Brand Awareness,Desktop,Spring,2026-04-01,570360,11434,2.0,5371.04,481,4.21,125757.59,23.41,9.42,0.47,8.29,60.41,29.9,83.93
CAMP-2024-00303,NYX,Men's Grooming,Twitter/X,Single Image,Women 35-44,Africa,Loyalty Program,Mobile,Black Friday,2026-08-08,14587,948,6.5,2871.7,66,7.06,6370.61,2.22,196.87,3.03,5.32,20.73,59.95,57.83
CAMP-2024-00304,MAC,Anti-Aging,LinkedIn,Collection,Women 18-24,Asia Pacific,Influencer Collaboration,Tablet,Black Friday,2026-09-12,27659,1677,6.06,7147.66,150,8.96,4116.49,0.58,258.42,4.26,8.78,43.51,23.79,44.4
CAMP-2024-00305,Procter & Gamble,Premium/Luxury,Google Ads,Video,Women 45-54,Africa,Flash Sale,Tablet,Summer,2025-12-25,21704,1044,4.81,2309.18,80,7.72,10081.74,4.37,106.39,2.21,7.32,0,50.0,36.5
CAMP-2024-00306,MAC,Haircare,LinkedIn,Video,Women 35-44,Africa,Loyalty Program,Desktop,Winter,2026-03-02,28834,471,1.63,1930.65,57,12.16,15756.66,8.16,66.96,4.1,3.96,40.75,69.01,153.34
CAMP-2024-00307,Anastasia Beverly Hills,Organic/Natural,LinkedIn,Single Image,Men 55+,Oceania,Loyalty Program,Mobile,Back to School,2025-11-30,2877675,32909,1.14,63326.85,823,2.5,112646.02,1.78,22.01,1.92,0.79,0,69.28,68.46
CAMP-2024-00308,Too Faced,Organic/Natural,YouTube,Search,Women 35-44,Oceania,Loyalty Program,Mobile,Back to School,2025-10-31,236455,5549,2.35,23296.98,640,11.54,217797.18,9.35,98.53,4.2,6.11,47.75,21.56,54.85
CAMP-2024-00309,Anastasia Beverly Hills,Sun Care,Twitter/X,Collection,Professionals,North America,Cart Abandonment,Desktop,Back to School,2026-03-28,214628,9981,4.65,25169.97,1289,12.92,304311.61,12.09,117.27,2.52,0.78,0,32.7,36.11
CAMP-2024-00310,Lancome,Makeup,TikTok,Carousel,Women 18-24,Latin America,Retargeting,Tablet,Spring,2026-03-27,269993,1604,0.59,3380.34,38,2.39,4598.49,1.36,12.52,2.11,8.49,33.1,53.11,30.53
CAMP-2024-00311,Estee Lauder,Personal Care,Instagram,Native,Women 45-54,Africa,Cart Abandonment,Connected TV,Winter,2025-11-11,52561,4022,7.65,3271.74,502,12.49,99546.74,30.43,62.25,0.81,10.1,82.14,62.16,56.79
CAMP-2024-00312,Estee Lauder,Sun Care,Facebook,Story,Teens,Africa,Seasonal Promotion,Desktop,Back to School,2026-08-12,194493,7130,3.67,23390.06,271,3.8,26535.86,1.13,120.26,3.28,1.8,22.83,45.07,225.04
CAMP-2024-00313,Shiseido,Personal Care,Programmatic Display,Search,Teens,Southeast Asia,Cart Abandonment,Desktop,Fall,2026-09-23,202324,2888,1.43,8976.21,424,14.71,104501.43,11.64,44.37,3.11,4.01,36.26,57.08,97.62
CAMP-2024-00314,Coty,Anti-Aging,Programmatic Display,Search,Men 55+,Southeast Asia,Flash Sale,Connected TV,Summer,2026-05-19,286415,20199,7.05,41958.32,1407,6.97,254267.93,6.06,146.49,2.08,4.36,0,28.99,60.94
CAMP-2024-00315,Neutrogena,Haircare,Twitter/X,Reels,Women 55+,Central America,Product Launch,Desktop,Holiday,2026-02-07,7916,517,6.54,491.87,30,5.87,1545.53,3.14,62.14,0.95,9.59,0,57.86,269.0
CAMP-2024-00316,Too Faced,Makeup,Google Ads,Native,Women 55+,Europe,Lookalike Audience,Mobile,Winter,2026-04-23,117233,5087,4.34,4585.08,605,11.9,130093.37,28.37,39.11,0.9,2.12,0,55.93,38.73
CAMP-2024-00317,Tarte,Sun Care,Instagram,Reels,Women 55+,Europe,Brand Awareness,Desktop,Back to School,2025-12-17,567781,18186,3.2,18796.35,474,2.61,93380.78,4.97,33.1,1.03,5.39,57.31,43.01,126.34
CAMP-2024-00318,Too Faced,Men's Grooming,LinkedIn,Carousel,Women 18-24,Oceania,Flash Sale,Connected TV,Summer,2026-04-26,431476,22595,5.24,23409.14,1622,7.18,74448.91,3.18,54.25,1.04,4.1,0,54.2,261.5
CAMP-2024-00319,Anastasia Beverly Hills,Sun Care,Snapchat,Search,Men 45-54,Middle East,Brand Awareness,Desktop,Valentine's Day,2025-12-08,54336,2027,3.73,2612.08,145,7.16,8802.77,3.37,48.07,1.29,8.76,70.35,20.88,290.25
CAMP-2024-00320,Shiseido,Skincare,Facebook,Carousel,Women 18-24,Africa,Seasonal Promotion,Mobile,Fall,2025-10-27,253971,2909,1.15,12858.14,424,14.59,28113.57,2.19,50.63,4.42,6.23,0,30.55,277.44
CAMP-2024-00321,Maybelline,Personal Care,Pinterest,Reels,Parents,Oceania,Brand Awareness,Tablet,Spring,2026-08-09,4092733,272111,6.65,1151232.53,37279,13.7,1787115.76,1.55,281.29,4.23,10.49,29.76,70.17,126.49
CAMP-2024-00322,Procter & Gamble,Makeup,Facebook,Reels,Teens,Asia Pacific,Cart Abandonment,Connected TV,Winter,2026-05-06,2475166,88575,3.58,139395.97,4963,5.6,609833.8,4.37,56.32,1.57,10.2,80.97,42.18,90.9
CAMP-2024-00323,Too Faced,Anti-Aging,LinkedIn,Single Image,Women 35-44,Asia Pacific,Brand Awareness,Desktop,Holiday,2025-10-28,21915,291,1.33,244.02,15,5.25,3764.75,15.43,11.13,0.84,5.11,15.72,59.84,55.79
CAMP-2024-00324,L'Oreal,Men's Grooming,Snapchat,Carousel,Men 55+,Oceania,New Customer Acquisition,Connected TV,Back to School,2026-05-31,40373,830,2.06,1139.58,91,10.97,24810.27,21.77,28.23,1.37,3.52,20.4,74.0,147.68
CAMP-2024-00325,NYX,Organic/Natural,Instagram,In-Feed,Men 45-54,Southeast Asia,Cart Abandonment,Desktop,Summer,2026-02-23,229780,15899,6.92,53921.7,1400,8.81,80228.13,1.49,234.67,3.39,5.89,0,59.44,160.73
CAMP-2024-00326,Benefit,Makeup,Pinterest,Single Image,Young Adults,Africa,Influencer Collaboration,Tablet,Fall,2025-11-10,299053,2466,0.82,9532.57,365,14.83,92555.24,9.71,31.88,3.87,1.6,24.17,68.68,237.39
CAMP-2024-00327,Neutrogena,Haircare,TikTok,Video,Men 55+,Latin America,Influencer Collaboration,Connected TV,Back to School,2025-10-30,75737,5407,7.14,6704.42,324,6.0,68676.94,10.24,88.52,1.24,6.74,84.05,33.4,100.31
CAMP-2024-00328,Coty,Makeup,Instagram,Collection,Men 25-34,Central America,Cart Abandonment,Desktop,Back to School,2026-02-22,172596,10469,6.07,6213.75,700,6.69,227321.11,36.58,36.0,0.59,4.58,65.63,79.53,193.42
CAMP-2024-00329,Chanel,Premium/Luxury,Programmatic Display,Collection,Men 45-54,Southeast Asia,Influencer Collaboration,Desktop,Holiday,2025-10-10,79565,6290,7.91,7449.96,339,5.39,77463.39,10.4,93.63,1.18,11.36,0,58.65,174.9
CAMP-2024-00330,Huda Beauty,Makeup,Instagram,Search,Professionals,Southeast Asia,Influencer Collaboration,Desktop,Winter,2026-09-05,20956,1323,6.31,5881.6,120,9.11,12512.17,2.13,280.66,4.45,10.46,40.18,39.03,210.96
CAMP-2024-00331,Oriflame,Organic/Natural,YouTube,Carousel,Men 35-44,Middle East,Cart Abandonment,Desktop,Winter,2026-06-20,73027,3034,4.15,9192.91,37,1.24,4281.43,0.47,125.88,3.03,7.5,38.33,25.57,179.96
CAMP-2024-00332,Revlon,Skincare,Snapchat,Story,Women 25-34,Asia Pacific,Loyalty Program,Tablet,Summer,2026-01-05,116457,3064,2.63,13655.64,408,13.32,64716.27,4.74,117.26,4.46,10.89,20.05,23.91,203.88
CAMP-2024-00333,Tarte,Organic/Natural,Facebook,Story,Women 18-24,Central America,Cart Abandonment,Tablet,Summer,2025-12-07,671025,47092,7.02,180068.68,1313,2.79,431603.44,2.4,268.35,3.82,9.12,23.29,50.46,96.32
CAMP-2024-00334,Shiseido,Skincare,Twitter/X,Search,Men 45-54,North America,Product Launch,Tablet,Black Friday,2026-07-05,44012,1586,3.61,4501.2,165,10.41,7862.92,1.75,102.27,2.84,0.88,0,73.8,221.65
CAMP-2024-00335,Dior,Haircare,Snapchat,Banner,Women 35-44,North America,Loyalty Program,Connected TV,Summer,2026-07-08,866056,21896,2.53,94349.28,2775,12.68,369718.04,3.92,108.94,4.31,5.97,31.24,73.42,189.29
CAMP-2024-00336,Givenchy,Fragrance,Google Ads,Reels,Men 25-34,Asia Pacific,Loyalty Program,Mobile,Fall,2026-08-29,205513,12351,6.01,57680.81,242,1.96,76027.47,1.32,280.67,4.67,9.88,20.25,65.36,174.55
CAMP-2024-00337,Huda Beauty,Fragrance,LinkedIn,Video,Men 35-44,Southeast Asia,Lookalike Audience,Connected TV,Fall,2025-10-29,249223,18478,7.41,31973.08,2248,12.17,659790.63,20.64,128.29,1.73,4.1,42.82,43.94,145.48
CAMP-2024-00338,Benefit,Anti-Aging,Snapchat,Banner,Men 25-34,Southeast Asia,Flash Sale,Desktop,Holiday,2026-02-14,424709,17463,4.11,7579.2,1701,9.74,420209.11,55.44,17.85,0.43,2.08,0,45.15,211.71
CAMP-2024-00339,Maybelline,Premium/Luxury,Facebook,Reels,Men 25-34,Asia Pacific,Influencer Collaboration,Connected TV,Black Friday,2026-09-09,73689,4091,5.55,19661.08,414,10.14,103034.14,5.24,266.81,4.81,4.79,78.81,52.36,222.73
CAMP-2024-00340,Maybelline,Sun Care,Instagram,Story,Men 25-34,Africa,Loyalty Program,Tablet,Holiday,2026-08-12,69506,3439,4.95,6072.24,125,3.64,40545.43,6.68,87.36,1.77,11.48,36.87,69.25,298.57
CAMP-2024-00341,Olay,Anti-Aging,TikTok,Native,Men 18-24,Africa,Lookalike Audience,Desktop,Back to School,2026-05-20,18845,932,4.95,1178.24,22,2.39,6746.6,5.73,62.52,1.26,9.6,34.65,22.83,239.4
CAMP-2024-00342,Shiseido,Skincare,Twitter/X,Collection,Men 18-24,Eastern Europe,Seasonal Promotion,Mobile,Valentine's Day,2026-07-02,29804,313,1.05,1355.32,28,8.96,1688.03,1.25,45.47,4.33,1.64,20.72,54.38,260.45
CAMP-2024-00343,Benefit,Anti-Aging,TikTok,Single Image,Young Adults,Asia Pacific,Brand Awareness,Connected TV,Winter,2025-11-29,168427,10869,6.45,34197.9,506,4.66,119396.65,3.49,203.04,3.15,6.34,69.6,20.87,159.73
CAMP-2024-00344,Anastasia Beverly Hills,Organic/Natural,Instagram,Story,Women 18-24,North America,Loyalty Program,Desktop,Fall,2026-01-27,291510,18270,6.27,6117.14,1070,5.86,212576.75,34.75,20.98,0.33,4.02,0,69.65,291.37
CAMP-2024-00345,Tarte,Haircare,YouTube,Search,Men 35-44,Africa,Product Launch,Tablet,Summer,2026-01-15,96113,2453,2.55,6652.17,27,1.1,6365.62,0.96,69.21,2.71,6.19,47.74,61.47,248.18
CAMP-2024-00346,Shiseido,Sun Care,Instagram,Carousel,Seniors,North America,Product Launch,Mobile,Spring,2026-01-09,102888,907,0.88,4230.59,47,5.23,14043.99,3.32,41.12,4.66,3.52,0,22.06,126.0
CAMP-2024-00347,Mary Kay,Haircare,Instagram,In-Feed,Parents,Asia Pacific,Brand Awareness,Connected TV,Spring,2026-04-09,150556,5702,3.79,21423.6,556,9.76,85911.71,4.01,142.3,3.76,2.19,31.56,59.64,199.2
CAMP-2024-00348,Givenchy,Makeup,YouTube,Video,Women 18-24,Latin America,New Customer Acquisition,Desktop,Back to School,2026-09-26,225921,13961,6.18,45773.39,1053,7.54,121601.27,2.66,202.61,3.28,11.15,30.33,28.21,241.05
CAMP-2024-00349,Oriflame,Fragrance,LinkedIn,Video,Teens,Middle East,New Customer Acquisition,Mobile,Fall,2026-03-30,145005,10003,6.9,16366.37,209,2.1,58228.28,3.56,112.87,1.64,5.65,68.32,70.58,66.53
CAMP-2024-00350,Clinique,Anti-Aging,Twitter/X,Video,Men 18-24,Africa,New Customer Acquisition,Mobile,Valentine's Day,2026-07-20,14143,227,1.61,1090.68,22,9.95,7218.48,6.62,77.12,4.8,7.99,0,59.92,298.29
CAMP-2024-00351,Estee Lauder,Men's Grooming,Pinterest,Video,Women 45-54,Europe,Influencer Collaboration,Tablet,Summer,2026-01-06,132603,9185,6.93,27402.22,466,5.08,122334.51,4.46,206.65,2.98,10.1,0,23.13,289.98
CAMP-2024-00352,Yves Rocher,Men's Grooming,Twitter/X,In-Feed,Professionals,Central America,Cart Abandonment,Tablet,Winter,2026-07-13,314277,12227,3.89,8287.81,1676,13.71,553352.91,66.77,26.37,0.68,2.26,37.61,34.78,88.62
CAMP-2024-00353,YSL,Premium/Luxury,Twitter/X,Search,Teens,Southeast Asia,New Customer Acquisition,Connected TV,Summer,2025-12-28,188787,13477,7.14,3089.62,1809,13.43,463523.45,150.03,16.37,0.23,10.76,27.74,72.5,211.37
CAMP-2024-00354,Clinique,Fragrance,LinkedIn,In-Feed,Women 55+,Oceania,Brand Awareness,Tablet,Spring,2025-10-06,209234,7749,3.7,3585.95,177,2.29,58084.13,16.2,17.14,0.46,10.05,47.41,68.06,73.91
CAMP-2024-00355,Lancome,Fragrance,Google Ads,Video,Men 25-34,Europe,Product Launch,Tablet,Back to School,2026-02-21,392981,10128,2.58,26056.66,149,1.48,10837.81,0.42,66.31,2.57,5.94,0,27.52,157.83
CAMP-2024-00356,Procter & Gamble,Premium/Luxury,Twitter/X,Video,Teens,Europe,Product Launch,Connected TV,Summer,2026-07-10,884522,54589,6.17,173197.21,4937,9.04,996938.54,5.76,195.81,3.17,4.09,28.55,66.07,70.2
CAMP-2024-00357,Benefit,Men's Grooming,YouTube,Native,Parents,Eastern Europe,Retargeting,Desktop,Back to School,2026-07-06,140047,8782,6.27,13433.33,334,3.81,113208.2,8.43,95.92,1.53,8.99,59.69,52.2,121.79
CAMP-2024-00358,Too Faced,Personal Care,Twitter/X,Banner,Young Adults,North America,New Customer Acquisition,Connected TV,Fall,2026-07-03,92815,3912,4.22,2986.89,157,4.01,44944.43,15.05,32.18,0.76,10.97,35.34,22.48,83.34
CAMP-2024-00359,Anastasia Beverly Hills,Skincare,Programmatic Display,In-Feed,Parents,Southeast Asia,Product Launch,Tablet,Black Friday,2026-08-26,49041,1168,2.38,3142.28,28,2.44,2223.77,0.71,64.07,2.69,9.61,0,56.37,126.38
CAMP-2024-00360,Tarte,Premium/Luxury,Twitter/X,Native,Women 35-44,Latin America,Flash Sale,Connected TV,Back to School,2026-03-12,640231,19687,3.07,24836.5,2257,11.47,548310.72,22.08,38.79,1.26,3.71,82.03,24.54,99.59
CAMP-2024-00361,Lancome,Premium/Luxury,Snapchat,Story,Professionals,Europe,Brand Awareness,Desktop,Black Friday,2026-01-14,429895,29929,6.96,28949.96,2003,6.69,61892.12,2.14,67.34,0.97,5.01,72.17,24.66,248.69
CAMP-2024-00362,Dior,Personal Care,Twitter/X,Banner,Professionals,Eastern Europe,New Customer Acquisition,Tablet,Fall,2025-12-25,123159,9583,7.78,29170.69,353,3.68,101212.92,3.47,236.85,3.04,8.44,0,64.57,293.67
CAMP-2024-00363,Maybelline,Makeup,Pinterest,Collection,Women 18-24,Asia Pacific,Brand Awareness,Connected TV,Black Friday,2026-09-17,44665,3069,6.87,9379.76,421,13.74,81944.09,8.74,210.0,3.06,9.56,0,21.52,66.74
CAMP-2024-00364,Dove,Makeup,YouTube,Single Image,Men 55+,Southeast Asia,Cart Abandonment,Desktop,Summer,2026-03-06,317613,11266,3.55,52324.06,755,6.71,27851.26,0.53,164.74,4.64,9.97,78.16,23.89,124.3
CAMP-2024-00365,Dove,Sun Care,TikTok,Collection,Young Adults,Southeast Asia,Product Launch,Mobile,Back to School,2026-03-30,123237,3165,2.57,13006.34,382,12.08,102610.24,7.89,105.54,4.11,6.25,0,56.22,207.15
CAMP-2024-00366,Guerlain,Men's Grooming,Facebook,Single Image,Men 55+,Southeast Asia,Product Launch,Mobile,Winter,2025-10-24,147892,5319,3.6,12286.75,703,13.23,68394.18,5.57,83.08,2.31,5.97,0,48.99,168.64
CAMP-2024-00367,Clinique,Fragrance,TikTok,Carousel,Women 18-24,Latin America,Loyalty Program,Mobile,Fall,2026-03-24,737187,7569,1.03,20664.34,965,12.76,118202.27,5.72,28.03,2.73,2.56,0,68.7,202.39
CAMP-2024-00368,Dior,Premium/Luxury,Pinterest,Reels,Women 25-34,Oceania,Lookalike Audience,Connected TV,Holiday,2026-01-19,78718,3771,4.79,4253.75,487,12.94,51967.67,12.22,54.04,1.13,4.34,32.27,74.31,79.11
CAMP-2024-00369,Givenchy,Skincare,TikTok,Banner,Professionals,Middle East,Seasonal Promotion,Connected TV,Back to School,2026-05-02,636646,43590,6.85,6818.57,4354,9.99,533800.7,78.29,10.71,0.16,4.28,83.06,34.38,152.81
CAMP-2024-00370,Avon,Skincare,Pinterest,Banner,Women 35-44,Latin America,Loyalty Program,Mobile,Holiday,2026-09-24,45094,2508,5.56,9484.62,259,10.36,42210.44,4.45,210.33,3.78,3.55,32.89,52.97,285.21
CAMP-2024-00371,Anastasia Beverly Hills,Premium/Luxury,Instagram,Story,Parents,Asia Pacific,Brand Awareness,Tablet,Spring,2026-07-16,40427,2432,6.02,630.39,39,1.61,12567.15,19.94,15.59,0.26,4.57,0,67.17,187.49
CAMP-2024-00372,Procter & Gamble,Fragrance,Instagram,Banner,Women 18-24,Asia Pacific,Cart Abandonment,Connected TV,Spring,2025-11-07,11565,772,6.68,2971.66,114,14.82,16060.09,5.4,256.95,3.85,8.32,50.0,76.34,278.85
CAMP-2024-00373,MAC,Personal Care,Google Ads,Banner,Women 25-34,Africa,New Customer Acquisition,Connected TV,Black Friday,2026-08-02,60939,2181,3.58,9840.35,83,3.83,5260.8,0.53,161.48,4.51,11.57,63.53,58.08,77.24
CAMP-2024-00374,Avon,Fragrance,Google Ads,Search,Women 45-54,North America,Loyalty Program,Tablet,Valentine's Day,2026-06-29,118237,5632,4.76,7787.02,296,5.26,11913.97,1.53,65.86,1.38,3.49,53.25,77.09,36.42
CAMP-2024-00375,Revlon,Personal Care,Snapchat,Banner,Teens,North America,Influencer Collaboration,Desktop,Holiday,2026-02-27,81546,1978,2.43,5666.63,213,10.81,50151.62,8.85,69.49,2.86,0.94,24.11,23.25,238.04
CAMP-2024-00376,Revlon,Premium/Luxury,TikTok,Reels,Women 55+,Eastern Europe,Flash Sale,Connected TV,Valentine's Day,2026-09-20,3677,139,3.79,234.36,4,3.58,1099.85,4.69,63.74,1.69,8.14,0,68.12,99.69
CAMP-2024-00377,Guerlain,Fragrance,Instagram,Carousel,Teens,Asia Pacific,Flash Sale,Desktop,Back to School,2026-07-16,2087329,31971,1.53,46163.27,1883,5.89,271691.97,5.89,22.12,1.44,3.74,62.03,48.84,282.62
CAMP-2024-00378,Yves Rocher,Haircare,Pinterest,Collection,Professionals,Asia Pacific,Cart Abandonment,Connected TV,Fall,2026-05-31,29288,1182,4.04,4513.56,159,13.52,13977.06,3.1,154.11,3.82,10.04,0,78.87,291.16
CAMP-2024-00379,Tarte,Premium/Luxury,Pinterest,Native,Women 25-34,Europe,Seasonal Promotion,Tablet,Fall,2025-10-14,101685,7148,7.03,32781.1,95,1.33,27594.41,0.84,322.38,4.59,9.86,21.69,31.82,59.54
CAMP-2024-00380,Guerlain,Fragrance,Instagram,Native,Professionals,Africa,New Customer Acquisition,Tablet,Spring,2025-12-20,485914,37631,7.74,100175.18,795,2.11,51337.87,0.51,206.16,2.66,6.97,59.93,72.65,274.12
CAMP-2024-00381,Chanel,Anti-Aging,YouTube,In-Feed,Men 55+,Southeast Asia,Influencer Collaboration,Connected TV,Winter,2026-07-27,5428,148,2.74,217.42,16,11.24,2866.77,13.19,40.06,1.47,5.43,72.34,59.07,197.4
CAMP-2024-00382,Huda Beauty,Premium/Luxury,TikTok,Carousel,Women 18-24,Latin America,New Customer Acquisition,Tablet,Valentine's Day,2026-02-03,103668,8233,7.94,21781.39,244,2.97,42267.83,1.94,210.11,2.65,7.91,70.04,59.07,266.65
CAMP-2024-00383,Clinique,Organic/Natural,LinkedIn,Banner,Women 45-54,Europe,Cart Abandonment,Desktop,Valentine's Day,2026-03-17,188244,10895,5.79,53879.94,535,4.91,22863.63,0.42,286.22,4.95,4.57,71.86,35.86,125.31
CAMP-2024-00384,Clinique,Premium/Luxury,Google Ads,Video,Men 45-54,Europe,Lookalike Audience,Mobile,Winter,2026-09-25,34892,986,2.83,3096.12,68,6.96,16401.12,5.3,88.73,3.14,6.1,21.51,74.04,218.05
CAMP-2024-00385,Estee Lauder,Organic/Natural,TikTok,Carousel,Men 35-44,Central America,Flash Sale,Desktop,Holiday,2026-07-21,949976,25996,2.74,51109.52,580,2.23,105601.11,2.07,53.8,1.97,7.98,72.52,47.45,80.38
CAMP-2024-00386,Shiseido,Sun Care,Instagram,Video,Women 55+,Central America,Influencer Collaboration,Tablet,Holiday,2026-03-28,345933,18907,5.47,5180.51,1251,6.62,348506.38,67.27,14.98,0.27,9.91,0,55.15,159.49
CAMP-2024-00387,Garnier,Haircare,Instagram,Story,Professionals,Europe,Loyalty Program,Connected TV,Spring,2025-12-18,167750,13066,7.79,48821.91,693,5.31,239359.48,4.9,291.04,3.74,4.27,0,62.43,136.86
CAMP-2024-00388,Tarte,Personal Care,Programmatic Display,Native,Men 55+,North America,Flash Sale,Mobile,Holiday,2025-10-02,87051,677,0.78,555.25,97,14.34,14122.29,25.43,6.38,0.82,6.45,17.23,79.66,133.23
CAMP-2024-00389,Anastasia Beverly Hills,Makeup,Twitter/X,Video,Women 25-34,Oceania,Cart Abandonment,Mobile,Spring,2026-02-13,4974,301,6.07,1408.42,42,13.96,6210.49,4.41,283.16,4.68,2.14,52.94,50.73,271.91
CAMP-2024-00390,Olay,Skincare,YouTube,Single Image,Men 25-34,Africa,Seasonal Promotion,Mobile,Winter,2026-01-16,25592194,796267,3.11,2017048.7,101979,12.81,29282196.51,14.52,78.81,2.53,5.51,59.21,60.52,263.05
CAMP-2024-00391,Dior,Fragrance,Facebook,Banner,Men 45-54,Africa,Seasonal Promotion,Mobile,Summer,2026-02-19,596515,6336,1.06,23756.0,711,11.24,174218.05,7.33,39.82,3.75,9.26,28.65,39.14,53.83
CAMP-2024-00392,Chanel,Men's Grooming,Twitter/X,Single Image,Professionals,Oceania,Seasonal Promotion,Connected TV,Fall,2026-09-16,25207,1893,7.51,4424.97,177,9.4,16735.58,3.78,175.55,2.34,4.59,79.75,39.45,180.97
CAMP-2024-00393,Coty,Sun Care,Instagram,Banner,Women 25-34,Latin America,Product Launch,Desktop,Winter,2026-01-27,1097398,18924,1.72,60158.41,1478,7.81,179327.16,2.98,54.82,3.18,10.78,66.51,61.32,212.64
CAMP-2024-00394,Nivea,Fragrance,Programmatic Display,In-Feed,Men 55+,Middle East,Retargeting,Mobile,Spring,2026-09-21,2733773,180822,6.61,161814.33,20697,11.45,6532772.9,40.37,59.19,0.89,8.56,75.08,24.58,94.83
CAMP-2024-00395,Nivea,Sun Care,Instagram,Video,Seniors,Central America,Flash Sale,Desktop,Summer,2026-03-07,29550,2243,7.59,5062.38,164,7.35,30990.86,6.12,171.32,2.26,10.09,52.18,73.19,235.05
CAMP-2024-00396,Yves Rocher,Men's Grooming,LinkedIn,Video,Women 35-44,Africa,Flash Sale,Tablet,Winter,2026-09-17,82191,1236,1.5,5452.62,38,3.13,11836.12,2.17,66.34,4.41,3.23,67.19,29.69,229.07
CAMP-2024-00397,Dior,Organic/Natural,YouTube,Reels,Professionals,Europe,Influencer Collaboration,Tablet,Fall,2026-03-07,349419,8499,2.43,5979.5,663,7.8,97886.06,16.37,17.11,0.7,10.63,49.42,33.52,169.79
CAMP-2024-00398,Avon,Personal Care,YouTube,Native,Women 55+,Eastern Europe,Brand Awareness,Desktop,Back to School,2026-06-15,520524,32144,6.18,4168.56,4498,13.99,1069474.72,256.56,8.01,0.13,3.04,63.36,34.01,258.89
CAMP-2024-00399,Dior,Personal Care,YouTube,Video,Women 25-34,Asia Pacific,Product Launch,Connected TV,Holiday,2026-05-22,448946,11729,2.61,32671.13,207,1.77,33787.36,1.03,72.77,2.79,6.06,0,66.97,265.3
CAMP-2024-00400,Oriflame,Personal Care,Programmatic Display,Search,Teens,Asia Pacific,Seasonal Promotion,Mobile,Back to School,2026-05-14,12528,558,4.46,2586.13,61,10.94,4606.37,1.78,206.43,4.63,3.68,0,43.92,125.05
CAMP-2024-00401,Procter & Gamble,Personal Care,Programmatic Display,Banner,Professionals,Central America,Retargeting,Desktop,Black Friday,2025-12-10,72336,1204,1.67,1891.65,70,5.85,6605.14,3.49,26.15,1.57,0.84,0,34.1,222.27
CAMP-2024-00402,Dior,Skincare,Twitter/X,Reels,Women 45-54,Latin America,Product Launch,Desktop,Spring,2026-05-13,307867,22075,7.17,25713.66,2060,9.33,142056.59,5.52,83.52,1.16,0.81,0,29.55,42.44
CAMP-2024-00403,Avon,Organic/Natural,LinkedIn,Video,Teens,Eastern Europe,Loyalty Program,Tablet,Holiday,2026-04-03,245394,15776,6.43,25574.82,2264,14.35,295076.0,11.54,104.22,1.62,1.16,41.56,31.59,128.2
CAMP-2024-00404,L'Oreal,Makeup,Pinterest,Native,Teens,North America,Brand Awareness,Desktop,Winter,2025-11-12,18911,1471,7.78,4116.35,102,6.99,28329.7,6.88,217.67,2.8,4.45,26.7,57.01,58.06
CAMP-2024-00405,Clinique,Makeup,Programmatic Display,In-Feed,Parents,Latin America,Influencer Collaboration,Mobile,Valentine's Day,2025-11-27,410645,8316,2.03,22171.98,389,4.68,24586.5,1.11,53.99,2.67,4.79,41.94,78.46,283.93
CAMP-2024-00406,Mary Kay,Haircare,Facebook,Banner,Men 45-54,Latin America,Product Launch,Desktop,Spring,2026-04-04,212751,7965,3.74,38190.5,566,7.11,129928.11,3.4,179.51,4.79,7.74,0,61.26,196.93
CAMP-2024-00407,Neutrogena,Makeup,Instagram,In-Feed,Men 25-34,Central America,Brand Awareness,Connected TV,Black Friday,2025-11-25,40610,3030,7.46,9863.2,207,6.85,41057.29,4.16,242.88,3.26,11.01,54.68,34.25,63.77
CAMP-2024-00408,NYX,Skincare,TikTok,Reels,Women 18-24,Asia Pacific,Brand Awareness,Connected TV,Holiday,2025-11-28,79350,3382,4.26,6967.92,223,6.62,32417.4,4.65,87.81,2.06,6.86,15.29,56.78,220.01
CAMP-2024-00409,YSL,Haircare,Google Ads,Video,Seniors,Eastern Europe,Brand Awareness,Connected TV,Back to School,2025-12-14,268037,18224,6.8,68172.2,440,2.42,70745.66,1.04,254.34,3.74,5.07,49.16,69.63,106.56
CAMP-2024-00410,Benefit,Organic/Natural,TikTok,Reels,Women 18-24,North America,New Customer Acquisition,Mobile,Black Friday,2025-11-05,1374232,34533,2.51,77392.81,4529,13.12,335156.76,4.33,56.32,2.24,5.96,65.25,33.34,155.28
CAMP-2024-00411,Tarte,Premium/Luxury,TikTok,In-Feed,Men 18-24,Latin America,New Customer Acquisition,Tablet,Holiday,2026-07-15,13806,532,3.86,908.9,53,10.01,14525.54,15.98,65.83,1.71,3.24,52.36,56.76,79.63
CAMP-2024-00412,Dove,Personal Care,Programmatic Display,Collection,Men 35-44,North America,Influencer Collaboration,Desktop,Fall,2026-04-05,47644,1028,2.16,5015.57,119,11.63,34148.6,6.81,105.27,4.88,10.04,0,64.87,276.67
CAMP-2024-00413,Lancome,Organic/Natural,TikTok,Reels,Men 55+,Asia Pacific,Seasonal Promotion,Tablet,Black Friday,2026-01-28,69366,1393,2.01,1158.3,137,9.85,26094.27,22.53,16.7,0.83,3.13,25.38,59.87,233.92
CAMP-2024-00414,Benefit,Organic/Natural,Facebook,Carousel,Men 45-54,Eastern Europe,Influencer Collaboration,Tablet,Black Friday,2026-08-20,29093,1810,6.22,3772.5,254,14.09,71905.58,19.06,129.67,2.08,5.57,84.67,30.04,146.13
CAMP-2024-00415,Avon,Skincare,Twitter/X,Collection,Men 18-24,Asia Pacific,Lookalike Audience,Tablet,Summer,2026-09-27,159008,8600,5.41,21529.39,302,3.52,40394.54,1.88,135.4,2.5,3.79,0,54.56,117.5
CAMP-2024-00416,Too Faced,Skincare,TikTok,Story,Professionals,Oceania,Brand Awareness,Tablet,Holiday,2026-01-26,172588,9499,5.5,8612.26,959,10.1,193286.7,22.44,49.9,0.91,2.02,84.86,50.52,95.56
CAMP-2024-00417,Olay,Haircare,YouTube,Video,Men 55+,Europe,Product Launch,Connected TV,Black Friday,2026-08-01,29257,987,3.38,253.88,21,2.17,7140.88,28.13,8.68,0.26,1.2,73.78,60.49,268.26
CAMP-2024-00418,Revlon,Men's Grooming,TikTok,Single Image,Men 55+,Oceania,Influencer Collaboration,Connected TV,Winter,2026-04-07,189658,11549,6.09,50342.84,617,5.35,47353.05,0.94,265.44,4.36,11.33,38.49,75.57,76.68
CAMP-2024-00419,Coty,Men's Grooming,YouTube,Native,Seniors,Middle East,Seasonal Promotion,Connected TV,Winter,2026-08-28,97656,7676,7.86,13594.26,450,5.87,64539.93,4.75,139.21,1.77,2.71,0,70.96,182.74
CAMP-2024-00420,L'Oreal,Premium/Luxury,Snapchat,In-Feed,Men 18-24,Latin America,New Customer Acquisition,Mobile,Fall,2026-07-24,20074,763,3.8,1992.6,42,5.52,6305.12,3.16,99.26,2.61,3.14,0,48.07,222.09
CAMP-2024-00421,Neutrogena,Premium/Luxury,TikTok,Video,Young Adults,Central America,Retargeting,Connected TV,Spring,2025-11-15,2941,44,1.53,211.13,6,14.02,519.63,2.46,71.79,4.8,7.82,42.99,41.57,164.87
CAMP-2024-00422,Clinique,Personal Care,Facebook,In-Feed,Women 18-24,Oceania,Flash Sale,Desktop,Black Friday,2026-01-15,411688,16743,4.07,79595.73,2338,13.97,643740.99,8.09,193.34,4.75,0.76,54.1,36.45,162.91
CAMP-2024-00423,YSL,Skincare,Instagram,Single Image,Parents,Southeast Asia,Cart Abandonment,Mobile,Summer,2026-02-26,245763,11556,4.7,1939.97,1163,10.07,253017.05,130.42,7.89,0.17,10.03,74.48,53.12,282.59
CAMP-2024-00424,Too Faced,Men's Grooming,YouTube,Video,Men 45-54,Eastern Europe,New Customer Acquisition,Tablet,Summer,2026-05-27,337240,3661,1.09,15769.43,444,12.15,114821.64,7.28,46.76,4.31,2.92,22.83,60.14,51.81
CAMP-2024-00425,Maybelline,Anti-Aging,Programmatic Display,Search,Women 35-44,Europe,Product Launch,Desktop,Spring,2026-03-04,130052,1038,0.8,878.54,82,7.96,27262.3,31.03,6.76,0.85,8.57,70.27,66.19,256.72
CAMP-2024-00426,Dove,Anti-Aging,Google Ads,Banner,Teens,Middle East,Influencer Collaboration,Tablet,Back to School,2026-08-21,95224,1925,2.02,6450.09,196,10.23,58888.39,9.13,67.74,3.35,9.85,78.06,43.49,170.2
CAMP-2024-00427,Garnier,Fragrance,Programmatic Display,Single Image,Women 18-24,Oceania,Lookalike Audience,Tablet,Holiday,2025-10-04,217865,2980,1.37,2582.55,442,14.83,108596.11,42.05,11.85,0.87,4.75,16.53,40.0,41.62
CAMP-2024-00428,Clinique,Skincare,Facebook,Carousel,Women 25-34,Europe,Lookalike Audience,Connected TV,Spring,2026-04-15,198293,3817,1.92,4378.11,84,2.2,21979.41,5.02,22.08,1.15,7.07,0,45.7,58.62
CAMP-2024-00429,Coty,Skincare,Snapchat,Search,Seniors,Eastern Europe,Product Launch,Desktop,Summer,2025-10-18,736494,56647,7.69,87332.19,1676,2.96,136799.75,1.57,118.58,1.54,3.92,0,46.61,199.27
CAMP-2024-00430,Estee Lauder,Men's Grooming,LinkedIn,Collection,Professionals,Oceania,New Customer Acquisition,Connected TV,Spring,2026-03-05,210603,14352,6.82,40993.73,735,5.12,33845.25,0.83,194.65,2.86,7.63,0,77.7,245.84
CAMP-2024-00431,Estee Lauder,Men's Grooming,Facebook,Single Image,Men 55+,Central America,Influencer Collaboration,Tablet,Fall,2026-04-25,872363,57888,6.64,102268.82,5570,9.62,1198979.48,11.72,117.23,1.77,4.72,70.36,36.52,256.83
CAMP-2024-00432,Coty,Sun Care,Google Ads,Reels,Women 35-44,Latin America,Seasonal Promotion,Tablet,Summer,2026-04-14,405195,23888,5.9,84841.28,1613,6.75,44954.26,0.53,209.38,3.55,11.56,0,25.85,247.16
CAMP-2024-00433,Coty,Haircare,Programmatic Display,Single Image,Men 55+,Central America,Flash Sale,Tablet,Black Friday,2026-03-22,1420680,71956,5.06,228081.63,6988,9.71,652648.3,2.86,160.54,3.17,10.5,0,62.93,33.25
CAMP-2024-00434,Lancome,Men's Grooming,Snapchat,In-Feed,Teens,Latin America,Brand Awareness,Desktop,Fall,2026-07-01,232417,15912,6.85,42208.88,217,1.37,47315.33,1.12,181.61,2.65,9.13,66.27,56.92,205.72
CAMP-2024-00435,Avon,Premium/Luxury,LinkedIn,Story,Men 18-24,North America,Loyalty Program,Desktop,Winter,2026-01-06,520041,15159,2.91,56657.78,1434,9.46,484829.79,8.56,108.95,3.74,11.69,56.14,77.31,220.46
CAMP-2024-00436,Garnier,Sun Care,Facebook,Single Image,Women 55+,Central America,Product Launch,Desktop,Holiday,2026-05-26,13566,544,4.01,686.09,28,5.26,831.7,1.21,50.57,1.26,4.56,22.31,73.09,72.03
CAMP-2024-00437,Anastasia Beverly Hills,Skincare,Pinterest,Reels,Women 18-24,Eastern Europe,Product Launch,Mobile,Valentine's Day,2026-04-13,80581,1715,2.13,3312.71,180,10.5,35886.31,10.83,41.11,1.93,8.44,80.79,60.84,90.51
CAMP-2024-00438,Guerlain,Makeup,Google Ads,Native,Women 25-34,Asia Pacific,Product Launch,Tablet,Valentine's Day,2026-02-15,3078,36,1.18,106.7,5,14.92,1012.25,9.49,34.67,2.96,10.4,63.82,42.61,67.61
CAMP-2024-00439,Procter & Gamble,Fragrance,Google Ads,Native,Seniors,Oceania,Influencer Collaboration,Tablet,Holiday,2025-12-02,29576,852,2.88,3288.73,121,14.23,41178.81,12.52,111.2,3.86,5.12,84.94,30.65,263.87
CAMP-2024-00440,Estee Lauder,Makeup,Instagram,Native,Men 25-34,Africa,Seasonal Promotion,Tablet,Holiday,2026-04-06,112242,7438,6.63,1598.93,435,5.86,29006.51,18.14,14.25,0.21,5.2,42.44,49.55,92.09
CAMP-2024-00441,Chanel,Personal Care,Pinterest,In-Feed,Women 35-44,Middle East,New Customer Acquisition,Connected TV,Holiday,2026-03-05,170456,9429,5.53,4737.35,471,5.0,29121.08,6.15,27.79,0.5,6.99,81.34,44.89,59.89
CAMP-2024-00442,YSL,Sun Care,TikTok,Video,Men 35-44,Central America,Influencer Collaboration,Desktop,Black Friday,2026-01-16,9002,137,1.53,212.64,20,14.83,1879.08,8.84,23.62,1.55,2.01,54.57,72.42,243.69
CAMP-2024-00443,Anastasia Beverly Hills,Premium/Luxury,TikTok,Story,Men 25-34,Eastern Europe,Brand Awareness,Desktop,Spring,2026-06-04,56114,2068,3.69,3127.72,128,6.21,32462.45,10.38,55.74,1.51,2.08,80.82,65.69,73.63
CAMP-2024-00444,Chanel,Makeup,Snapchat,Reels,Men 35-44,Europe,Loyalty Program,Tablet,Black Friday,2026-08-24,302508,21876,7.23,24020.79,524,2.4,145827.41,6.07,79.41,1.1,4.86,23.32,65.78,67.12
CAMP-2024-00445,Lancome,Organic/Natural,Facebook,Native,Parents,Eastern Europe,Cart Abandonment,Tablet,Summer,2026-09-08,272267,19080,7.01,71130.7,547,2.87,181526.15,2.55,261.25,3.73,5.82,22.13,59.94,191.67
CAMP-2024-00446,YSL,Personal Care,TikTok,Collection,Women 45-54,Asia Pacific,Retargeting,Tablet,Winter,2026-04-14,77684,4758,6.13,20304.22,185,3.9,44570.52,2.2,261.37,4.27,1.79,70.64,20.24,82.22
CAMP-2024-00447,Olay,Premium/Luxury,Instagram,Search,Men 35-44,Europe,Retargeting,Connected TV,Black Friday,2026-07-01,922812,37654,4.08,148209.97,2338,6.21,710951.81,4.8,160.61,3.94,6.89,44.05,65.11,231.3
CAMP-2024-00448,Anastasia Beverly Hills,Skincare,YouTube,In-Feed,Women 25-34,Africa,Retargeting,Tablet,Holiday,2025-10-31,425290,21677,5.1,51361.47,1815,8.38,114923.74,2.24,120.77,2.37,3.55,0,56.24,49.33
CAMP-2024-00449,L'Oreal,Skincare,LinkedIn,In-Feed,Women 25-34,North America,Lookalike Audience,Mobile,Valentine's Day,2026-07-14,45382,1304,2.87,3279.9,186,14.33,45708.22,13.94,72.27,2.52,3.29,0,79.02,51.07
CAMP-2024-00450,Procter & Gamble,Men's Grooming,Programmatic Display,Reels,Professionals,Africa,Brand Awareness,Mobile,Summer,2025-11-22,525522,6915,1.32,12047.22,559,8.09,29472.0,2.45,22.92,1.74,7.09,73.68,52.65,247.75
CAMP-2024-00451,MAC,Haircare,Snapchat,Story,Women 45-54,Middle East,Flash Sale,Connected TV,Holiday,2026-08-29,305895,18810,6.15,22467.14,1670,8.88,268102.37,11.93,73.45,1.19,10.43,0,21.55,65.47
CAMP-2024-00452,Oriflame,Haircare,Google Ads,Native,Professionals,Southeast Asia,Retargeting,Mobile,Summer,2026-05-27,378248,18058,4.77,15012.52,2606,14.44,119344.73,7.95,39.69,0.83,11.55,15.55,46.91,118.42
CAMP-2024-00453,Too Faced,Anti-Aging,Pinterest,Search,Men 55+,Africa,Loyalty Program,Tablet,Back to School,2026-05-20,245535,12937,5.27,35275.24,1287,9.95,291909.98,8.28,143.67,2.73,6.5,0,31.94,72.67
CAMP-2024-00454,Guerlain,Organic/Natural,Facebook,Story,Men 25-34,Middle East,Influencer Collaboration,Mobile,Spring,2026-09-26,22939,298,1.3,498.91,39,13.28,9928.9,19.9,21.75,1.67,1.33,66.86,40.79,45.31
CAMP-2024-00455,YSL,Makeup,LinkedIn,Search,Men 35-44,Southeast Asia,Seasonal Promotion,Connected TV,Winter,2026-09-22,9488,99,1.05,352.12,11,11.57,2026.58,5.76,37.11,3.56,9.96,0,46.37,47.74
CAMP-2024-00456,Anastasia Beverly Hills,Skincare,LinkedIn,Story,Women 35-44,Latin America,Cart Abandonment,Mobile,Spring,2026-08-21,11449428,707606,6.18,247077.73,56764,8.02,5713841.59,23.13,21.58,0.35,1.98,53.87,42.18,192.65
CAMP-2024-00457,Oriflame,Organic/Natural,TikTok,Reels,Women 55+,Africa,Influencer Collaboration,Mobile,Winter,2025-12-04,74899,4797,6.41,23119.68,233,4.87,63462.82,2.74,308.68,4.82,6.81,72.38,61.65,48.99
CAMP-2024-00458,Chanel,Makeup,Snapchat,Reels,Men 55+,North America,Seasonal Promotion,Desktop,Black Friday,2026-09-26,47243,2198,4.65,3561.19,318,14.48,16510.89,4.64,75.38,1.62,10.5,0,35.29,63.7
CAMP-2024-00459,Procter & Gamble,Anti-Aging,Programmatic Display,Native,Women 35-44,Oceania,Seasonal Promotion,Mobile,Valentine's Day,2026-04-09,385061,15869,4.12,15927.33,562,3.55,26133.97,1.64,41.36,1.0,0.8,39.01,42.23,154.35
CAMP-2024-00460,Lancome,Makeup,Snapchat,Search,Young Adults,Oceania,Brand Awareness,Desktop,Valentine's Day,2026-08-09,1135375,22028,1.94,12405.9,1851,8.41,547466.83,44.13,10.93,0.56,8.93,75.43,33.77,247.4
CAMP-2024-00461,Huda Beauty,Premium/Luxury,TikTok,Single Image,Women 25-34,North America,Retargeting,Mobile,Fall,2025-11-03,70578,1270,1.8,337.6,164,12.95,19160.19,56.75,4.78,0.27,9.43,82.11,75.13,117.26
CAMP-2024-00462,Avon,Men's Grooming,Programmatic Display,Story,Women 35-44,Middle East,Retargeting,Connected TV,Spring,2026-05-11,201084,14338,7.13,59702.28,256,1.79,34502.33,0.58,296.9,4.16,11.43,0,75.65,187.81
CAMP-2024-00463,Mary Kay,Haircare,Pinterest,Reels,Men 55+,Central America,New Customer Acquisition,Desktop,Holiday,2026-02-16,101799,4959,4.87,7380.36,125,2.53,13245.69,1.79,72.5,1.49,11.01,0,60.82,229.92
CAMP-2024-00464,Lancome,Anti-Aging,Twitter/X,Video,Women 25-34,Africa,Seasonal Promotion,Connected TV,Summer,2026-09-20,5375,264,4.93,785.13,8,3.29,485.13,0.62,146.07,2.97,8.14,0,62.8,123.42
CAMP-2024-00465,Clinique,Premium/Luxury,LinkedIn,Carousel,Young Adults,North America,Loyalty Program,Desktop,Back to School,2026-01-16,153763,5983,3.89,7768.23,320,5.36,23261.31,2.99,50.52,1.3,8.63,0,24.69,74.27
CAMP-2024-00466,Givenchy,Organic/Natural,Google Ads,Carousel,Women 55+,Africa,Lookalike Audience,Desktop,Fall,2026-04-11,156264,11697,7.49,5506.5,1600,13.68,416041.15,75.55,35.24,0.47,8.61,0,55.75,68.93
CAMP-2024-00467,Chanel,Anti-Aging,Pinterest,Story,Women 55+,Latin America,Flash Sale,Desktop,Fall,2026-07-02,265461,14736,5.55,2954.19,1869,12.69,109744.21,37.15,11.13,0.2,9.55,51.65,74.77,101.63
CAMP-2024-00468,Chanel,Personal Care,Programmatic Display,Story,Men 45-54,Europe,Retargeting,Connected TV,Holiday,2026-05-29,225294,9700,4.31,29403.88,1042,10.75,99938.93,3.4,130.51,3.03,3.23,47.79,37.66,168.1
CAMP-2024-00469,Clinique,Makeup,LinkedIn,Banner,Men 35-44,Europe,Seasonal Promotion,Connected TV,Fall,2026-05-14,2419276,16086,0.66,65610.26,2037,12.66,358081.49,5.46,27.12,4.08,8.47,24.24,53.84,264.59
CAMP-2024-00470,Tarte,Anti-Aging,YouTube,Story,Men 18-24,Africa,Brand Awareness,Mobile,Valentine's Day,2025-12-15,65023,2764,4.25,13819.59,224,8.11,60893.43,4.41,212.53,5.0,0.56,37.57,78.41,135.79
CAMP-2024-00471,Lancome,Anti-Aging,Twitter/X,Collection,Men 55+,Southeast Asia,Product Launch,Desktop,Summer,2026-03-10,379216,18624,4.91,27291.26,1427,7.67,479497.47,17.57,71.97,1.47,10.55,27.39,22.25,266.11
CAMP-2024-00472,Lancome,Skincare,Twitter/X,Native,Men 55+,Oceania,Brand Awareness,Mobile,Valentine's Day,2026-02-27,542747,5960,1.1,17981.99,652,10.95,151488.87,8.42,33.13,3.02,1.88,28.71,38.98,97.81
CAMP-2024-00473,Shiseido,Anti-Aging,Snapchat,Native,Women 25-34,Middle East,Seasonal Promotion,Desktop,Spring,2026-06-02,23567,383,1.63,349.51,17,4.48,4199.6,12.02,14.83,0.91,11.99,0,39.09,53.92
CAMP-2024-00474,Avon,Sun Care,Programmatic Display,Collection,Women 35-44,Europe,Brand Awareness,Desktop,Spring,2026-06-21,1775118,60031,3.38,74908.46,1983,3.3,544163.22,7.26,42.2,1.25,11.67,17.18,51.88,115.61
CAMP-2024-00475,Huda Beauty,Makeup,Instagram,Carousel,Women 18-24,Central America,Brand Awareness,Desktop,Back to School,2026-09-02,147553,5316,3.6,19451.35,361,6.8,59740.41,3.07,131.83,3.66,3.33,0,38.03,155.66
CAMP-2024-00476,Too Faced,Haircare,Snapchat,Collection,Seniors,Central America,New Customer Acquisition,Mobile,Black Friday,2026-09-05,752085,57447,7.64,171180.18,4841,8.43,892179.6,5.21,227.61,2.98,8.02,27.16,73.53,260.57
CAMP-2024-00477,Coty,Sun Care,YouTube,Search,Teens,Europe,Cart Abandonment,Mobile,Spring,2025-10-08,293877,15832,5.39,48498.15,316,2.0,49266.21,1.02,165.03,3.06,6.49,49.14,41.05,105.35
CAMP-2024-00478,Procter & Gamble,Personal Care,Programmatic Display,Single Image,Young Adults,Central America,Retargeting,Connected TV,Back to School,2026-04-10,76667,1003,1.31,3843.53,13,1.33,378.16,0.1,50.13,3.83,4.82,68.88,30.16,228.2
CAMP-2024-00479,Revlon,Makeup,Pinterest,Native,Parents,Eastern Europe,Brand Awareness,Connected TV,Holiday,2025-10-18,179782,5535,3.08,24237.2,330,5.97,77053.12,3.18,134.81,4.38,1.11,0,57.17,274.96
CAMP-2024-00480,Shiseido,Organic/Natural,YouTube,In-Feed,Women 35-44,Africa,Seasonal Promotion,Desktop,Summer,2025-10-30,410895,30265,7.37,107434.71,3888,12.85,1164198.39,10.84,261.47,3.55,3.2,71.58,76.93,186.53
CAMP-2024-00481,Maybelline,Fragrance,Programmatic Display,Collection,Young Adults,Oceania,New Customer Acquisition,Mobile,Spring,2026-08-25,51077,1097,2.15,3585.38,64,5.91,5475.17,1.53,70.2,3.27,6.08,23.98,24.16,99.83
CAMP-2024-00482,Benefit,Makeup,LinkedIn,Story,Men 25-34,Europe,New Customer Acquisition,Mobile,Back to School,2026-09-26,177637,9402,5.29,26368.02,463,4.93,63854.86,2.42,148.44,2.8,11.67,25.92,73.13,279.16
CAMP-2024-00483,Mary Kay,Fragrance,Instagram,Banner,Women 18-24,Asia Pacific,New Customer Acquisition,Tablet,Black Friday,2026-05-24,71630,407,0.57,1363.62,13,3.32,1719.89,1.26,19.04,3.35,10.93,27.23,41.96,55.69
CAMP-2024-00484,Chanel,Personal Care,TikTok,Native,Men 45-54,Africa,Brand Awareness,Connected TV,Fall,2026-06-05,245433,11244,4.58,20617.3,942,8.38,136022.18,6.6,84.0,1.83,10.95,30.8,75.87,151.5
CAMP-2024-00485,Dove,Sun Care,Snapchat,Video,Men 25-34,Middle East,Cart Abandonment,Tablet,Valentine's Day,2025-12-09,179957,2057,1.14,1868.91,43,2.1,2311.5,1.24,10.39,0.91,6.86,84.25,21.32,162.35
CAMP-2024-00486,NYX,Personal Care,Programmatic Display,Native,Women 18-24,Africa,Seasonal Promotion,Desktop,Fall,2026-06-01,125384,7048,5.62,20053.9,911,12.93,64336.36,3.21,159.94,2.85,6.19,0,41.17,53.0
CAMP-2024-00487,Nivea,Personal Care,Instagram,In-Feed,Seniors,Latin America,New Customer Acquisition,Desktop,Black Friday,2026-02-08,15157,382,2.52,632.69,17,4.48,5680.49,8.98,41.74,1.66,4.77,59.47,40.4,292.15
CAMP-2024-00488,Huda Beauty,Sun Care,Google Ads,Carousel,Seniors,Europe,Retargeting,Tablet,Winter,2026-07-18,210746,15806,7.5,23626.63,1551,9.82,180745.18,7.65,112.11,1.49,8.99,0,58.32,299.3
CAMP-2024-00489,Dove,Men's Grooming,LinkedIn,Native,Men 25-34,Latin America,Loyalty Program,Desktop,Back to School,2025-11-28,1795069,97549,5.43,78376.55,9034,9.26,1948208.2,24.86,43.66,0.8,8.24,0,38.54,84.42
CAMP-2024-00490,Shiseido,Organic/Natural,YouTube,Story,Men 35-44,North America,Lookalike Audience,Tablet,Summer,2025-11-27,794390,14959,1.88,45888.86,1665,11.14,550450.53,12.0,57.77,3.07,9.45,0,55.8,175.99
CAMP-2024-00491,Shiseido,Fragrance,Twitter/X,Search,Parents,Eastern Europe,Flash Sale,Mobile,Fall,2026-07-23,596850,17383,2.91,72955.96,396,2.28,17438.04,0.24,122.24,4.2,6.4,77.34,66.55,284.15
CAMP-2024-00492,YSL,Skincare,TikTok,Reels,Women 55+,Europe,Lookalike Audience,Mobile,Spring,2026-08-12,66282,5274,7.96,20063.04,731,13.87,205237.16,10.23,302.69,3.8,9.1,79.83,21.65,293.42
CAMP-2024-00493,Nivea,Organic/Natural,Google Ads,Banner,Men 45-54,Central America,Product Launch,Desktop,Holiday,2025-11-10,54654,3980,7.28,9124.28,295,7.44,90301.78,9.9,166.95,2.29,5.26,0,43.64,257.81
CAMP-2024-00494,Garnier,Fragrance,Facebook,Native,Men 25-34,Asia Pacific,Brand Awareness,Desktop,Back to School,2026-02-12,893977,22350,2.5,44822.71,697,3.12,38484.97,0.86,50.14,2.01,5.23,35.23,76.36,269.31
CAMP-2024-00495,Yves Rocher,Men's Grooming,YouTube,Single Image,Men 35-44,Eastern Europe,Influencer Collaboration,Mobile,Fall,2025-10-06,320397,6084,1.9,11788.06,249,4.11,29153.24,2.47,36.79,1.94,3.76,53.75,24.6,184.57
CAMP-2024-00496,Dove,Personal Care,YouTube,Search,Seniors,Africa,Influencer Collaboration,Desktop,Winter,2025-10-20,152472,8699,5.71,23777.18,637,7.33,195092.88,8.21,155.94,2.73,4.68,63.72,62.09,240.58
CAMP-2024-00497,Mary Kay,Personal Care,Pinterest,Story,Men 25-34,Southeast Asia,Influencer Collaboration,Desktop,Back to School,2026-09-16,682296,20407,2.99,77882.07,2908,14.25,146224.38,1.88,114.15,3.82,9.19,26.52,66.67,71.81
CAMP-2024-00498,Olay,Premium/Luxury,Twitter/X,Story,Women 45-54,Middle East,Cart Abandonment,Tablet,Valentine's Day,2026-01-30,508698,7203,1.42,14340.74,120,1.68,40337.61,2.81,28.19,1.99,1.69,43.65,63.97,67.88
CAMP-2024-00499,Maybelline,Men's Grooming,TikTok,Search,Men 45-54,Oceania,New Customer Acquisition,Tablet,Back to School,2025-12-09,193288,3642,1.88,12962.71,446,12.25,112150.34,8.65,67.06,3.56,5.1,0,70.5,158.83
CAMP-2024-00500,YSL,Premium/Luxury,TikTok,Reels,Men 18-24,Europe,New Customer Acquisition,Tablet,Back to School,2026-04-15,174626,10068,5.77,39801.24,1019,10.13,98735.52,2.48,227.92,3.95,2.12,44.94,69.61,128.94
CAMP-2024-00501,Estee Lauder,Organic/Natural,Pinterest,Banner,Men 35-44,Asia Pacific,Cart Abandonment,Tablet,Fall,2026-07-03,484191,19507,4.03,96339.37,552,2.83,16900.56,0.18,198.97,4.94,7.27,39.96,61.39,120.94
CAMP-2024-00502,Coty,Organic/Natural,Pinterest,Single Image,Women 18-24,Oceania,Loyalty Program,Mobile,Back to School,2025-11-02,2568,23,0.91,73.83,0,3.05,0.0,0.0,28.75,3.21,8.06,63.9,20.47,219.31
CAMP-2024-00503,Anastasia Beverly Hills,Personal Care,LinkedIn,Banner,Women 55+,Europe,Product Launch,Desktop,Fall,2025-12-17,280475,12201,4.35,40578.57,989,8.11,106754.45,2.63,144.68,3.33,0.65,0,31.07,269.15
CAMP-2024-00504,Maybelline,Sun Care,Snapchat,Reels,Women 18-24,Eastern Europe,New Customer Acquisition,Connected TV,Valentine's Day,2026-06-22,86050,5988,6.96,15391.62,151,2.53,37838.54,2.46,178.87,2.57,2.09,15.56,72.75,79.04
CAMP-2024-00505,Benefit,Premium/Luxury,Facebook,Search,Young Adults,Central America,Influencer Collaboration,Connected TV,Holiday,2025-11-12,382635,7789,2.04,37215.57,671,8.62,228009.61,6.13,97.26,4.78,7.92,57.44,45.48,298.54
CAMP-2024-00506,Oriflame,Fragrance,Google Ads,Search,Teens,North America,Brand Awareness,Desktop,Summer,2025-11-21,145883,7177,4.92,5788.45,858,11.97,81711.57,14.12,39.68,0.81,6.39,37.03,39.38,205.63
CAMP-2024-00507,Olay,Men's Grooming,Pinterest,Carousel,Women 55+,Central America,Loyalty Program,Desktop,Winter,2026-09-28,12412,346,2.79,959.34,4,1.38,1363.95,1.42,77.29,2.77,6.16,33.16,50.0,39.5
CAMP-2024-00508,NYX,Premium/Luxury,Pinterest,Reels,Professionals,Eastern Europe,Seasonal Promotion,Connected TV,Back to School,2026-04-18,772570,36582,4.74,57019.52,3358,9.18,316093.08,5.54,73.8,1.56,7.84,0,43.23,54.84
CAMP-2024-00509,Benefit,Organic/Natural,Google Ads,Single Image,Teens,Oceania,Product Launch,Tablet,Valentine's Day,2025-12-29,119587,5353,4.48,7266.64,274,5.12,39159.29,5.39,60.76,1.36,7.45,56.93,35.87,32.55
CAMP-2024-00510,Tarte,Anti-Aging,YouTube,Native,Teens,Africa,Product Launch,Connected TV,Back to School,2026-09-04,338639,14554,4.3,68234.38,391,2.69,130359.81,1.91,201.5,4.69,4.28,0,74.82,117.19
CAMP-2024-00511,Avon,Men's Grooming,YouTube,Video,Women 25-34,Europe,New Customer Acquisition,Mobile,Holiday,2025-12-28,60347,1425,2.36,4770.13,49,3.45,5806.28,1.22,79.05,3.35,3.72,29.33,77.76,266.29
CAMP-2024-00512,Lancome,Skincare,Pinterest,Story,Women 25-34,Asia Pacific,New Customer Acquisition,Tablet,Back to School,2026-08-27,2110604,62880,2.98,23410.32,4487,7.14,413378.87,17.66,11.09,0.37,0.83,48.6,42.83,118.93
CAMP-2024-00513,Olay,Personal Care,Google Ads,Story,Women 25-34,Middle East,Influencer Collaboration,Connected TV,Winter,2026-02-27,119531,2637,2.21,2372.99,184,7.0,28324.48,11.94,19.85,0.9,4.96,18.17,67.11,100.52
CAMP-2024-00514,NYX,Haircare,Pinterest,Single Image,Men 45-54,Oceania,Lookalike Audience,Mobile,Valentine's Day,2026-03-27,212552,14020,6.6,45176.16,717,5.12,146530.33,3.24,212.54,3.22,1.24,50.12,61.18,105.11
CAMP-2024-00515,Givenchy,Personal Care,Facebook,Video,Women 55+,Southeast Asia,Seasonal Promotion,Tablet,Spring,2026-04-09,6088879,329291,5.41,1526361.84,18921,5.75,3582190.68,2.35,250.68,4.64,11.64,0,26.52,200.0
CAMP-2024-00516,Nivea,Fragrance,Pinterest,Native,Women 18-24,Asia Pacific,New Customer Acquisition,Tablet,Valentine's Day,2026-02-07,127857,2030,1.59,2527.27,164,8.11,20038.4,7.93,19.77,1.24,6.86,70.15,41.3,77.16
CAMP-2024-00517,Estee Lauder,Sun Care,Pinterest,Search,Men 55+,North America,Flash Sale,Tablet,Valentine's Day,2026-05-29,22539,203,0.9,978.99,22,10.91,2646.22,2.7,43.44,4.82,11.77,40.96,47.74,40.81
CAMP-2024-00518,Lancome,Anti-Aging,YouTube,Carousel,Teens,Europe,Influencer Collaboration,Tablet,Spring,2026-06-03,1568133,12032,0.77,57332.24,153,1.28,14441.31,0.25,36.56,4.76,7.51,76.46,72.52,293.56
CAMP-2024-00519,Estee Lauder,Personal Care,TikTok,Story,Women 45-54,Africa,Cart Abandonment,Tablet,Fall,2025-10-08,73885,497,0.67,1506.1,24,4.99,6415.83,4.26,20.38,3.03,4.61,0,72.66,63.12
CAMP-2024-00520,Garnier,Anti-Aging,Snapchat,In-Feed,Women 25-34,Eastern Europe,Lookalike Audience,Connected TV,Back to School,2025-11-03,197652,7554,3.82,13124.72,766,10.14,105879.4,8.07,66.4,1.74,3.89,0,51.22,48.9
CAMP-2024-00521,Clinique,Skincare,Programmatic Display,Banner,Teens,Middle East,Product Launch,Tablet,Winter,2026-02-03,916214,15315,1.67,73217.79,854,5.58,294737.69,4.03,79.91,4.78,11.26,42.22,20.5,211.31
CAMP-2024-00522,Huda Beauty,Men's Grooming,Pinterest,Native,Parents,Oceania,Product Launch,Desktop,Holiday,2026-09-24,35925,1595,4.44,2133.96,111,7.01,13540.7,6.35,59.4,1.34,3.38,20.2,66.75,31.19
CAMP-2024-00523,L'Oreal,Skincare,TikTok,Banner,Women 35-44,Central America,Brand Awareness,Connected TV,Fall,2026-07-25,27387,173,0.64,539.43,13,7.54,354.69,0.66,19.7,3.12,11.0,15.21,62.0,59.85
CAMP-2024-00524,Lancome,Anti-Aging,LinkedIn,Story,Parents,Europe,Influencer Collaboration,Desktop,Black Friday,2026-09-01,159922,1495,0.94,2786.06,107,7.22,20407.44,7.32,17.42,1.86,3.04,39.18,73.97,85.66
CAMP-2024-00525,Anastasia Beverly Hills,Personal Care,Programmatic Display,Story,Women 45-54,North America,Seasonal Promotion,Tablet,Winter,2026-04-08,324567,1633,0.5,4854.73,90,5.57,25775.37,5.31,14.96,2.97,4.6,58.92,61.78,126.41
CAMP-2024-00526,Estee Lauder,Premium/Luxury,TikTok,In-Feed,Seniors,Oceania,New Customer Acquisition,Desktop,Spring,2026-07-04,1457060,22867,1.57,84863.92,2972,13.0,431955.55,5.09,58.24,3.71,10.3,57.89,66.98,216.31
CAMP-2024-00527,Yves Rocher,Anti-Aging,Programmatic Display,Carousel,Parents,Africa,Cart Abandonment,Mobile,Valentine's Day,2025-12-07,129852,2344,1.81,3943.61,320,13.69,16002.72,4.06,30.37,1.68,2.22,55.49,28.44,66.57
CAMP-2024-00528,Anastasia Beverly Hills,Personal Care,Google Ads,Reels,Women 55+,Latin America,Loyalty Program,Connected TV,Holiday,2025-10-28,464412,7195,1.55,20665.96,778,10.82,43456.77,2.1,44.5,2.87,6.58,0,30.73,211.36
CAMP-2024-00529,Dior,Personal Care,Snapchat,Collection,Men 18-24,Europe,Lookalike Audience,Desktop,Fall,2026-06-01,146064,2592,1.78,4482.93,99,3.82,27929.92,6.23,30.69,1.73,5.52,67.72,71.7,221.04
CAMP-2024-00530,L'Oreal,Sun Care,Facebook,Video,Teens,Southeast Asia,Flash Sale,Connected TV,Back to School,2026-03-06,77644,4528,5.83,19043.46,100,2.22,8008.53,0.42,245.27,4.21,7.61,0,62.48,128.6
CAMP-2024-00531,MAC,Personal Care,Facebook,Carousel,Men 35-44,North America,Retargeting,Desktop,Fall,2025-10-12,1031531,57249,5.55,201334.33,7586,13.25,2200895.59,10.93,195.18,3.52,4.52,17.39,44.17,63.53
CAMP-2024-00532,Maybelline,Sun Care,Google Ads,Banner,Teens,Europe,Loyalty Program,Connected TV,Summer,2026-02-18,705313,56306,7.98,34662.15,7359,13.07,477152.73,13.77,49.14,0.62,11.68,39.56,53.56,243.68
CAMP-2024-00533,Estee Lauder,Personal Care,Facebook,Single Image,Women 45-54,Latin America,Loyalty Program,Tablet,Back to School,2026-03-01,456254,11922,2.61,34144.14,643,5.4,17912.01,0.52,74.84,2.86,4.53,18.84,30.29,163.65
CAMP-2024-00534,Yves Rocher,Makeup,Pinterest,Native,Women 35-44,Africa,Brand Awareness,Connected TV,Valentine's Day,2026-09-15,128870,6889,5.35,24722.88,78,1.14,20402.82,0.83,191.84,3.59,9.03,56.11,69.63,44.64
CAMP-2024-00535,MAC,Makeup,LinkedIn,Video,Men 45-54,Middle East,Seasonal Promotion,Mobile,Summer,2025-10-03,323844,9573,2.96,8417.91,987,10.31,162514.94,19.31,25.99,0.88,9.49,0,24.0,235.26
CAMP-2024-00536,YSL,Men's Grooming,Pinterest,Native,Men 18-24,Central America,Product Launch,Mobile,Fall,2026-02-23,1550203,70692,4.56,324508.45,1150,1.63,129428.77,0.4,209.33,4.59,8.2,16.53,54.47,285.75
CAMP-2024-00537,Mary Kay,Haircare,YouTube,Single Image,Women 45-54,Latin America,Brand Awareness,Tablet,Back to School,2026-04-26,195422,5188,2.65,10026.92,449,8.67,91640.79,9.14,51.31,1.93,11.62,40.48,50.15,162.77
CAMP-2024-00538,Oriflame,Sun Care,LinkedIn,Story,Men 25-34,Southeast Asia,Flash Sale,Mobile,Winter,2026-03-29,209081,5890,2.82,1027.78,90,1.54,4662.03,4.54,4.92,0.17,9.7,69.46,46.45,266.09
CAMP-2024-00539,Neutrogena,Anti-Aging,Instagram,Carousel,Teens,Eastern Europe,Flash Sale,Mobile,Black Friday,2026-04-15,257602,8001,3.11,21691.99,205,2.57,36103.49,1.66,84.21,2.71,6.36,37.64,77.47,135.54
CAMP-2024-00540,Givenchy,Anti-Aging,Twitter/X,In-Feed,Women 45-54,Africa,Influencer Collaboration,Desktop,Summer,2026-01-03,55133,3684,6.68,5713.04,531,14.42,154038.98,26.96,103.62,1.55,7.42,53.63,39.13,144.94
CAMP-2024-00541,Olay,Sun Care,TikTok,Story,Men 55+,Southeast Asia,Lookalike Audience,Tablet,Back to School,2026-05-13,285387,21102,7.39,104118.94,1911,9.06,523001.27,5.02,364.83,4.93,10.35,0,61.49,163.25
CAMP-2024-00542,Dove,Anti-Aging,LinkedIn,Reels,Women 25-34,Oceania,Product Launch,Mobile,Spring,2026-03-05,133559,3188,2.39,15408.9,398,12.51,82166.33,5.33,115.37,4.83,0.56,0,75.78,35.83
CAMP-2024-00543,Mary Kay,Makeup,TikTok,Native,Women 18-24,Asia Pacific,Product Launch,Mobile,Fall,2026-08-02,27429,1472,5.37,534.18,72,4.92,14156.46,26.5,19.48,0.36,3.45,0,54.18,62.4
CAMP-2024-00544,Yves Rocher,Fragrance,Pinterest,Story,Women 35-44,Eastern Europe,Retargeting,Mobile,Fall,2026-05-18,274019,10142,3.7,29032.48,295,2.91,102634.21,3.54,105.95,2.86,9.03,71.39,42.05,122.25
CAMP-2024-00545,Lancome,Premium/Luxury,YouTube,Search,Women 25-34,Southeast Asia,Seasonal Promotion,Connected TV,Valentine's Day,2025-11-23,20668,1030,4.99,4452.85,116,11.33,3426.7,0.77,215.45,4.32,4.47,0,28.36,119.92
CAMP-2024-00546,Procter & Gamble,Makeup,Pinterest,Carousel,Men 25-34,Europe,Product Launch,Connected TV,Black Friday,2026-05-28,250598,7378,2.94,6046.68,556,7.54,50353.86,8.33,24.13,0.82,0.55,49.15,47.74,295.21
CAMP-2024-00547,Huda Beauty,Personal Care,Google Ads,Native,Men 35-44,Middle East,Brand Awareness,Tablet,Spring,2026-05-14,113134,5321,4.7,2966.66,667,12.55,125846.83,42.42,26.22,0.56,4.7,0,74.42,193.98
CAMP-2024-00548,Coty,Organic/Natural,Facebook,In-Feed,Women 55+,Africa,Product Launch,Connected TV,Valentine's Day,2026-09-08,20950,809,3.86,2961.72,106,13.19,35949.92,12.14,141.37,3.66,9.86,23.61,56.62,107.71
CAMP-2024-00549,Clinique,Men's Grooming,YouTube,Collection,Women 25-34,Africa,Lookalike Audience,Tablet,Spring,2025-10-07,15984,1091,6.83,2704.47,39,3.61,6651.22,2.46,169.2,2.48,9.71,0,43.17,261.56
CAMP-2024-00550,Too Faced,Men's Grooming,Google Ads,Story,Women 35-44,Central America,Influencer Collaboration,Mobile,Back to School,2026-02-23,72905,4144,5.69,7540.67,312,7.55,89527.18,11.87,103.43,1.82,0.76,23.89,44.45,161.25
CAMP-2024-00551,Guerlain,Anti-Aging,Twitter/X,Collection,Teens,Middle East,Lookalike Audience,Tablet,Back to School,2026-06-18,61498,2728,4.44,11130.15,271,9.95,55441.73,4.98,180.98,4.08,5.02,0,79.75,245.32
CAMP-2024-00552,Tarte,Sun Care,Snapchat,Search,Teens,Oceania,Influencer Collaboration,Connected TV,Holiday,2026-07-31,218205,12466,5.71,35463.38,1387,11.13,198964.24,5.61,162.52,2.84,6.42,52.11,60.81,140.77
CAMP-2024-00553,Estee Lauder,Sun Care,TikTok,Native,Women 45-54,Asia Pacific,Flash Sale,Connected TV,Summer,2026-07-28,194108,8443,4.35,8159.53,1057,12.52,212105.83,25.99,42.04,0.97,11.65,35.57,63.05,266.79
CAMP-2024-00554,Garnier,Men's Grooming,TikTok,Collection,Men 18-24,Southeast Asia,Influencer Collaboration,Connected TV,Spring,2026-07-06,412566,7562,1.83,27757.13,254,3.37,64399.14,2.32,67.28,3.67,6.36,60.03,50.32,108.25
CAMP-2024-00555,Benefit,Men's Grooming,Instagram,Reels,Men 18-24,Latin America,Loyalty Program,Connected TV,Black Friday,2026-02-17,99642,4564,4.58,11945.94,560,12.29,46135.71,3.86,119.89,2.62,7.47,60.33,68.46,149.06
CAMP-2024-00556,Huda Beauty,Makeup,Instagram,Native,Men 18-24,Europe,New Customer Acquisition,Connected TV,Summer,2026-06-10,48289,3486,7.22,13062.73,274,7.87,37060.8,2.84,270.51,3.75,3.31,18.39,72.6,165.87
CAMP-2024-00557,Dove,Sun Care,TikTok,Video,Teens,North America,Seasonal Promotion,Mobile,Holiday,2026-09-17,87603,6049,6.91,6468.91,514,8.5,160516.01,24.81,73.84,1.07,11.12,59.66,58.45,199.24
CAMP-2024-00558,Tarte,Men's Grooming,LinkedIn,Story,Professionals,Africa,Flash Sale,Connected TV,Back to School,2026-03-22,36434,227,0.62,588.71,19,8.53,1705.72,2.9,16.16,2.59,7.2,0,64.44,200.31
CAMP-2024-00559,Shiseido,Sun Care,Facebook,Video,Women 35-44,Central America,Seasonal Promotion,Desktop,Black Friday,2026-06-30,869090,29473,3.39,29743.9,3709,12.59,307895.29,10.35,34.22,1.01,11.74,40.21,61.13,180.52
CAMP-2024-00560,Oriflame,Premium/Luxury,LinkedIn,Native,Professionals,Asia Pacific,Seasonal Promotion,Connected TV,Winter,2025-11-13,718928,11997,1.67,18448.24,1378,11.49,143015.8,7.75,25.66,1.54,2.6,0,36.6,79.73
CAMP-2024-00561,Coty,Haircare,Programmatic Display,Banner,Parents,Europe,Brand Awareness,Mobile,Back to School,2026-02-23,70058,5314,7.59,16223.58,482,9.08,127232.82,7.84,231.57,3.05,0.86,74.65,75.81,238.42
CAMP-2024-00562,Procter & Gamble,Men's Grooming,Programmatic Display,Carousel,Women 18-24,Latin America,Brand Awareness,Connected TV,Winter,2025-12-15,19209,198,1.03,21.27,29,14.83,787.67,37.03,1.11,0.11,7.39,82.02,34.29,256.65
CAMP-2024-00563,Tarte,Fragrance,LinkedIn,Collection,Professionals,Latin America,Brand Awareness,Mobile,Fall,2026-07-03,14528,567,3.91,2289.07,16,2.96,4280.34,1.87,157.56,4.04,3.31,19.71,78.74,288.43
CAMP-2024-00564,Lancome,Makeup,Google Ads,Collection,Women 55+,North America,Loyalty Program,Mobile,Fall,2026-01-13,157216,8531,5.43,33387.85,697,8.17,104323.81,3.12,212.37,3.91,8.94,53.38,47.02,247.42
CAMP-2024-00565,L'Oreal,Organic/Natural,Programmatic Display,Reels,Men 25-34,Asia Pacific,Lookalike Audience,Desktop,Summer,2025-11-27,93577,5721,6.11,6472.78,770,13.47,147719.59,22.82,69.17,1.13,11.62,44.92,52.6,72.26
CAMP-2024-00566,MAC,Fragrance,Google Ads,Story,Women 55+,Africa,Retargeting,Tablet,Valentine's Day,2026-02-17,215622,7081,3.28,31739.6,659,9.32,80074.1,2.52,147.2,4.48,6.47,28.47,57.13,173.58
CAMP-2024-00567,Nivea,Makeup,TikTok,Banner,Women 35-44,North America,Flash Sale,Mobile,Valentine's Day,2026-02-24,547512,41943,7.66,142469.34,4319,10.3,218460.68,1.53,260.21,3.4,1.34,64.18,22.63,184.47
CAMP-2024-00568,Coty,Personal Care,Twitter/X,Video,Professionals,Europe,Brand Awareness,Mobile,Summer,2025-11-22,18377,248,1.35,435.78,17,7.14,1371.69,3.15,23.71,1.76,3.21,84.92,21.18,209.23
CAMP-2024-00569,YSL,Men's Grooming,Snapchat,Banner,Seniors,Eastern Europe,Loyalty Program,Desktop,Holiday,2025-12-28,474872,10693,2.25,44351.89,143,1.34,35246.59,0.79,93.4,4.15,9.79,0,67.53,86.02
CAMP-2024-00570,Too Faced,Men's Grooming,Google Ads,Search,Men 18-24,Southeast Asia,Product Launch,Desktop,Holiday,2026-08-26,463456,22906,4.94,58886.45,3221,14.06,934445.23,15.87,127.06,2.57,1.44,0,34.33,211.22
CAMP-2024-00571,Tarte,Personal Care,Twitter/X,Search,Men 18-24,Oceania,Retargeting,Tablet,Spring,2026-03-01,121378,1762,1.45,7299.94,237,13.47,69663.69,9.54,60.14,4.14,8.89,0,39.35,143.54
CAMP-2024-00572,Lancome,Fragrance,Programmatic Display,Carousel,Women 18-24,Africa,Retargeting,Mobile,Valentine's Day,2025-11-22,748763,45314,6.05,52083.64,1642,3.62,349320.62,6.71,69.56,1.15,5.83,0,78.5,59.87
CAMP-2024-00573,Estee Lauder,Skincare,Facebook,Banner,Teens,Europe,Loyalty Program,Tablet,Fall,2026-01-02,5087,198,3.9,67.89,6,3.38,1861.37,27.42,13.35,0.34,6.73,0,37.78,37.23
CAMP-2024-00574,Oriflame,Men's Grooming,Google Ads,Video,Women 18-24,Oceania,Product Launch,Mobile,Summer,2026-04-08,1804983,112825,6.25,471654.65,7410,6.57,1605424.81,3.4,261.31,4.18,11.34,25.3,66.53,275.72
CAMP-2024-00575,L'Oreal,Makeup,Instagram,Banner,Women 25-34,Central America,Seasonal Promotion,Mobile,Holiday,2026-08-29,99853,4688,4.7,5363.3,359,7.67,12340.09,2.3,53.71,1.14,11.98,48.02,34.87,43.98
CAMP-2024-00576,Clinique,Premium/Luxury,YouTube,Carousel,Men 55+,Central America,Flash Sale,Tablet,Holiday,2026-05-06,503822,10830,2.15,12821.14,1297,11.98,383115.19,29.88,25.45,1.18,1.33,22.77,27.79,146.46
CAMP-2024-00577,Guerlain,Personal Care,Pinterest,Video,Women 55+,Eastern Europe,Loyalty Program,Mobile,Summer,2025-12-20,80456,5201,6.46,11581.64,159,3.07,19445.21,1.68,143.95,2.23,1.37,0,45.47,145.41
CAMP-2024-00578,Huda Beauty,Men's Grooming,Instagram,Banner,Parents,Middle East,Seasonal Promotion,Desktop,Valentine's Day,2026-09-14,314046,10948,3.49,47716.05,818,7.47,55745.06,1.17,151.94,4.36,5.05,0,43.05,36.55
CAMP-2024-00579,Mary Kay,Makeup,Google Ads,Native,Men 45-54,North America,Retargeting,Tablet,Fall,2026-09-18,154642,10905,7.05,51727.89,1374,12.61,57426.21,1.11,334.5,4.74,5.08,66.03,54.28,57.07
CAMP-2024-00580,Coty,Skincare,YouTube,Single Image,Men 25-34,Oceania,Cart Abandonment,Tablet,Holiday,2025-11-04,48135,582,1.21,1599.77,86,14.9,7823.82,4.89,33.24,2.75,11.46,16.4,21.49,272.15
CAMP-2024-00581,Clinique,Premium/Luxury,Programmatic Display,Carousel,Men 45-54,Africa,Lookalike Audience,Connected TV,Spring,2026-01-10,39716,1889,4.76,8811.34,214,11.35,60952.8,6.92,221.86,4.66,2.04,68.78,40.43,71.0
CAMP-2024-00582,MAC,Premium/Luxury,Programmatic Display,Reels,Women 25-34,Asia Pacific,Product Launch,Desktop,Holiday,2026-02-26,11839,288,2.44,1277.27,24,8.48,7581.12,5.94,107.89,4.43,6.07,0,40.35,31.97
CAMP-2024-00583,Lancome,Anti-Aging,Instagram,Reels,Young Adults,Middle East,Influencer Collaboration,Desktop,Back to School,2025-10-12,25547,1007,3.94,4839.05,95,9.45,32719.5,6.76,189.42,4.81,10.12,0,47.71,48.5
CAMP-2024-00584,Givenchy,Organic/Natural,Instagram,Single Image,Men 35-44,Europe,Brand Awareness,Connected TV,Black Friday,2025-10-27,391264,28414,7.26,130086.22,2084,7.34,714290.53,5.49,332.48,4.58,2.04,29.15,78.1,89.34
CAMP-2024-00585,Revlon,Sun Care,YouTube,Single Image,Men 45-54,Middle East,Brand Awareness,Connected TV,Summer,2026-05-15,587561,13081,2.23,22172.47,1947,14.89,412421.19,18.6,37.74,1.7,0.93,41.8,30.95,131.65
CAMP-2024-00586,Nivea,Personal Care,Programmatic Display,In-Feed,Teens,Europe,Flash Sale,Mobile,Valentine's Day,2026-05-06,97313,4368,4.49,20350.26,490,11.23,39155.66,1.92,209.12,4.66,8.68,39.11,25.99,268.62
CAMP-2024-00587,Olay,Makeup,Programmatic Display,Collection,Women 55+,Oceania,Flash Sale,Tablet,Summer,2026-02-07,125196,7407,5.92,26426.46,659,8.9,225565.43,8.54,211.08,3.57,1.28,0,78.09,210.32
CAMP-2024-00588,Givenchy,Sun Care,YouTube,In-Feed,Men 18-24,Eastern Europe,Cart Abandonment,Connected TV,Fall,2026-08-05,69639,585,0.84,2201.19,59,10.13,2698.72,1.23,31.61,3.76,5.5,20.97,41.52,63.77
CAMP-2024-00589,Garnier,Makeup,LinkedIn,Native,Young Adults,Latin America,Lookalike Audience,Tablet,Valentine's Day,2026-04-07,772406,31390,4.06,39691.89,3654,11.64,687626.63,17.32,51.39,1.26,4.87,81.31,38.2,74.19
CAMP-2024-00590,Chanel,Anti-Aging,YouTube,Collection,Young Adults,Southeast Asia,Brand Awareness,Tablet,Winter,2026-07-22,86205,5995,6.96,8917.22,563,9.41,181533.32,20.36,103.44,1.49,8.56,81.02,57.47,128.21
CAMP-2024-00591,Coty,Premium/Luxury,Facebook,Native,Men 45-54,Africa,Seasonal Promotion,Mobile,Back to School,2026-05-27,16194,717,4.43,2353.36,13,1.93,682.89,0.29,145.32,3.28,8.69,72.58,71.6,100.55
CAMP-2024-00592,Olay,Men's Grooming,TikTok,Video,Women 55+,Africa,Cart Abandonment,Tablet,Summer,2026-07-06,1393242,51425,3.69,242476.91,3655,7.11,190711.91,0.79,174.04,4.72,2.65,47.41,47.55,87.63
CAMP-2024-00593,Avon,Skincare,Snapchat,Single Image,Teens,Oceania,Seasonal Promotion,Connected TV,Winter,2026-05-25,25112,1844,7.35,4015.58,64,3.49,11936.34,2.97,159.91,2.18,11.26,31.57,53.53,164.66
CAMP-2024-00594,Dove,Anti-Aging,Programmatic Display,Video,Seniors,Central America,Lookalike Audience,Tablet,Black Friday,2025-10-08,124012,8455,6.82,21763.14,137,1.62,32165.37,1.48,175.49,2.57,6.42,0,68.69,100.03
CAMP-2024-00595,L'Oreal,Fragrance,Google Ads,Native,Men 55+,Europe,Seasonal Promotion,Desktop,Black Friday,2026-06-24,1337741,60091,4.49,62219.8,7859,13.08,298194.64,4.79,46.51,1.04,8.13,59.07,63.78,176.48
CAMP-2024-00596,Lancome,Sun Care,Twitter/X,Banner,Parents,Latin America,Flash Sale,Mobile,Valentine's Day,2026-01-24,66447,4109,6.18,2574.69,172,4.2,26125.48,10.15,38.75,0.63,7.98,48.65,59.04,285.54
CAMP-2024-00597,Oriflame,Fragrance,Twitter/X,Video,Men 35-44,Central America,Retargeting,Connected TV,Black Friday,2026-06-30,457865,8651,1.89,27801.53,709,8.2,100562.55,3.62,60.72,3.21,9.81,0,70.89,197.76
CAMP-2024-00598,Procter & Gamble,Organic/Natural,TikTok,Carousel,Seniors,Middle East,Influencer Collaboration,Tablet,Black Friday,2026-06-19,613089,38213,6.23,116955.7,3749,9.81,1209860.55,10.34,190.76,3.06,3.06,62.7,49.54,251.44
CAMP-2024-00599,Dior,Fragrance,Facebook,Banner,Professionals,Middle East,New Customer Acquisition,Connected TV,Holiday,2026-07-22,71904,389,0.54,859.2,40,10.39,11775.52,13.71,11.95,2.21,10.34,21.83,59.31,250.16
CAMP-2024-00600,Garnier,Fragrance,Google Ads,Collection,Women 35-44,Asia Pacific,Cart Abandonment,Desktop,Holiday,2026-02-08,2471322,100631,4.07,317929.31,6674,6.63,402012.78,1.26,128.65,3.16,5.74,66.83,69.77,106.4
CAMP-2024-00601,Dove,Premium/Luxury,Programmatic Display,Single Image,Professionals,Asia Pacific,Flash Sale,Tablet,Summer,2026-08-23,96235,3502,3.64,4702.3,132,3.77,33977.2,7.23,48.86,1.34,4.68,0,76.52,160.32
CAMP-2024-00602,YSL,Men's Grooming,TikTok,Search,Women 18-24,Eastern Europe,Lookalike Audience,Tablet,Back to School,2026-01-20,354640,10571,2.98,39357.75,1039,9.83,220585.41,5.6,110.98,3.72,4.54,58.13,28.04,295.54
CAMP-2024-00603,Benefit,Sun Care,Instagram,Reels,Women 35-44,Southeast Asia,Seasonal Promotion,Tablet,Fall,2026-01-08,2923175,94058,3.22,60442.23,3226,3.43,256469.26,4.24,20.68,0.64,10.73,0,37.74,78.5
CAMP-2024-00604,Garnier,Personal Care,Twitter/X,Banner,Women 55+,Oceania,Retargeting,Tablet,Black Friday,2025-11-09,133388,3361,2.52,10358.57,167,4.98,57517.12,5.55,77.66,3.08,5.88,0,31.44,142.95
CAMP-2024-00605,Estee Lauder,Skincare,Google Ads,Native,Women 45-54,Asia Pacific,Lookalike Audience,Desktop,Winter,2026-05-21,26813,564,2.1,392.34,33,6.01,5736.49,14.62,14.63,0.7,5.01,73.15,73.41,271.33
CAMP-2024-00606,Anastasia Beverly Hills,Sun Care,LinkedIn,Video,Women 25-34,Asia Pacific,Influencer Collaboration,Tablet,Back to School,2026-07-30,96891,1623,1.68,2415.02,183,11.28,31934.11,13.22,24.93,1.49,10.26,77.6,50.32,207.6
CAMP-2024-00607,MAC,Skincare,Facebook,Search,Women 35-44,Asia Pacific,Flash Sale,Tablet,Black Friday,2026-02-26,592816,10286,1.74,5555.42,1325,12.88,156931.14,28.25,9.37,0.54,2.56,71.04,28.79,286.63
CAMP-2024-00608,Garnier,Sun Care,Programmatic Display,In-Feed,Men 18-24,Oceania,Loyalty Program,Desktop,Summer,2026-02-18,42182,2268,5.38,8231.45,209,9.26,31483.28,3.82,195.14,3.63,9.38,67.12,27.67,235.43
CAMP-2024-00609,Shiseido,Anti-Aging,Facebook,Single Image,Women 35-44,Middle East,Retargeting,Tablet,Holiday,2025-12-30,81483,1396,1.71,5144.66,83,5.99,12347.76,2.4,63.14,3.69,5.35,0,53.61,263.97
CAMP-2024-00610,Too Faced,Makeup,Twitter/X,Reels,Women 35-44,Oceania,Flash Sale,Tablet,Valentine's Day,2025-10-10,737363,58642,7.95,139880.49,6801,11.6,1683428.69,12.03,189.7,2.39,9.05,36.03,29.79,284.44
CAMP-2024-00611,Shiseido,Organic/Natural,Google Ads,In-Feed,Teens,Latin America,Influencer Collaboration,Desktop,Holiday,2025-12-09,461901,24109,5.22,100839.75,2180,9.04,560042.31,5.55,218.31,4.18,11.6,37.25,42.96,176.67
CAMP-2024-00612,Dior,Fragrance,YouTube,Collection,Teens,Latin America,Influencer Collaboration,Desktop,Fall,2026-01-19,1035426,46156,4.46,59298.24,4421,9.58,1195330.94,20.16,57.27,1.28,6.21,0,71.31,82.64
CAMP-2024-00613,Clinique,Makeup,TikTok,Video,Men 25-34,North America,Influencer Collaboration,Desktop,Black Friday,2026-06-05,170013,11362,6.68,14751.01,1445,12.72,170430.87,11.55,86.76,1.3,6.87,84.14,71.0,45.93
CAMP-2024-00614,Dove,Men's Grooming,TikTok,Video,Men 55+,Eastern Europe,Product Launch,Tablet,Holiday,2025-12-09,45935,2682,5.84,7814.84,159,5.93,16566.4,2.12,170.13,2.91,10.51,0,33.45,274.37
CAMP-2024-00615,Dior,Organic/Natural,Facebook,Video,Women 35-44,Middle East,Product Launch,Tablet,Winter,2026-04-26,233142,16917,7.26,70705.98,2048,12.11,495157.9,7.0,303.27,4.18,11.51,43.77,79.34,124.63
CAMP-2024-00616,Givenchy,Fragrance,TikTok,Collection,Men 55+,Europe,New Customer Acquisition,Desktop,Black Friday,2026-09-05,29708,1998,6.73,9548.17,73,3.69,13743.51,1.44,321.4,4.78,3.84,0,71.3,294.8
CAMP-2024-00617,Avon,Premium/Luxury,Twitter/X,Carousel,Young Adults,Africa,Seasonal Promotion,Connected TV,Back to School,2026-06-08,1202332,53994,4.49,183049.86,7395,13.7,261676.5,1.43,152.25,3.39,5.7,24.8,23.3,291.81
CAMP-2024-00618,Maybelline,Skincare,LinkedIn,Native,Seniors,Southeast Asia,Lookalike Audience,Mobile,Back to School,2026-03-03,646362,25141,3.89,77723.87,2605,10.36,489508.29,6.3,120.25,3.09,7.77,64.0,74.84,221.99
CAMP-2024-00619,Estee Lauder,Skincare,Facebook,Story,Parents,Oceania,New Customer Acquisition,Mobile,Valentine's Day,2025-10-08,167839,6425,3.83,10732.63,107,1.67,35097.97,3.27,63.95,1.67,6.36,83.22,72.41,231.95
CAMP-2024-00620,Dior,Makeup,Programmatic Display,Search,Young Adults,Middle East,Loyalty Program,Tablet,Summer,2025-11-26,61198,2372,3.88,5072.17,190,8.05,32000.15,6.31,82.88,2.14,2.31,49.2,49.77,51.61
CAMP-2024-00621,Procter & Gamble,Premium/Luxury,TikTok,In-Feed,Men 18-24,North America,Retargeting,Connected TV,Spring,2025-10-30,42066,906,2.15,4489.1,36,4.04,11914.01,2.65,106.72,4.95,10.07,44.88,62.42,166.65
CAMP-2024-00622,Shiseido,Anti-Aging,Pinterest,Native,Parents,North America,Seasonal Promotion,Desktop,Black Friday,2025-11-09,28362,1537,5.42,5765.3,206,13.42,14517.31,2.52,203.28,3.75,0.86,55.59,44.76,239.48
CAMP-2024-00623,Mary Kay,Makeup,Pinterest,Reels,Men 18-24,Oceania,Lookalike Audience,Tablet,Valentine's Day,2026-05-21,3696,172,4.68,300.46,24,14.53,7069.31,23.53,81.29,1.75,7.05,83.51,36.41,100.45
CAMP-2024-00624,Givenchy,Fragrance,TikTok,Search,Professionals,Asia Pacific,Lookalike Audience,Mobile,Black Friday,2026-08-06,198193,8544,4.31,7850.23,743,8.71,96858.71,12.34,39.61,0.92,9.27,62.9,53.67,30.84
CAMP-2024-00625,L'Oreal,Premium/Luxury,Twitter/X,Single Image,Men 25-34,Eastern Europe,Brand Awareness,Connected TV,Fall,2026-03-25,46422,471,1.02,1542.45,17,3.82,5711.11,3.7,33.23,3.27,9.68,65.76,36.92,260.55
CAMP-2024-00626,MAC,Men's Grooming,Facebook,In-Feed,Parents,North America,New Customer Acquisition,Tablet,Spring,2026-09-21,65619,3313,5.05,12874.99,74,2.25,7146.58,0.56,196.21,3.89,3.06,78.17,58.64,183.09
CAMP-2024-00627,Shiseido,Organic/Natural,Snapchat,Video,Men 25-34,North America,Seasonal Promotion,Mobile,Winter,2026-04-06,642113,35370,5.51,71938.8,4496,12.71,171647.6,2.39,112.03,2.03,11.13,21.0,58.94,193.83
CAMP-2024-00628,Chanel,Organic/Natural,LinkedIn,Story,Professionals,Asia Pacific,Cart Abandonment,Tablet,Fall,2026-09-14,70384,5352,7.61,25749.88,456,8.54,47575.95,1.85,365.85,4.81,2.91,18.77,79.79,106.47
CAMP-2024-00629,Dove,Anti-Aging,Google Ads,Collection,Men 45-54,Africa,New Customer Acquisition,Desktop,Winter,2026-02-01,279617,12877,4.61,37946.73,654,5.08,82650.82,2.18,135.71,2.95,6.45,81.41,51.61,102.46
CAMP-2024-00630,Anastasia Beverly Hills,Skincare,TikTok,Banner,Women 45-54,Europe,Flash Sale,Desktop,Fall,2026-08-04,232900,9084,3.9,35266.65,1120,12.34,260392.39,7.38,151.42,3.88,8.56,18.03,58.97,39.58
CAMP-2024-00631,Garnier,Haircare,Pinterest,Banner,Parents,Africa,Cart Abandonment,Tablet,Winter,2026-05-17,730737,34508,4.72,31993.39,3576,10.36,176331.47,5.51,43.78,0.93,2.84,50.64,76.68,71.16
CAMP-2024-00632,Neutrogena,Sun Care,Programmatic Display,Story,Men 45-54,Southeast Asia,Flash Sale,Mobile,Back to School,2025-10-11,514252,33166,6.45,165110.78,3596,10.84,635396.34,3.85,321.07,4.98,8.94,0,54.12,65.62
CAMP-2024-00633,Guerlain,Sun Care,Snapchat,Video,Men 55+,Africa,Retargeting,Connected TV,Winter,2026-02-19,2165007,79476,3.67,38375.35,8912,11.21,2129641.65,55.5,17.73,0.48,2.98,29.06,22.28,270.01
CAMP-2024-00634,Dior,Anti-Aging,Instagram,Carousel,Men 18-24,Europe,Product Launch,Tablet,Summer,2026-04-16,297024,5436,1.83,15903.31,664,12.22,215166.35,13.53,53.54,2.93,11.64,28.45,37.75,85.85
CAMP-2024-00635,NYX,Fragrance,Instagram,Carousel,Men 45-54,Europe,Product Launch,Desktop,Black Friday,2026-06-26,7911,323,4.09,1189.94,18,5.8,4782.08,4.02,150.42,3.68,1.02,52.38,72.61,273.4
CAMP-2024-00636,NYX,Skincare,Pinterest,Story,Men 45-54,Latin America,Cart Abandonment,Mobile,Winter,2026-01-15,360189,23548,6.54,112370.27,1808,7.68,445540.52,3.96,311.98,4.77,7.21,27.32,24.42,239.37
CAMP-2024-00637,Dior,Premium/Luxury,Snapchat,Video,Women 18-24,Southeast Asia,Brand Awareness,Connected TV,Fall,2026-05-22,2030225,122096,6.01,339075.64,2716,2.23,91693.44,0.27,167.01,2.78,3.83,63.66,34.48,270.77
CAMP-2024-00638,Avon,Fragrance,LinkedIn,Native,Young Adults,Latin America,Product Launch,Connected TV,Fall,2026-02-05,809582,62937,7.77,30408.41,2204,3.5,93098.41,3.06,37.56,0.48,11.75,78.9,77.82,144.26
CAMP-2024-00639,Tarte,Sun Care,YouTube,Collection,Men 45-54,Africa,Product Launch,Tablet,Black Friday,2025-10-08,239793,14131,5.89,16006.69,709,5.02,181324.89,11.33,66.75,1.13,7.25,27.2,31.62,134.17
CAMP-2024-00640,Estee Lauder,Haircare,YouTube,Story,Seniors,Middle East,Flash Sale,Mobile,Spring,2026-09-26,39505,2065,5.23,731.4,291,14.14,44014.93,60.18,18.51,0.35,3.19,0,42.73,149.95
CAMP-2024-00641,Anastasia Beverly Hills,Makeup,LinkedIn,Carousel,Professionals,North America,New Customer Acquisition,Mobile,Spring,2025-10-30,77008,6133,7.96,1720.06,505,8.24,74216.23,43.15,22.34,0.28,11.04,57.29,22.77,190.06
CAMP-2024-00642,MAC,Men's Grooming,Twitter/X,Search,Men 25-34,Latin America,Lookalike Audience,Connected TV,Back to School,2026-04-21,189830,2948,1.55,6936.78,200,6.79,30778.01,4.44,36.54,2.35,2.89,83.06,45.65,80.71
CAMP-2024-00643,Neutrogena,Makeup,Facebook,Reels,Men 45-54,Central America,Seasonal Promotion,Tablet,Holiday,2026-09-24,222191,1587,0.71,3294.17,213,13.43,26116.58,7.93,14.83,2.08,5.11,44.22,50.37,291.44
CAMP-2024-00644,Mary Kay,Makeup,Twitter/X,Carousel,Women 18-24,Europe,Seasonal Promotion,Desktop,Winter,2025-12-09,826697,37162,4.5,183467.75,2580,6.94,238248.16,1.3,221.93,4.94,8.88,56.89,54.33,265.75
CAMP-2024-00645,Benefit,Skincare,LinkedIn,Reels,Women 45-54,Latin America,Influencer Collaboration,Connected TV,Winter,2026-04-26,8407,500,5.96,1783.66,42,8.51,1562.33,0.88,212.16,3.57,7.11,77.91,28.92,119.61
CAMP-2024-00646,Mary Kay,Sun Care,Snapchat,Video,Women 55+,Central America,Product Launch,Connected TV,Black Friday,2025-12-21,1587122,101331,6.38,505814.12,10244,10.11,1230563.74,2.43,318.7,4.99,11.66,16.94,45.78,87.99
CAMP-2024-00647,Chanel,Skincare,Snapchat,In-Feed,Women 35-44,Southeast Asia,Flash Sale,Desktop,Back to School,2026-03-15,2308654,153767,6.66,649723.83,21284,13.84,5107294.92,7.86,281.43,4.23,11.98,35.19,20.4,35.52
CAMP-2024-00648,Dior,Haircare,Snapchat,Story,Women 55+,Eastern Europe,Seasonal Promotion,Mobile,Holiday,2026-04-28,620506,20454,3.3,50972.74,2022,9.89,83368.29,1.64,82.15,2.49,6.0,0,72.72,224.93
CAMP-2024-00649,YSL,Personal Care,TikTok,Reels,Men 18-24,Europe,New Customer Acquisition,Tablet,Holiday,2026-06-22,305992,1603,0.52,1218.7,50,3.16,15159.32,12.44,3.98,0.76,8.85,43.36,41.91,77.19
CAMP-2024-00650,Tarte,Haircare,Twitter/X,Carousel,Women 45-54,Africa,Influencer Collaboration,Desktop,Summer,2025-10-26,123834,1350,1.09,4021.03,170,12.66,11976.28,2.98,32.47,2.98,2.49,0,70.55,221.93
CAMP-2024-00651,Shiseido,Premium/Luxury,Programmatic Display,Native,Women 25-34,North America,New Customer Acquisition,Desktop,Winter,2025-10-09,12901,351,2.72,1525.8,10,2.94,1069.71,0.7,118.27,4.35,5.89,0,22.35,139.86
CAMP-2024-00652,Avon,Men's Grooming,Google Ads,Single Image,Parents,Asia Pacific,Influencer Collaboration,Mobile,Back to School,2026-09-19,15900,973,6.12,3919.2,43,4.44,2957.6,0.75,246.49,4.03,5.77,67.48,41.11,268.85
CAMP-2024-00653,MAC,Premium/Luxury,LinkedIn,Reels,Young Adults,North America,Loyalty Program,Mobile,Spring,2026-09-13,46387,2485,5.36,7756.01,326,13.13,101962.79,13.15,167.2,3.12,6.61,74.7,39.12,40.02
CAMP-2024-00654,Dior,Haircare,Instagram,Single Image,Women 18-24,Southeast Asia,Cart Abandonment,Tablet,Back to School,2026-03-07,7261,40,0.56,81.61,3,8.09,739.84,9.07,11.24,2.04,0.55,19.59,32.4,116.86
CAMP-2024-00655,Lancome,Men's Grooming,Instagram,Single Image,Men 25-34,Europe,Lookalike Audience,Desktop,Valentine's Day,2025-10-23,136496,1489,1.09,1189.87,16,1.09,1142.84,0.96,8.72,0.8,6.61,74.36,46.14,261.55
CAMP-2024-00656,Tarte,Haircare,Pinterest,Native,Men 55+,Latin America,Flash Sale,Connected TV,Summer,2025-10-24,214359,6501,3.03,13392.23,198,3.05,24742.35,1.85,62.48,2.06,10.66,54.06,72.98,109.98
CAMP-2024-00657,Neutrogena,Sun Care,Google Ads,Video,Young Adults,Oceania,New Customer Acquisition,Tablet,Black Friday,2025-10-08,541218,16762,3.1,35191.9,1814,10.83,458108.86,13.02,65.02,2.1,2.46,36.16,74.8,81.04
CAMP-2024-00658,Neutrogena,Skincare,Google Ads,Collection,Women 25-34,Africa,Cart Abandonment,Mobile,Winter,2026-02-28,136394,10120,7.42,15309.78,225,2.23,41384.69,2.7,112.25,1.51,10.91,74.99,75.18,215.24
CAMP-2024-00659,YSL,Premium/Luxury,TikTok,Single Image,Men 55+,North America,Cart Abandonment,Tablet,Back to School,2026-09-14,7223,407,5.64,1241.29,58,14.45,14260.31,11.49,171.85,3.05,9.28,61.17,69.17,294.18
CAMP-2024-00660,Maybelline,Fragrance,Facebook,Video,Young Adults,Middle East,Retargeting,Mobile,Winter,2025-11-27,27179,1787,6.57,7973.98,36,2.02,11748.84,1.47,293.39,4.46,8.35,26.7,76.2,62.74
CAMP-2024-00661,Clinique,Skincare,Google Ads,Video,Young Adults,Middle East,Seasonal Promotion,Desktop,Holiday,2025-12-20,317671,3284,1.03,6566.96,173,5.3,40344.95,6.14,20.67,2.0,10.04,40.99,59.25,148.5
CAMP-2024-00662,Nivea,Premium/Luxury,Programmatic Display,In-Feed,Women 35-44,Africa,Product Launch,Mobile,Back to School,2026-01-10,229314,14154,6.17,5897.92,1062,7.51,176223.02,29.88,25.72,0.42,8.39,75.75,67.17,274.68
CAMP-2024-00663,Mary Kay,Premium/Luxury,Facebook,In-Feed,Men 18-24,North America,Loyalty Program,Connected TV,Valentine's Day,2026-04-15,924709,21800,2.36,50921.89,1731,7.94,409720.81,8.05,55.07,2.34,10.02,28.05,47.5,159.26
CAMP-2024-00664,Coty,Premium/Luxury,Pinterest,In-Feed,Professionals,Latin America,Flash Sale,Mobile,Valentine's Day,2026-06-03,1705103,70275,4.12,284122.33,8403,11.96,1112187.15,3.91,166.63,4.04,4.39,20.94,38.3,154.5
CAMP-2024-00665,Dior,Men's Grooming,Instagram,In-Feed,Men 18-24,Central America,Retargeting,Mobile,Fall,2026-03-07,2031215,112017,5.51,514681.25,13665,12.2,1518262.12,2.95,253.39,4.59,1.94,47.4,20.6,176.32
CAMP-2024-00666,NYX,Organic/Natural,YouTube,Carousel,Women 55+,Africa,Lookalike Audience,Connected TV,Winter,2025-12-23,352378,17068,4.84,59661.14,1842,10.8,468162.39,7.85,169.31,3.5,10.08,54.8,64.22,66.34
CAMP-2024-00667,YSL,Makeup,Snapchat,Search,Men 25-34,Latin America,Lookalike Audience,Connected TV,Spring,2026-01-28,121889,8353,6.85,33756.39,811,9.71,125750.6,3.73,276.94,4.04,9.02,73.05,30.98,62.71
CAMP-2024-00668,Lancome,Makeup,Instagram,Search,Teens,Central America,Loyalty Program,Mobile,Valentine's Day,2025-12-25,128989,4372,3.39,16913.02,45,1.04,11155.26,0.66,131.12,3.87,7.33,27.92,32.47,281.92
CAMP-2024-00669,Procter & Gamble,Men's Grooming,Facebook,Search,Parents,Asia Pacific,Retargeting,Desktop,Holiday,2026-04-20,7947,41,0.52,69.74,0,1.43,0.0,0.0,8.78,1.7,9.4,82.57,69.14,192.56
CAMP-2024-00670,YSL,Fragrance,Google Ads,Carousel,Women 55+,Southeast Asia,Product Launch,Tablet,Summer,2026-03-28,450491,10490,2.33,9342.54,483,4.61,32520.0,3.48,20.74,0.89,10.3,42.74,40.91,87.08
CAMP-2024-00671,Lancome,Makeup,TikTok,Native,Teens,Middle East,Loyalty Program,Desktop,Back to School,2025-11-06,2306704,166591,7.22,17487.54,11467,6.88,3433480.98,196.34,7.58,0.1,2.75,63.46,45.68,192.06
CAMP-2024-00672,Yves Rocher,Personal Care,Snapchat,Search,Women 45-54,Europe,Cart Abandonment,Desktop,Spring,2026-08-22,869977,61818,7.11,223097.13,1523,2.47,194941.1,0.87,256.44,3.61,11.78,47.58,61.69,223.81
CAMP-2024-00673,MAC,Makeup,Facebook,Native,Women 45-54,Southeast Asia,Product Launch,Connected TV,Spring,2025-10-05,156877,1718,1.1,2102.37,236,13.75,55706.64,26.5,13.4,1.22,5.97,20.05,61.5,59.06
CAMP-2024-00674,Huda Beauty,Premium/Luxury,YouTube,In-Feed,Parents,Africa,Flash Sale,Desktop,Black Friday,2025-12-12,210193,11553,5.5,10031.06,1080,9.35,31054.7,3.1,47.72,0.87,1.18,49.67,74.18,157.45
CAMP-2024-00675,Mary Kay,Personal Care,YouTube,Banner,Men 45-54,Eastern Europe,Cart Abandonment,Desktop,Summer,2026-08-17,662856,4327,0.65,9825.97,317,7.35,88502.24,9.01,14.82,2.27,1.37,65.93,70.89,273.88
CAMP-2024-00676,Avon,Skincare,YouTube,Carousel,Men 25-34,Latin America,Product Launch,Tablet,Black Friday,2026-06-10,359802,11324,3.15,35586.32,977,8.63,324215.88,9.11,98.91,3.14,5.63,21.12,71.73,71.46
CAMP-2024-00677,Olay,Organic/Natural,Instagram,Carousel,Men 55+,Southeast Asia,Product Launch,Tablet,Black Friday,2026-03-12,3192,92,2.91,198.62,7,8.51,1123.68,5.66,62.22,2.16,8.38,53.26,26.19,272.19
CAMP-2024-00678,Lancome,Makeup,Pinterest,In-Feed,Men 18-24,Oceania,Influencer Collaboration,Tablet,Holiday,2025-10-19,429008,18479,4.31,62537.27,1615,8.74,543588.61,8.69,145.77,3.38,2.72,76.74,65.34,193.19
CAMP-2024-00679,Maybelline,Premium/Luxury,Twitter/X,Reels,Men 45-54,Oceania,New Customer Acquisition,Tablet,Winter,2026-03-16,60284,713,1.18,2032.38,27,3.88,9012.62,4.43,33.71,2.85,9.82,0,65.02,134.59
CAMP-2024-00680,Benefit,Premium/Luxury,YouTube,Banner,Men 18-24,North America,Loyalty Program,Desktop,Back to School,2026-03-20,101957,2596,2.55,10748.01,126,4.86,26153.53,2.43,105.42,4.14,2.62,0,58.24,86.51
CAMP-2024-00681,Garnier,Men's Grooming,TikTok,Collection,Men 35-44,Africa,Cart Abandonment,Desktop,Spring,2026-05-21,566750,38872,6.86,59442.14,2616,6.73,876401.91,14.74,104.88,1.53,7.46,53.66,50.49,190.36
CAMP-2024-00682,Estee Lauder,Makeup,Google Ads,Native,Seniors,Middle East,Retargeting,Tablet,Holiday,2026-06-20,37956,1283,3.38,5340.44,29,2.31,7701.85,1.44,140.7,4.16,11.61,63.99,44.5,249.61
CAMP-2024-00683,YSL,Men's Grooming,Snapchat,Banner,Parents,Central America,Product Launch,Mobile,Valentine's Day,2026-01-24,576117,16293,2.83,57035.26,1839,11.29,261865.49,4.59,99.0,3.5,5.25,75.75,79.17,62.59
CAMP-2024-00684,Mary Kay,Fragrance,Snapchat,Single Image,Women 25-34,Europe,New Customer Acquisition,Mobile,Spring,2026-04-02,3535889,234448,6.63,839251.0,8713,3.72,2158157.91,2.57,237.35,3.58,4.55,34.26,64.0,192.51
CAMP-2024-00685,Revlon,Premium/Luxury,Google Ads,Search,Men 45-54,Southeast Asia,Seasonal Promotion,Tablet,Black Friday,2026-04-12,339652,18616,5.48,74913.33,1106,5.94,34338.44,0.46,220.56,4.02,11.19,0,73.27,205.1
CAMP-2024-00686,YSL,Anti-Aging,YouTube,Banner,Men 45-54,Europe,Flash Sale,Connected TV,Back to School,2026-01-14,24707,668,2.7,1636.13,73,10.99,11791.06,7.21,66.22,2.45,4.89,40.45,46.37,126.62
CAMP-2024-00687,Mary Kay,Skincare,YouTube,Single Image,Teens,Latin America,Seasonal Promotion,Mobile,Spring,2026-02-22,108252,4209,3.89,5755.39,292,6.95,72037.1,12.52,53.17,1.37,11.55,37.18,76.37,252.53
CAMP-2024-00688,Yves Rocher,Personal Care,TikTok,Story,Teens,Southeast Asia,New Customer Acquisition,Desktop,Valentine's Day,2026-02-16,162317,6226,3.84,17648.24,808,12.98,199957.49,11.33,108.73,2.83,9.63,31.19,69.87,83.53
CAMP-2024-00689,Maybelline,Haircare,Facebook,Banner,Women 25-34,Oceania,Lookalike Audience,Desktop,Fall,2026-09-16,148368,10988,7.41,7066.06,1602,14.58,155070.84,21.95,47.63,0.64,4.61,18.23,22.51,210.39
CAMP-2024-00690,YSL,Premium/Luxury,Twitter/X,Reels,Men 55+,Eastern Europe,Cart Abandonment,Desktop,Holiday,2025-12-24,451367,4755,1.05,10248.08,272,5.74,53901.34,5.26,22.7,2.16,6.95,0,69.47,140.83
CAMP-2024-00691,Maybelline,Personal Care,LinkedIn,In-Feed,Women 55+,Central America,Flash Sale,Connected TV,Back to School,2025-11-06,74967,3141,4.19,11243.9,196,6.24,60175.25,5.35,149.98,3.58,11.57,0,54.33,266.42
CAMP-2024-00692,Huda Beauty,Fragrance,Twitter/X,Story,Young Adults,Southeast Asia,Seasonal Promotion,Tablet,Fall,2026-08-12,98940,1393,1.41,4138.09,134,9.68,10994.46,2.66,41.82,2.97,4.11,0,68.91,153.85
CAMP-2024-00693,Benefit,Haircare,Instagram,Reels,Young Adults,Europe,Influencer Collaboration,Desktop,Winter,2026-01-23,108898,3212,2.95,12703.81,52,1.63,4797.48,0.38,116.66,3.96,1.74,71.61,44.75,259.82
CAMP-2024-00694,Anastasia Beverly Hills,Men's Grooming,Google Ads,Single Image,Parents,Eastern Europe,Brand Awareness,Desktop,Spring,2026-06-18,582154,18942,3.25,79918.36,972,5.13,26932.06,0.34,137.28,4.22,11.09,79.97,76.51,274.56
CAMP-2024-00695,MAC,Fragrance,Programmatic Display,Search,Women 35-44,Latin America,New Customer Acquisition,Desktop,Spring,2026-06-28,173216,3168,1.83,12109.14,38,1.2,7148.29,0.59,69.91,3.82,10.77,0,46.32,64.5
CAMP-2024-00696,NYX,Anti-Aging,Google Ads,Search,Women 25-34,Europe,Loyalty Program,Desktop,Valentine's Day,2026-02-15,92688,4632,5.0,1896.66,205,4.43,48137.98,25.38,20.46,0.41,11.98,0,22.65,166.3
CAMP-2024-00697,Shiseido,Organic/Natural,Google Ads,Collection,Women 18-24,Asia Pacific,Seasonal Promotion,Tablet,Spring,2026-02-18,75034,4057,5.41,8740.9,547,13.5,119430.15,13.66,116.49,2.15,2.8,49.98,51.76,112.11
CAMP-2024-00698,YSL,Skincare,Google Ads,Search,Women 35-44,Southeast Asia,New Customer Acquisition,Mobile,Black Friday,2025-11-25,256070,20221,7.9,44383.38,650,3.22,18295.75,0.41,173.33,2.19,9.72,54.03,25.65,75.63
CAMP-2024-00699,Neutrogena,Personal Care,LinkedIn,Story,Men 45-54,Southeast Asia,Lookalike Audience,Desktop,Holiday,2026-09-21,291725,16330,5.6,68792.91,1523,9.33,143504.53,2.09,235.81,4.21,10.3,0,62.7,267.6
CAMP-2024-00700,Huda Beauty,Personal Care,Pinterest,Search,Men 45-54,Latin America,Seasonal Promotion,Tablet,Back to School,2026-01-15,138737,9955,7.18,44416.41,645,6.49,108898.3,2.45,320.15,4.46,9.35,48.49,21.52,96.29
CAMP-2024-00701,Mary Kay,Makeup,Google Ads,In-Feed,Professionals,Oceania,Cart Abandonment,Connected TV,Black Friday,2026-07-13,203905,1100,0.54,1634.22,95,8.7,3060.04,1.87,8.01,1.49,8.76,0,44.86,88.84
CAMP-2024-00702,Maybelline,Fragrance,Snapchat,Reels,Women 55+,North America,New Customer Acquisition,Mobile,Winter,2026-05-09,4363,91,2.1,399.42,8,9.04,2675.0,6.7,91.55,4.39,2.06,0,34.81,246.9
CAMP-2024-00703,Benefit,Organic/Natural,Facebook,Story,Professionals,Europe,Product Launch,Tablet,Valentine's Day,2025-10-02,30337,1016,3.35,4789.47,54,5.35,7947.11,1.66,157.88,4.71,0.8,21.07,56.61,163.48
CAMP-2024-00704,Huda Beauty,Premium/Luxury,Google Ads,Banner,Young Adults,Southeast Asia,New Customer Acquisition,Connected TV,Black Friday,2026-03-07,117457,9296,7.91,18091.27,568,6.11,52867.97,2.92,154.02,1.95,8.29,0,64.77,153.76
CAMP-2024-00705,Oriflame,Anti-Aging,Facebook,Video,Seniors,North America,Seasonal Promotion,Connected TV,Black Friday,2025-10-21,265946,15788,5.94,68109.3,2198,13.93,490130.45,7.2,256.1,4.31,6.43,54.59,60.46,32.0
CAMP-2024-00706,Shiseido,Anti-Aging,Google Ads,Collection,Men 25-34,Europe,Retargeting,Tablet,Spring,2025-10-20,340255,23115,6.79,8364.81,2319,10.04,303997.3,36.34,24.58,0.36,2.19,31.83,77.47,137.81
CAMP-2024-00707,Benefit,Fragrance,Snapchat,Carousel,Seniors,Oceania,Seasonal Promotion,Mobile,Valentine's Day,2026-09-13,99442,4683,4.71,2126.88,175,3.75,35009.74,16.46,21.39,0.45,3.37,79.31,57.47,257.28
CAMP-2024-00708,MAC,Sun Care,Facebook,Banner,Women 55+,Latin America,Loyalty Program,Mobile,Black Friday,2026-02-22,762819,51054,6.69,192018.42,5478,10.73,1460529.12,7.61,251.72,3.76,10.93,78.46,50.52,209.46
CAMP-2024-00709,Avon,Makeup,Programmatic Display,Carousel,Parents,Africa,Flash Sale,Connected TV,Back to School,2025-10-12,954262,68820,7.21,322773.61,6335,9.21,1459624.2,4.52,338.24,4.69,7.02,0,74.85,247.67
CAMP-2024-00710,Coty,Personal Care,TikTok,In-Feed,Women 55+,Asia Pacific,Loyalty Program,Connected TV,Back to School,2026-01-24,219872,16358,7.44,81163.74,1373,8.39,256987.34,3.17,369.14,4.96,8.32,71.53,66.68,40.76
CAMP-2024-00711,Procter & Gamble,Men's Grooming,Snapchat,Carousel,Men 55+,Eastern Europe,Retargeting,Tablet,Black Friday,2026-03-10,44900,3252,7.24,10906.71,207,6.37,68611.16,6.29,242.91,3.35,9.59,83.85,41.69,88.39
CAMP-2024-00712,Too Faced,Men's Grooming,LinkedIn,Single Image,Women 35-44,Europe,New Customer Acquisition,Desktop,Holiday,2026-02-25,224455,6617,2.95,22409.49,922,13.94,70295.37,3.14,99.84,3.39,2.71,79.95,59.82,221.43
CAMP-2024-00713,Procter & Gamble,Haircare,YouTube,Video,Women 25-34,Eastern Europe,Retargeting,Mobile,Summer,2026-08-29,32288,1672,5.18,6851.78,150,8.99,10883.08,1.59,212.21,4.1,4.59,30.88,35.79,76.3
CAMP-2024-00714,NYX,Sun Care,Pinterest,Reels,Parents,Southeast Asia,Flash Sale,Mobile,Valentine's Day,2026-03-12,344829,5219,1.51,1397.36,396,7.6,44222.86,31.65,4.05,0.27,7.48,46.66,74.68,41.76
CAMP-2024-00715,Revlon,Personal Care,Facebook,Single Image,Women 35-44,Europe,Brand Awareness,Tablet,Valentine's Day,2025-12-20,4053550,65009,1.6,134641.65,4825,7.42,822986.33,6.11,33.22,2.07,8.55,0,23.76,241.1
CAMP-2024-00716,Garnier,Personal Care,LinkedIn,Video,Professionals,Latin America,Brand Awareness,Desktop,Back to School,2026-03-25,337824,25925,7.67,45125.29,1791,6.91,340733.28,7.55,133.58,1.74,8.67,39.61,20.13,144.34
CAMP-2024-00717,Garnier,Anti-Aging,Twitter/X,Reels,Teens,Africa,Loyalty Program,Mobile,Back to School,2026-06-27,405271,3662,0.9,12876.67,512,14.0,85348.15,6.63,31.77,3.52,8.39,0,66.88,68.92
CAMP-2024-00718,Nivea,Haircare,YouTube,Single Image,Women 35-44,Europe,Lookalike Audience,Tablet,Valentine's Day,2025-10-16,388869,27795,7.15,84590.37,3340,12.02,89078.75,1.05,217.53,3.04,6.26,52.47,70.05,161.44
CAMP-2024-00719,Shiseido,Sun Care,Google Ads,Search,Men 45-54,Asia Pacific,New Customer Acquisition,Desktop,Winter,2026-06-29,436368,16151,3.7,13189.98,1245,7.71,414666.55,31.44,30.23,0.82,2.52,80.92,72.9,201.64
CAMP-2024-00720,Guerlain,Personal Care,Twitter/X,Video,Men 55+,Latin America,Cart Abandonment,Connected TV,Winter,2026-01-21,59301,1684,2.84,2418.9,79,4.73,25214.44,10.42,40.79,1.44,11.63,25.35,78.49,234.68
CAMP-2024-00721,Yves Rocher,Premium/Luxury,LinkedIn,Banner,Parents,Eastern Europe,New Customer Acquisition,Mobile,Fall,2026-08-09,1541418,114088,7.4,106480.94,5422,4.75,1394702.58,13.1,69.08,0.93,5.04,0,26.49,83.81
CAMP-2024-00722,Huda Beauty,Sun Care,LinkedIn,Collection,Women 55+,Oceania,Brand Awareness,Mobile,Summer,2026-07-26,134816,7396,5.49,1397.24,672,9.09,104699.25,74.93,10.36,0.19,6.17,76.82,64.47,128.56
CAMP-2024-00723,Dior,Anti-Aging,Pinterest,In-Feed,Women 25-34,North America,Brand Awareness,Tablet,Black Friday,2026-09-14,1226128,9405,0.77,33087.6,249,2.65,83306.94,2.52,26.99,3.52,11.02,71.5,61.01,82.5
CAMP-2024-00724,Garnier,Makeup,LinkedIn,In-Feed,Women 25-34,Middle East,Flash Sale,Desktop,Holiday,2026-07-27,89275,5085,5.7,18079.76,135,2.67,7242.02,0.4,202.52,3.56,4.74,47.74,78.88,248.69
CAMP-2024-00725,Coty,Fragrance,Snapchat,Search,Men 45-54,Africa,Brand Awareness,Connected TV,Holiday,2026-06-25,904243,58995,6.52,54514.83,8670,14.7,1125524.48,20.65,60.29,0.92,10.34,64.0,74.9,151.24
CAMP-2024-00726,Revlon,Men's Grooming,YouTube,Video,Parents,Asia Pacific,Brand Awareness,Mobile,Black Friday,2025-10-29,430296,28778,6.69,70469.24,2076,7.21,105163.49,1.49,163.77,2.45,11.5,0,22.75,191.79
CAMP-2024-00727,L'Oreal,Fragrance,TikTok,Native,Men 45-54,Middle East,Cart Abandonment,Connected TV,Fall,2026-07-22,366005,28632,7.82,76412.88,3722,13.0,1217479.13,15.93,208.78,2.67,10.41,43.2,62.35,134.51
CAMP-2024-00728,Mary Kay,Sun Care,Twitter/X,Story,Women 25-34,Middle East,Product Launch,Mobile,Spring,2026-04-30,78304,4080,5.21,7311.85,277,6.8,35357.3,4.84,93.38,1.79,6.59,60.39,39.02,134.32
CAMP-2024-00729,Lancome,Sun Care,Snapchat,Carousel,Men 45-54,Eastern Europe,Flash Sale,Tablet,Back to School,2025-12-09,59616,484,0.81,992.81,13,2.75,4258.09,4.29,16.65,2.05,4.77,31.23,74.15,185.92
CAMP-2024-00730,Too Faced,Makeup,Google Ads,Video,Women 35-44,Africa,Product Launch,Connected TV,Summer,2026-05-18,301416,10969,3.64,23491.81,1209,11.03,194902.13,8.3,77.94,2.14,10.91,49.76,79.2,282.24
CAMP-2024-00731,Coty,Premium/Luxury,LinkedIn,Carousel,Men 18-24,Oceania,Loyalty Program,Tablet,Valentine's Day,2026-04-13,172502,6450,3.74,13323.39,406,6.31,139013.26,10.43,77.24,2.07,1.67,0,57.89,32.27
CAMP-2024-00732,Clinique,Organic/Natural,Instagram,Story,Young Adults,Africa,Seasonal Promotion,Tablet,Spring,2026-03-28,275821,6072,2.2,22694.51,814,13.42,190080.24,8.38,82.28,3.74,3.89,20.8,37.63,250.36
CAMP-2024-00733,Dove,Skincare,Twitter/X,Collection,Women 55+,Oceania,Flash Sale,Tablet,Fall,2026-04-22,104415,6420,6.15,22138.17,429,6.69,12891.01,0.58,212.02,3.45,1.04,84.34,41.35,171.29
CAMP-2024-00734,Neutrogena,Men's Grooming,Pinterest,Single Image,Women 35-44,Africa,Product Launch,Connected TV,Valentine's Day,2026-01-12,8803,385,4.38,1792.71,49,12.98,13552.36,7.56,203.65,4.66,1.04,77.39,65.26,269.98
CAMP-2024-00735,Shiseido,Personal Care,Google Ads,Story,Women 18-24,Southeast Asia,Influencer Collaboration,Mobile,Fall,2025-12-28,225344,1313,0.58,2202.74,73,5.57,10619.46,4.82,9.78,1.68,3.52,0,58.01,67.76
CAMP-2024-00736,Olay,Haircare,Twitter/X,In-Feed,Parents,Middle East,Brand Awareness,Mobile,Holiday,2026-07-13,421298,25193,5.98,37802.3,3283,13.03,830525.68,21.97,89.73,1.5,2.82,15.51,64.57,36.6
CAMP-2024-00737,Clinique,Haircare,Pinterest,Reels,Men 18-24,Oceania,Loyalty Program,Tablet,Back to School,2026-04-18,93310,4637,4.97,21497.81,331,7.15,105571.46,4.91,230.39,4.64,2.43,19.63,44.35,226.3
CAMP-2024-00738,Huda Beauty,Skincare,TikTok,Reels,Men 55+,Asia Pacific,Influencer Collaboration,Mobile,Fall,2026-02-27,212560,6996,3.29,16363.82,669,9.57,37563.13,2.3,76.98,2.34,8.32,0,20.15,98.19
CAMP-2024-00739,Avon,Men's Grooming,Twitter/X,Story,Men 35-44,Middle East,Flash Sale,Connected TV,Back to School,2026-08-21,1695639,28515,1.68,8099.78,3078,10.8,592128.19,73.1,4.78,0.28,7.04,51.42,75.0,210.92
CAMP-2024-00740,Huda Beauty,Skincare,Twitter/X,Reels,Women 25-34,Oceania,Loyalty Program,Tablet,Summer,2026-08-27,218156,12602,5.78,8054.42,540,4.29,183910.9,22.83,36.92,0.64,3.9,44.5,37.43,98.45
CAMP-2024-00741,L'Oreal,Organic/Natural,Programmatic Display,Story,Seniors,Southeast Asia,Brand Awareness,Mobile,Black Friday,2026-06-04,178115,13154,7.39,24812.06,1458,11.09,502609.23,20.26,139.3,1.89,11.72,37.67,55.58,295.3
CAMP-2024-00742,MAC,Premium/Luxury,LinkedIn,Story,Men 45-54,Latin America,Brand Awareness,Mobile,Fall,2026-05-19,67884,4160,6.13,17531.4,377,9.07,53281.01,3.04,258.26,4.21,5.1,77.37,45.52,233.1
CAMP-2024-00743,Benefit,Anti-Aging,YouTube,Collection,Teens,Southeast Asia,Seasonal Promotion,Connected TV,Holiday,2026-08-30,31539,498,1.58,1254.03,23,4.62,3526.7,2.81,39.76,2.52,4.76,81.85,32.29,59.61
CAMP-2024-00744,Maybelline,Makeup,LinkedIn,Video,Teens,Latin America,Retargeting,Connected TV,Fall,2025-10-18,551874,24816,4.5,78348.26,2064,8.32,507658.93,6.48,141.97,3.16,9.36,63.17,48.01,79.18
CAMP-2024-00745,Shiseido,Fragrance,Google Ads,Search,Men 45-54,Latin America,Seasonal Promotion,Connected TV,Holiday,2026-03-26,187550,952,0.51,586.51,35,3.77,11761.76,20.05,3.13,0.62,2.76,32.07,25.49,215.18
CAMP-2024-00746,Guerlain,Men's Grooming,Snapchat,Native,Women 18-24,Middle East,Cart Abandonment,Tablet,Winter,2025-11-07,968617,42712,4.41,207887.68,5127,12.01,451424.29,2.17,214.62,4.87,5.71,0,59.29,207.1
CAMP-2024-00747,Chanel,Haircare,Snapchat,Single Image,Seniors,Southeast Asia,Flash Sale,Connected TV,Valentine's Day,2025-11-06,8127,131,1.62,482.12,1,1.13,72.86,0.15,59.32,3.68,3.43,63.64,64.35,274.19
CAMP-2024-00748,Chanel,Sun Care,Instagram,Reels,Women 55+,Asia Pacific,Product Launch,Desktop,Spring,2026-08-04,1331551,37179,2.79,156816.38,3864,10.39,194047.51,1.24,117.77,4.22,6.5,0,65.82,222.64
CAMP-2024-00749,Clinique,Sun Care,Snapchat,Native,Men 55+,Africa,Cart Abandonment,Connected TV,Spring,2025-11-06,216324,2155,1.0,9432.53,231,10.72,78698.52,8.34,43.6,4.38,1.74,15.95,35.12,63.96
CAMP-2024-00750,NYX,Skincare,Facebook,Search,Teens,Europe,Cart Abandonment,Connected TV,Valentine's Day,2025-09-30,110553,6601,5.97,5893.51,921,13.97,266578.4,45.23,53.31,0.89,1.92,39.85,64.7,58.24
CAMP-2024-00751,Oriflame,Organic/Natural,TikTok,Native,Women 55+,Asia Pacific,Product Launch,Mobile,Back to School,2026-07-19,1087549,26847,2.47,86488.33,2151,8.01,274731.79,3.18,79.53,3.22,11.76,0,20.9,244.39
CAMP-2024-00752,Clinique,Personal Care,Instagram,Carousel,Women 55+,Europe,Brand Awareness,Desktop,Winter,2026-07-02,5572,145,2.61,425.27,13,9.54,3057.8,7.19,76.32,2.93,2.48,17.95,51.02,202.23
CAMP-2024-00753,Yves Rocher,Men's Grooming,Snapchat,Search,Women 55+,Eastern Europe,Loyalty Program,Mobile,Fall,2026-03-01,26954,297,1.1,119.46,33,11.2,8011.89,67.07,4.43,0.4,4.1,25.8,43.98,41.76
CAMP-2024-00754,Guerlain,Organic/Natural,YouTube,In-Feed,Men 25-34,Oceania,Influencer Collaboration,Desktop,Winter,2026-06-18,86436,1607,1.86,3367.65,51,3.19,3562.36,1.06,38.96,2.1,3.1,0,54.07,191.98
CAMP-2024-00755,Lancome,Skincare,YouTube,Single Image,Women 35-44,Europe,Product Launch,Mobile,Black Friday,2025-12-07,28176,1468,5.21,1768.62,16,1.14,4675.65,2.64,62.77,1.2,8.66,0,56.01,210.25
CAMP-2024-00756,Dove,Organic/Natural,LinkedIn,Story,Men 45-54,Africa,Lookalike Audience,Tablet,Black Friday,2025-12-27,96437,5899,6.12,9648.99,640,10.86,166042.66,17.21,100.05,1.64,7.95,76.6,60.39,213.59
CAMP-2024-00757,Chanel,Makeup,Pinterest,Video,Women 25-34,Oceania,Seasonal Promotion,Tablet,Valentine's Day,2026-08-17,30747,1892,6.15,1874.21,251,13.28,67365.67,35.94,60.96,0.99,5.49,56.52,64.42,151.45
CAMP-2024-00758,MAC,Haircare,Programmatic Display,Banner,Women 45-54,Africa,New Customer Acquisition,Desktop,Holiday,2026-06-24,154929,3220,2.08,13801.46,382,11.87,32458.82,2.35,89.08,4.29,11.71,81.08,24.03,88.37
CAMP-2024-00759,Procter & Gamble,Haircare,YouTube,Search,Seniors,Asia Pacific,Flash Sale,Tablet,Spring,2025-10-18,110961,5114,4.61,19895.83,652,12.76,22749.89,1.14,179.3,3.89,4.25,36.3,53.82,216.18
CAMP-2024-00760,YSL,Organic/Natural,Instagram,Carousel,Women 35-44,Latin America,Retargeting,Desktop,Winter,2025-11-15,38346,2697,7.03,540.89,324,12.03,45707.42,84.5,14.11,0.2,5.83,0,69.18,53.82
CAMP-2024-00761,Neutrogena,Makeup,Twitter/X,Story,Professionals,Europe,New Customer Acquisition,Desktop,Spring,2025-10-13,26226,984,3.75,4425.46,21,2.22,1279.38,0.29,168.74,4.5,7.43,76.25,27.57,212.3
CAMP-2024-00762,Estee Lauder,Skincare,Pinterest,Single Image,Women 35-44,Central America,Product Launch,Connected TV,Winter,2026-08-15,270047,5995,2.22,3171.59,740,12.35,203596.46,64.19,11.74,0.53,4.9,46.38,27.55,160.46
CAMP-2024-00763,Mary Kay,Anti-Aging,Facebook,Banner,Men 18-24,Oceania,Flash Sale,Desktop,Black Friday,2026-05-11,1718132,57050,3.32,203717.68,6973,12.22,2025993.75,9.95,118.57,3.57,6.22,30.73,61.91,79.87
CAMP-2024-00764,Mary Kay,Anti-Aging,LinkedIn,Reels,Men 35-44,North America,Product Launch,Mobile,Summer,2026-02-15,713889,54732,7.67,225426.05,5467,9.99,1309250.21,5.81,315.77,4.12,11.07,37.36,57.51,181.27
CAMP-2024-00765,Dove,Personal Care,YouTube,Carousel,Women 55+,Central America,Loyalty Program,Desktop,Summer,2025-10-14,37905,1066,2.81,2740.44,147,13.82,24935.41,9.1,72.3,2.57,3.66,0,69.72,268.78
CAMP-2024-00766,Revlon,Sun Care,LinkedIn,Collection,Men 45-54,Europe,New Customer Acquisition,Desktop,Black Friday,2026-03-16,412320,9318,2.26,44034.53,95,1.02,12773.65,0.29,106.8,4.73,10.69,23.29,66.38,287.22
CAMP-2024-00767,Tarte,Organic/Natural,Facebook,Native,Women 18-24,Latin America,New Customer Acquisition,Mobile,Spring,2026-04-08,68610,766,1.12,2355.65,60,7.83,16149.89,6.86,34.33,3.08,5.84,74.53,36.54,119.42
CAMP-2024-00768,Nivea,Premium/Luxury,Instagram,Search,Women 45-54,Oceania,Seasonal Promotion,Desktop,Fall,2026-03-29,467081,5718,1.22,8872.7,714,12.5,238473.43,26.88,19.0,1.55,9.71,55.1,21.02,175.36
CAMP-2024-00769,NYX,Sun Care,Pinterest,Search,Men 45-54,Southeast Asia,Retargeting,Desktop,Valentine's Day,2025-12-14,89323,3758,4.21,7567.13,88,2.37,12792.29,1.69,84.72,2.01,8.67,54.69,70.27,255.8
CAMP-2024-00770,Anastasia Beverly Hills,Haircare,Twitter/X,Story,Women 55+,Asia Pacific,Cart Abandonment,Connected TV,Winter,2026-07-18,10184475,468163,4.6,1018145.29,58849,12.57,14881502.46,14.62,99.97,2.17,2.92,81.56,23.81,250.46
CAMP-2024-00771,MAC,Fragrance,YouTube,Video,Men 25-34,Latin America,New Customer Acquisition,Connected TV,Back to School,2026-01-10,270434,18868,6.98,58977.83,871,4.62,294135.95,4.99,218.09,3.13,1.1,65.92,38.14,110.76
CAMP-2024-00772,L'Oreal,Sun Care,Instagram,Reels,Women 18-24,Africa,Seasonal Promotion,Tablet,Spring,2025-09-30,152317,3369,2.21,7015.52,248,7.36,33587.17,4.79,46.06,2.08,6.79,55.64,30.6,154.15
CAMP-2024-00773,Benefit,Skincare,TikTok,Story,Teens,Middle East,Retargeting,Desktop,Winter,2025-12-20,341765,4324,1.27,9796.3,328,7.59,108377.17,11.06,28.66,2.27,6.78,44.16,22.97,171.03
CAMP-2024-00774,Maybelline,Organic/Natural,Pinterest,Video,Seniors,Europe,Flash Sale,Tablet,Winter,2026-01-08,364502,8265,2.27,15887.55,1147,13.89,329781.79,20.76,43.59,1.92,1.23,48.14,69.96,96.82
CAMP-2024-00775,Too Faced,Skincare,Pinterest,Story,Men 18-24,Middle East,Seasonal Promotion,Mobile,Fall,2026-05-31,584862,27759,4.75,129047.53,590,2.13,91213.58,0.71,220.65,4.65,0.96,71.16,69.87,282.03
CAMP-2024-00776,Olay,Makeup,Programmatic Display,Native,Teens,Central America,Lookalike Audience,Connected TV,Summer,2026-04-14,634387,43927,6.92,69934.04,6187,14.09,553905.54,7.92,110.24,1.59,8.69,53.04,45.16,64.85
CAMP-2024-00777,L'Oreal,Anti-Aging,Programmatic Display,Carousel,Men 18-24,Eastern Europe,Cart Abandonment,Connected TV,Valentine's Day,2026-09-14,55425,1051,1.9,1820.23,147,14.03,42936.22,23.59,32.84,1.73,7.63,0,72.18,77.77
CAMP-2024-00778,Avon,Anti-Aging,TikTok,Banner,Young Adults,Latin America,Cart Abandonment,Mobile,Spring,2026-04-03,37823,1966,5.2,867.01,165,8.43,45669.43,52.67,22.92,0.44,8.31,0,37.36,193.23
CAMP-2024-00779,Too Faced,Makeup,Google Ads,Carousel,Women 35-44,Middle East,Loyalty Program,Mobile,Back to School,2025-10-04,10816,698,6.46,362.61,91,13.04,14329.76,39.52,33.53,0.52,9.09,30.32,60.19,99.3
CAMP-2024-00780,Mary Kay,Makeup,Twitter/X,Video,Young Adults,Southeast Asia,Product Launch,Connected TV,Valentine's Day,2025-12-05,237654,7023,2.96,6755.38,674,9.61,191431.85,28.34,28.43,0.96,8.18,20.53,29.95,174.04
CAMP-2024-00781,Yves Rocher,Personal Care,Facebook,Search,Women 55+,Eastern Europe,Lookalike Audience,Connected TV,Spring,2026-03-07,2006220,37304,1.86,113251.97,2057,5.52,709685.48,6.27,56.45,3.04,1.35,80.94,52.02,60.7
CAMP-2024-00782,YSL,Haircare,Google Ads,Carousel,Young Adults,Africa,Loyalty Program,Mobile,Black Friday,2026-01-31,132742,8619,6.49,20376.07,258,3.0,78988.57,3.88,153.5,2.36,6.56,71.17,76.53,208.16
CAMP-2024-00783,Guerlain,Men's Grooming,Twitter/X,Video,Seniors,Middle East,Loyalty Program,Mobile,Holiday,2025-10-13,2138717,106015,4.96,398207.32,13780,13.0,3575166.29,8.98,186.19,3.76,11.89,17.57,36.52,285.79
CAMP-2024-00784,Guerlain,Anti-Aging,YouTube,Native,Women 35-44,Southeast Asia,New Customer Acquisition,Connected TV,Fall,2026-07-17,11910,539,4.53,244.27,77,14.37,6694.87,27.41,20.51,0.45,11.46,40.44,60.94,298.53
CAMP-2024-00785,Yves Rocher,Fragrance,Twitter/X,Video,Young Adults,Eastern Europe,Retargeting,Tablet,Valentine's Day,2026-08-07,289456,14100,4.87,6087.14,1054,7.48,328222.6,53.92,21.03,0.43,2.2,16.5,60.47,221.11
CAMP-2024-00786,Oriflame,Haircare,Programmatic Display,Native,Professionals,Latin America,Cart Abandonment,Tablet,Valentine's Day,2026-04-04,77720,3191,4.11,9535.0,377,11.84,114276.9,11.98,122.68,2.99,4.72,64.16,29.06,97.0
CAMP-2024-00787,Chanel,Anti-Aging,Instagram,Reels,Men 35-44,Middle East,Influencer Collaboration,Connected TV,Spring,2026-04-14,18109,1375,7.6,3191.51,110,8.01,5501.6,1.72,176.24,2.32,2.66,61.47,42.45,201.64
CAMP-2024-00788,Mary Kay,Haircare,YouTube,Native,Teens,Southeast Asia,Lookalike Audience,Mobile,Black Friday,2026-06-02,44840,2049,4.57,6932.66,263,12.85,85283.59,12.3,154.61,3.38,0.72,35.57,78.72,51.86
CAMP-2024-00789,Too Faced,Fragrance,YouTube,Banner,Parents,Middle East,Retargeting,Desktop,Spring,2026-01-24,777463,14124,1.82,6436.43,1037,7.35,126060.46,19.59,8.28,0.46,4.54,59.1,55.16,215.33
CAMP-2024-00790,YSL,Personal Care,Programmatic Display,Search,Men 55+,Africa,Flash Sale,Desktop,Spring,2026-07-17,464849,17140,3.69,13860.56,2250,13.13,596006.08,43.0,29.82,0.81,0.75,0,52.41,30.96
CAMP-2024-00791,Avon,Organic/Natural,Instagram,Banner,Women 35-44,Oceania,New Customer Acquisition,Connected TV,Back to School,2026-09-24,306004,16929,5.53,52514.87,620,3.66,85544.11,1.63,171.61,3.1,11.88,65.14,22.14,109.68
CAMP-2024-00792,Estee Lauder,Haircare,Programmatic Display,Search,Young Adults,Asia Pacific,Retargeting,Mobile,Black Friday,2026-08-12,48485,1255,2.59,448.15,185,14.75,19613.57,43.77,9.24,0.36,9.02,37.87,77.74,213.06
CAMP-2024-00793,Avon,Fragrance,Facebook,Search,Men 45-54,Asia Pacific,Flash Sale,Connected TV,Summer,2026-08-02,229382,15640,6.82,39186.24,900,5.76,154520.47,3.94,170.83,2.51,1.92,0,75.15,294.28
CAMP-2024-00794,Chanel,Personal Care,YouTube,Carousel,Teens,Latin America,Loyalty Program,Mobile,Spring,2026-01-08,28622,2255,7.88,10939.52,152,6.75,45359.19,4.15,382.21,4.85,9.45,50.06,45.38,91.09
CAMP-2024-00795,Avon,Men's Grooming,Instagram,Search,Men 18-24,North America,Influencer Collaboration,Connected TV,Holiday,2026-07-28,21986,219,1.0,266.09,23,10.94,3326.23,12.5,12.1,1.22,1.26,0,61.89,290.24
CAMP-2024-00796,Lancome,Anti-Aging,LinkedIn,In-Feed,Men 25-34,Asia Pacific,Retargeting,Connected TV,Black Friday,2026-02-10,235864,4590,1.95,6885.04,498,10.85,78567.18,11.41,29.19,1.5,11.87,50.25,72.87,196.19
CAMP-2024-00797,Mary Kay,Sun Care,Twitter/X,Search,Parents,Africa,Loyalty Program,Mobile,Holiday,2026-08-11,32280,1452,4.5,1074.95,214,14.78,25648.07,23.86,33.3,0.74,12.0,0,55.96,172.73
CAMP-2024-00798,L'Oreal,Makeup,TikTok,Story,Teens,North America,Cart Abandonment,Tablet,Summer,2026-07-14,93526,4514,4.83,2948.77,170,3.77,49766.2,16.88,31.53,0.65,11.46,72.47,72.25,146.64
CAMP-2024-00799,Revlon,Makeup,YouTube,Video,Professionals,Latin America,Lookalike Audience,Connected TV,Black Friday,2026-05-09,8646,109,1.27,94.56,12,11.67,1034.83,10.94,10.94,0.87,0.73,31.43,42.18,155.38
CAMP-2024-00800,Dior,Anti-Aging,TikTok,Single Image,Men 55+,Africa,Brand Awareness,Desktop,Spring,2025-11-14,37342,1624,4.35,3836.23,203,12.51,45097.48,11.76,102.73,2.36,7.73,82.71,66.04,279.66
CAMP-2024-00801,Guerlain,Organic/Natural,Twitter/X,Native,Professionals,Middle East,Flash Sale,Connected TV,Holiday,2026-06-28,84869,4119,4.85,11259.61,223,5.43,59535.18,5.29,132.67,2.73,4.26,0,32.18,152.91
CAMP-2024-00802,Lancome,Anti-Aging,LinkedIn,Search,Men 18-24,Oceania,Product Launch,Tablet,Summer,2026-09-05,106907,6495,6.08,20410.47,358,5.52,55359.73,2.71,190.92,3.14,3.29,68.36,42.04,133.67
CAMP-2024-00803,Procter & Gamble,Makeup,Instagram,Native,Men 18-24,Europe,Product Launch,Desktop,Fall,2025-11-05,8994,703,7.82,1863.55,100,14.23,21357.5,11.46,207.2,2.65,11.33,0,47.84,141.33
CAMP-2024-00804,Anastasia Beverly Hills,Makeup,Programmatic Display,Search,Women 35-44,Southeast Asia,Lookalike Audience,Desktop,Fall,2026-03-15,310224,23741,7.65,77889.36,2080,8.76,393944.68,5.06,251.07,3.28,7.85,50.29,40.52,211.0
CAMP-2024-00805,Dior,Fragrance,Facebook,Reels,Teens,Asia Pacific,Loyalty Program,Desktop,Black Friday,2026-08-21,2707013,91510,3.38,282472.64,2203,2.41,220505.32,0.78,104.35,3.09,3.74,0,37.41,190.09
CAMP-2024-00806,Huda Beauty,Makeup,Google Ads,Native,Young Adults,Southeast Asia,Seasonal Promotion,Desktop,Fall,2025-10-21,147148,6153,4.18,22632.39,908,14.76,180902.26,7.99,153.81,3.68,10.66,0,49.72,57.39
CAMP-2024-00807,Nivea,Makeup,Twitter/X,In-Feed,Women 45-54,North America,Influencer Collaboration,Mobile,Black Friday,2026-06-17,20455,1227,6.0,2879.92,149,12.22,3751.09,1.3,140.79,2.35,5.8,48.97,27.83,186.21
CAMP-2024-00808,Benefit,Anti-Aging,Snapchat,Collection,Women 55+,Europe,Product Launch,Connected TV,Valentine's Day,2026-02-09,395597,11968,3.03,56947.91,1557,13.02,377166.67,6.62,143.95,4.76,11.39,0,61.91,280.66
CAMP-2024-00809,Olay,Fragrance,Snapchat,In-Feed,Professionals,Oceania,Flash Sale,Desktop,Fall,2026-06-07,43367,2508,5.78,12407.53,152,6.08,16243.5,1.31,286.11,4.95,8.44,0,43.55,100.07
CAMP-2024-00810,Maybelline,Premium/Luxury,Snapchat,Video,Seniors,Europe,Flash Sale,Desktop,Valentine's Day,2026-08-14,1301620,85361,6.56,340771.6,6767,7.93,1897758.5,5.57,261.81,3.99,10.98,0,61.33,42.93
CAMP-2024-00811,Dove,Anti-Aging,Twitter/X,Search,Men 55+,Eastern Europe,Flash Sale,Connected TV,Holiday,2026-08-13,37237,578,1.55,773.45,43,7.5,8511.68,11.0,20.77,1.34,2.95,66.8,60.1,290.23
CAMP-2024-00812,Revlon,Anti-Aging,Pinterest,Carousel,Professionals,Asia Pacific,New Customer Acquisition,Desktop,Spring,2026-06-13,117308,7354,6.27,27874.66,604,8.22,84866.91,3.04,237.62,3.79,2.82,35.72,53.44,83.76
CAMP-2024-00813,Neutrogena,Makeup,Google Ads,Collection,Seniors,Asia Pacific,Brand Awareness,Tablet,Black Friday,2026-05-15,33363,233,0.7,625.79,12,5.55,1194.78,1.91,18.76,2.69,1.26,70.58,26.77,165.87
CAMP-2024-00814,Givenchy,Haircare,Programmatic Display,Carousel,Women 25-34,Europe,Retargeting,Mobile,Spring,2025-11-05,1075958,47048,4.37,12739.12,5476,11.64,1112024.64,87.29,11.84,0.27,11.16,0,35.94,261.61
CAMP-2024-00815,Benefit,Premium/Luxury,YouTube,Search,Men 35-44,North America,Retargeting,Tablet,Summer,2025-10-05,66749,2915,4.37,1267.8,212,7.28,36491.3,28.78,18.99,0.43,2.45,48.32,59.84,87.67
CAMP-2024-00816,Dior,Sun Care,Programmatic Display,Search,Men 55+,Middle East,Loyalty Program,Tablet,Summer,2026-06-10,128816,8569,6.65,10890.89,1058,12.36,298297.97,27.39,84.55,1.27,6.48,68.46,63.14,256.5
CAMP-2024-00817,Maybelline,Sun Care,Twitter/X,Collection,Women 35-44,Oceania,Flash Sale,Tablet,Black Friday,2025-11-20,195858,2457,1.25,9474.25,105,4.31,36734.15,3.88,48.37,3.86,10.53,34.47,79.54,153.36
CAMP-2024-00818,Shiseido,Makeup,YouTube,Search,Women 35-44,Southeast Asia,Cart Abandonment,Tablet,Summer,2026-03-09,471116,32484,6.9,45020.1,538,1.66,19197.72,0.43,95.56,1.39,11.06,66.52,27.77,30.31
CAMP-2024-00819,NYX,Personal Care,Instagram,Banner,Women 25-34,Asia Pacific,Cart Abandonment,Desktop,Valentine's Day,2026-06-23,660898,17680,2.68,36886.04,322,1.82,66819.74,1.81,55.81,2.09,4.49,69.98,62.89,225.48
CAMP-2024-00820,MAC,Men's Grooming,Google Ads,Banner,Parents,Middle East,Cart Abandonment,Desktop,Back to School,2025-11-04,838223,16896,2.02,75177.55,562,3.33,15687.95,0.21,89.69,4.45,7.96,33.62,47.52,292.36
CAMP-2024-00821,Clinique,Haircare,Snapchat,Reels,Women 25-34,Middle East,Flash Sale,Connected TV,Winter,2026-06-16,129169,1065,0.82,1550.93,109,10.25,35150.77,22.66,12.01,1.46,4.61,0,27.69,82.86
CAMP-2024-00822,Olay,Anti-Aging,LinkedIn,Search,Men 35-44,Latin America,Brand Awareness,Desktop,Spring,2026-03-13,35307,2530,7.17,12559.24,289,11.44,82790.76,6.59,355.72,4.96,1.46,57.57,77.52,275.6
CAMP-2024-00823,Procter & Gamble,Sun Care,Pinterest,In-Feed,Women 35-44,Africa,Retargeting,Tablet,Holiday,2026-08-04,49543,2360,4.76,5381.1,49,2.11,15164.11,2.82,108.61,2.28,6.3,49.12,56.13,218.53
CAMP-2024-00824,Oriflame,Fragrance,Programmatic Display,Reels,Men 55+,Central America,Retargeting,Tablet,Valentine's Day,2026-09-12,693245,23912,3.45,11539.8,1305,5.46,181798.9,15.75,16.65,0.48,2.26,80.77,66.11,155.02
CAMP-2024-00825,Shiseido,Haircare,Programmatic Display,In-Feed,Parents,Europe,New Customer Acquisition,Mobile,Back to School,2026-07-15,212771,16457,7.74,48368.04,308,1.88,52115.24,1.08,227.32,2.94,4.2,44.05,69.13,43.32
CAMP-2024-00826,Nivea,Anti-Aging,Snapchat,In-Feed,Teens,North America,Loyalty Program,Connected TV,Summer,2026-01-06,1673725,10072,0.6,39970.13,1104,10.96,115041.21,2.88,23.88,3.97,7.86,23.6,72.78,241.08
CAMP-2024-00827,Too Faced,Organic/Natural,TikTok,Banner,Men 55+,Latin America,Influencer Collaboration,Connected TV,Winter,2026-03-23,70003,4784,6.83,13941.57,538,11.25,110336.86,7.91,199.16,2.91,11.42,77.24,44.02,141.46
CAMP-2024-00828,NYX,Organic/Natural,Programmatic Display,Banner,Professionals,Latin America,Brand Awareness,Mobile,Winter,2026-01-09,60415,503,0.83,1457.38,52,10.43,11599.15,7.96,24.12,2.9,4.03,0,36.74,279.89
CAMP-2024-00829,Shiseido,Skincare,Pinterest,Banner,Men 55+,Asia Pacific,Seasonal Promotion,Mobile,Summer,2025-10-17,126995,4003,3.15,11218.95,557,13.92,172178.14,15.35,88.34,2.8,10.6,20.6,29.32,53.55
CAMP-2024-00830,Guerlain,Fragrance,LinkedIn,Native,Women 25-34,Southeast Asia,Retargeting,Tablet,Valentine's Day,2026-08-18,251028,12773,5.09,40054.05,559,4.38,191284.33,4.78,159.56,3.14,2.7,29.5,71.49,203.43
CAMP-2024-00831,Clinique,Sun Care,Twitter/X,Reels,Parents,Africa,Flash Sale,Mobile,Black Friday,2026-06-18,19056,991,5.2,1747.71,134,13.56,23363.61,13.37,91.71,1.76,10.61,34.84,65.66,34.85
CAMP-2024-00832,Neutrogena,Sun Care,Snapchat,Carousel,Young Adults,Middle East,Product Launch,Mobile,Black Friday,2026-08-16,68874,3114,4.52,3376.88,201,6.48,53630.32,15.88,49.03,1.08,9.97,54.52,28.09,188.18
CAMP-2024-00833,Revlon,Personal Care,TikTok,Collection,Women 25-34,Africa,Cart Abandonment,Mobile,Summer,2026-03-01,554542,42950,7.75,33432.19,2465,5.74,618967.99,18.51,60.29,0.78,4.31,18.63,36.26,149.42
CAMP-2024-00834,Estee Lauder,Personal Care,Pinterest,Search,Women 35-44,Middle East,Flash Sale,Connected TV,Summer,2026-05-16,54775,2624,4.79,12318.59,231,8.83,45102.6,3.66,224.89,4.69,8.37,26.87,28.05,63.14
CAMP-2024-00835,Lancome,Anti-Aging,Instagram,Reels,Parents,Latin America,Cart Abandonment,Connected TV,Fall,2026-04-25,47155,496,1.05,1523.65,66,13.43,3722.71,2.44,32.31,3.07,11.38,34.73,61.95,264.59
CAMP-2024-00836,L'Oreal,Anti-Aging,Twitter/X,Single Image,Women 25-34,North America,Loyalty Program,Mobile,Black Friday,2026-01-10,124154,7224,5.82,12350.55,507,7.02,13474.24,1.09,99.48,1.71,11.13,65.42,34.53,83.84
CAMP-2024-00837,Too Faced,Makeup,Pinterest,Reels,Women 55+,Central America,Brand Awareness,Tablet,Fall,2026-01-13,495694,35943,7.25,142058.59,981,2.73,239837.83,1.69,286.59,3.95,3.06,77.07,32.05,184.14
CAMP-2024-00838,Estee Lauder,Skincare,Google Ads,In-Feed,Men 55+,Latin America,Seasonal Promotion,Desktop,Holiday,2025-12-24,85425,1818,2.13,188.8,56,3.12,9199.37,48.73,2.21,0.1,6.41,0,62.34,186.73
CAMP-2024-00839,Revlon,Sun Care,Programmatic Display,Carousel,Teens,Eastern Europe,Retargeting,Mobile,Valentine's Day,2025-11-30,1263145,14550,1.15,67838.19,221,1.52,75654.1,1.12,53.71,4.66,0.68,61.79,57.42,84.85
CAMP-2024-00840,Revlon,Personal Care,Google Ads,Video,Teens,Middle East,New Customer Acquisition,Tablet,Valentine's Day,2026-03-21,23320,239,1.03,593.91,28,11.93,7913.05,13.32,25.47,2.48,8.5,0,34.93,295.23
CAMP-2024-00841,Clinique,Fragrance,Twitter/X,Video,Women 55+,Europe,Cart Abandonment,Tablet,Valentine's Day,2026-02-26,409664,9228,2.25,12980.5,1195,12.96,380563.48,29.32,31.69,1.41,4.62,61.91,73.56,71.88
CAMP-2024-00842,Neutrogena,Organic/Natural,TikTok,Reels,Women 35-44,Middle East,Product Launch,Tablet,Holiday,2026-02-05,587506,38583,6.57,100486.93,4510,11.69,1262417.38,12.56,171.04,2.6,3.36,61.59,22.12,33.12
CAMP-2024-00843,Huda Beauty,Personal Care,Google Ads,Reels,Women 45-54,Central America,Lookalike Audience,Mobile,Back to School,2026-01-11,119746,8261,6.9,39319.66,618,7.48,38197.93,0.97,328.36,4.76,7.62,0,34.2,104.0
CAMP-2024-00844,Clinique,Men's Grooming,YouTube,In-Feed,Women 45-54,Latin America,Flash Sale,Tablet,Black Friday,2026-02-04,162862,4095,2.51,15521.84,104,2.55,22385.49,1.44,95.31,3.79,10.27,45.89,79.83,243.07
CAMP-2024-00845,Maybelline,Personal Care,Snapchat,Video,Men 18-24,Central America,Flash Sale,Connected TV,Fall,2025-12-22,22699,1198,5.28,2377.45,141,11.81,31774.07,13.36,104.74,1.98,8.36,0,61.52,287.53
CAMP-2024-00846,Givenchy,Premium/Luxury,LinkedIn,Collection,Women 18-24,Asia Pacific,Retargeting,Mobile,Fall,2026-04-06,3892142,223774,5.75,1107332.59,18974,8.48,1683142.89,1.52,284.5,4.95,7.85,71.6,63.5,178.66
CAMP-2024-00847,YSL,Skincare,YouTube,Collection,Women 18-24,Europe,Flash Sale,Connected TV,Winter,2026-05-28,75135,1786,2.38,8064.23,169,9.48,23780.55,2.95,107.33,4.52,6.11,0,33.81,228.15
CAMP-2024-00848,Lancome,Haircare,Google Ads,Collection,Women 25-34,Middle East,Lookalike Audience,Mobile,Valentine's Day,2026-06-06,347128,25357,7.3,41585.94,3071,12.11,131187.64,3.15,119.8,1.64,1.61,28.38,31.41,296.79
CAMP-2024-00849,NYX,Skincare,LinkedIn,Video,Seniors,Oceania,Influencer Collaboration,Mobile,Winter,2026-02-05,152948,11917,7.79,19646.44,1321,11.09,111715.84,5.69,128.45,1.65,10.87,0,22.02,101.54
CAMP-2024-00850,Too Faced,Men's Grooming,Google Ads,Search,Women 18-24,Southeast Asia,Brand Awareness,Tablet,Fall,2026-03-13,1043114,29099,2.79,82627.82,3780,12.99,856322.23,10.36,79.21,2.84,9.85,33.77,49.29,170.5
CAMP-2024-00851,Clinique,Skincare,LinkedIn,In-Feed,Young Adults,Middle East,Lookalike Audience,Tablet,Holiday,2026-08-05,20854,765,3.67,3752.1,48,6.33,2688.16,0.72,179.92,4.9,1.29,71.83,25.21,186.43
CAMP-2024-00852,Lancome,Personal Care,Snapchat,Reels,Men 25-34,Latin America,Retargeting,Tablet,Black Friday,2026-08-16,606296,18787,3.1,65498.56,1251,6.66,115566.52,1.76,108.03,3.49,2.48,0,32.3,263.54
CAMP-2024-00853,Shiseido,Fragrance,Programmatic Display,Story,Men 55+,Africa,Cart Abandonment,Desktop,Holiday,2025-12-23,132660,5584,4.21,3434.19,67,1.21,11913.19,3.47,25.89,0.62,5.53,67.76,69.1,272.06
CAMP-2024-00854,Dior,Personal Care,TikTok,In-Feed,Young Adults,Oceania,Lookalike Audience,Mobile,Fall,2026-06-17,588777,31877,5.41,25998.13,2476,7.77,572833.05,22.03,44.16,0.82,4.74,18.93,32.57,103.97
CAMP-2024-00855,Procter & Gamble,Anti-Aging,LinkedIn,Collection,Teens,North America,Flash Sale,Mobile,Winter,2026-01-30,640663,16183,2.53,15632.46,1269,7.85,346851.68,22.19,24.4,0.97,2.61,24.43,60.24,99.56
CAMP-2024-00856,Procter & Gamble,Sun Care,LinkedIn,Carousel,Women 45-54,Asia Pacific,Loyalty Program,Desktop,Winter,2026-03-07,113556,4321,3.81,16650.67,253,5.87,55232.49,3.32,146.63,3.85,6.82,79.36,50.86,216.8
CAMP-2024-00857,MAC,Fragrance,Twitter/X,Collection,Women 55+,Southeast Asia,Flash Sale,Connected TV,Back to School,2026-09-07,1428634,67791,4.75,85164.91,7700,11.36,278838.63,3.27,59.61,1.26,10.28,28.88,35.28,48.0
CAMP-2024-00858,Yves Rocher,Organic/Natural,Facebook,Banner,Men 55+,Central America,New Customer Acquisition,Desktop,Holiday,2026-08-26,536402,40672,7.58,39831.69,5642,13.87,1700037.73,42.68,74.26,0.98,6.44,71.4,37.94,250.57
CAMP-2024-00859,Nivea,Haircare,LinkedIn,Native,Men 45-54,North America,Brand Awareness,Tablet,Holiday,2025-11-10,37078,2363,6.37,10575.94,194,8.22,56655.66,5.36,285.23,4.48,11.61,42.38,35.43,40.01
CAMP-2024-00860,Procter & Gamble,Skincare,Pinterest,Story,Professionals,Eastern Europe,Retargeting,Desktop,Black Friday,2026-07-09,280461,17507,6.24,37314.27,1477,8.44,450235.04,12.07,133.05,2.13,3.56,23.31,72.16,269.55
CAMP-2024-00861,Tarte,Organic/Natural,Twitter/X,In-Feed,Seniors,Southeast Asia,Retargeting,Connected TV,Black Friday,2026-06-14,64248,1573,2.45,1394.36,57,3.62,19285.3,13.83,21.7,0.89,7.75,0,23.78,159.17
CAMP-2024-00862,Clinique,Men's Grooming,Snapchat,Native,Men 25-34,Europe,Product Launch,Desktop,Back to School,2026-01-11,33277,1651,4.96,4594.7,178,10.82,15675.95,3.41,138.07,2.78,10.68,53.69,73.59,228.82
CAMP-2024-00863,NYX,Men's Grooming,Twitter/X,Story,Women 35-44,North America,Lookalike Audience,Connected TV,Black Friday,2026-07-26,201191,4161,2.07,6306.49,434,10.45,103993.08,16.49,31.35,1.52,6.77,67.95,35.79,96.63
CAMP-2024-00864,Avon,Personal Care,YouTube,Search,Men 35-44,North America,New Customer Acquisition,Mobile,Back to School,2026-05-22,227223,4490,1.98,13569.53,601,13.41,30092.82,2.22,59.72,3.02,9.12,84.88,74.27,114.21
CAMP-2024-00865,Benefit,Makeup,Twitter/X,Single Image,Men 45-54,Central America,Flash Sale,Connected TV,Winter,2026-07-12,238484,11557,4.85,22529.62,469,4.06,54380.16,2.41,94.47,1.95,4.1,0,34.73,215.21
CAMP-2024-00866,Estee Lauder,Fragrance,YouTube,Single Image,Men 45-54,Eastern Europe,Seasonal Promotion,Desktop,Spring,2026-09-12,235353,14513,6.17,38504.1,278,1.92,53804.41,1.4,163.6,2.65,8.12,0,69.84,30.43
CAMP-2024-00867,Huda Beauty,Men's Grooming,TikTok,Reels,Men 35-44,Eastern Europe,New Customer Acquisition,Mobile,Summer,2026-01-01,167150,9889,5.92,8622.3,925,9.36,315155.64,36.55,51.58,0.87,2.52,0,73.81,130.97
CAMP-2024-00868,YSL,Haircare,Snapchat,Reels,Women 55+,Central America,Product Launch,Mobile,Fall,2026-07-15,77036,1946,2.53,6187.14,105,5.43,8717.41,1.41,80.31,3.18,0.79,0,28.52,255.07
CAMP-2024-00869,Dove,Premium/Luxury,YouTube,In-Feed,Women 18-24,Eastern Europe,Loyalty Program,Connected TV,Valentine's Day,2026-02-13,126973,3034,2.39,9325.93,116,3.83,25971.66,2.78,73.45,3.07,3.8,0,75.15,215.89
CAMP-2024-00870,L'Oreal,Makeup,Instagram,Reels,Women 35-44,Latin America,Retargeting,Connected TV,Winter,2026-04-15,429124,22203,5.17,49686.6,2234,10.07,645814.96,13.0,115.79,2.24,11.57,27.62,44.49,184.13
CAMP-2024-00871,Yves Rocher,Fragrance,Instagram,Reels,Women 25-34,Middle East,Influencer Collaboration,Mobile,Black Friday,2026-09-15,33304,1600,4.81,6970.28,158,9.88,46261.45,6.64,209.29,4.36,1.14,0,52.06,45.21
CAMP-2024-00872,NYX,Sun Care,Facebook,Video,Men 45-54,North America,New Customer Acquisition,Connected TV,Back to School,2026-06-18,376869,6292,1.67,26372.31,215,3.42,54113.25,2.05,69.98,4.19,5.92,0,79.93,44.33
CAMP-2024-00873,Yves Rocher,Haircare,LinkedIn,Banner,Men 35-44,Africa,Product Launch,Connected TV,Summer,2025-12-20,25111,1594,6.35,1221.38,156,9.8,23457.31,19.21,48.64,0.77,5.8,27.35,70.48,210.88
CAMP-2024-00874,Oriflame,Haircare,YouTube,Search,Parents,Central America,Retargeting,Desktop,Spring,2026-08-18,99768,4993,5.01,12210.31,286,5.74,98560.4,8.07,122.39,2.45,11.39,30.25,53.13,163.07
CAMP-2024-00875,NYX,Skincare,Google Ads,Reels,Young Adults,North America,Flash Sale,Mobile,Summer,2025-12-22,79377,3667,4.62,5871.66,457,12.46,132049.7,22.49,73.97,1.6,7.59,0,79.21,160.24
CAMP-2024-00876,Huda Beauty,Men's Grooming,Facebook,Video,Women 35-44,Africa,New Customer Acquisition,Mobile,Summer,2026-09-07,134297,9584,7.14,3113.08,664,6.94,86657.35,27.84,23.18,0.32,10.98,83.97,74.36,45.98
CAMP-2024-00877,Procter & Gamble,Personal Care,YouTube,Story,Women 18-24,Europe,Product Launch,Tablet,Fall,2026-05-21,221683,16343,7.37,30773.65,1233,7.55,403403.82,13.11,138.82,1.88,3.25,0,50.84,85.55
CAMP-2024-00878,Tarte,Premium/Luxury,Programmatic Display,Banner,Men 55+,Central America,New Customer Acquisition,Mobile,Fall,2025-11-27,403268,31638,7.85,147793.76,3845,12.15,326891.4,2.21,366.49,4.67,9.79,0,74.69,265.61
CAMP-2024-00879,Mary Kay,Sun Care,Snapchat,Carousel,Parents,Eastern Europe,Seasonal Promotion,Tablet,Black Friday,2026-08-05,221143,7435,3.36,3171.2,606,8.16,183077.64,57.73,14.34,0.43,1.08,47.16,78.47,253.71
CAMP-2024-00880,Neutrogena,Fragrance,Programmatic Display,Native,Men 25-34,Central America,Product Launch,Connected TV,Holiday,2026-07-05,433767,28252,6.51,67073.62,1713,6.06,245192.79,3.66,154.63,2.37,11.99,28.98,61.27,48.31
CAMP-2024-00881,Too Faced,Fragrance,Pinterest,Native,Women 35-44,Latin America,Cart Abandonment,Tablet,Summer,2026-07-17,24345,959,3.94,4696.75,30,3.23,8692.15,1.85,192.92,4.9,2.53,51.86,29.04,218.06
CAMP-2024-00882,YSL,Men's Grooming,Instagram,Reels,Young Adults,Oceania,Product Launch,Mobile,Back to School,2026-08-21,35564,1022,2.87,1572.7,93,9.19,9969.01,6.34,44.22,1.54,7.83,42.77,32.07,127.14
CAMP-2024-00883,Guerlain,Personal Care,Google Ads,Video,Men 35-44,Southeast Asia,Influencer Collaboration,Connected TV,Winter,2025-11-10,177842,10777,6.06,6999.44,1075,9.98,300695.4,42.96,39.36,0.65,6.37,0,42.4,207.4
CAMP-2024-00884,Procter & Gamble,Haircare,YouTube,Video,Women 35-44,Eastern Europe,Brand Awareness,Desktop,Summer,2026-02-02,30466,1414,4.64,5773.7,204,14.49,14094.24,2.44,189.51,4.08,4.37,0,24.25,80.88
CAMP-2024-00885,Procter & Gamble,Makeup,TikTok,Collection,Women 45-54,Middle East,Cart Abandonment,Desktop,Valentine's Day,2026-05-19,143359,5062,3.53,18381.98,595,11.77,206320.07,11.22,128.22,3.63,5.55,0,28.07,37.61
CAMP-2024-00886,Dior,Personal Care,LinkedIn,Single Image,Teens,Eastern Europe,Lookalike Audience,Connected TV,Holiday,2026-07-31,567530,6734,1.19,10964.56,953,14.16,196173.18,17.89,19.32,1.63,4.59,31.67,56.04,174.74
CAMP-2024-00887,Olay,Premium/Luxury,Programmatic Display,Story,Men 45-54,Middle East,Seasonal Promotion,Tablet,Back to School,2026-08-30,379212,13911,3.67,13155.61,1941,13.96,196176.55,14.91,34.69,0.95,10.6,0,79.24,78.65
CAMP-2024-00888,Chanel,Makeup,Google Ads,Video,Men 55+,Europe,Retargeting,Mobile,Winter,2025-12-23,239472,14535,6.07,53719.1,1873,12.89,198143.57,3.69,224.32,3.7,10.71,61.25,66.42,132.34
CAMP-2024-00889,Yves Rocher,Organic/Natural,Instagram,Native,Women 45-54,Middle East,Loyalty Program,Mobile,Holiday,2026-04-07,489486,18989,3.88,19238.96,1807,9.52,440642.74,22.9,39.3,1.01,1.48,29.02,66.2,254.74
CAMP-2024-00890,Olay,Organic/Natural,Pinterest,Story,Men 45-54,Latin America,Brand Awareness,Mobile,Summer,2025-10-30,139981,4653,3.32,13050.72,464,9.98,60412.67,4.63,93.23,2.8,2.91,19.08,33.5,270.34
CAMP-2024-00891,Garnier,Makeup,Facebook,Single Image,Women 25-34,Europe,Seasonal Promotion,Mobile,Black Friday,2025-11-27,317968,24363,7.66,66799.36,2826,11.6,849259.56,12.71,210.08,2.74,7.28,0,63.93,236.2
CAMP-2024-00892,Oriflame,Sun Care,Programmatic Display,Reels,Professionals,Africa,Lookalike Audience,Tablet,Summer,2025-10-20,11052535,89343,0.81,58572.96,9548,10.69,1180739.13,20.16,5.3,0.66,1.69,0,77.02,78.72
CAMP-2024-00893,Revlon,Anti-Aging,Pinterest,Collection,Men 18-24,Africa,Retargeting,Tablet,Spring,2026-06-07,106664,5839,5.47,5234.07,870,14.9,190220.1,36.34,49.07,0.9,9.02,68.62,75.65,129.56
CAMP-2024-00894,Lancome,Premium/Luxury,Google Ads,Carousel,Men 55+,Asia Pacific,Lookalike Audience,Desktop,Spring,2026-07-29,76920,2847,3.7,5241.78,404,14.22,114585.3,21.86,68.15,1.84,11.97,78.81,66.47,81.51
CAMP-2024-00895,Avon,Premium/Luxury,Facebook,Banner,Women 45-54,Central America,Flash Sale,Connected TV,Summer,2026-04-15,612301,7385,1.21,36103.05,416,5.65,34155.83,0.95,58.96,4.89,9.81,77.03,38.1,134.52
CAMP-2024-00896,Lancome,Makeup,LinkedIn,Reels,Parents,Central America,New Customer Acquisition,Connected TV,Valentine's Day,2026-06-30,799225,15943,1.99,57489.58,1065,6.69,67827.28,1.18,71.93,3.61,10.53,0,43.72,170.5
CAMP-2024-00897,Maybelline,Skincare,TikTok,Collection,Professionals,Oceania,Loyalty Program,Mobile,Winter,2026-05-17,395333,21642,5.47,56992.46,2330,10.77,166884.53,2.93,144.16,2.63,7.51,0,45.73,36.83
CAMP-2024-00898,Procter & Gamble,Organic/Natural,Google Ads,Native,Men 55+,Oceania,Cart Abandonment,Tablet,Winter,2026-07-10,141748,3997,2.82,4759.52,207,5.18,24425.37,5.13,33.58,1.19,2.27,84.55,60.33,242.56
CAMP-2024-00899,L'Oreal,Sun Care,YouTube,Carousel,Women 18-24,Latin America,Retargeting,Tablet,Holiday,2025-11-28,577067,36879,6.39,57868.21,1515,4.11,421855.43,7.29,100.28,1.57,5.7,81.53,35.53,77.34
CAMP-2024-00900,Tarte,Skincare,Twitter/X,Story,Women 45-54,Europe,Cart Abandonment,Connected TV,Spring,2025-11-25,23624,1870,7.92,1189.63,27,1.49,1872.75,1.57,50.36,0.64,4.22,0,26.99,42.5
CAMP-2024-00901,Nivea,Haircare,Facebook,Carousel,Parents,Africa,Lookalike Audience,Connected TV,Spring,2026-03-11,872746,63200,7.24,126507.07,6844,10.83,931413.78,7.36,144.95,2.0,3.72,33.92,67.26,172.9
CAMP-2024-00902,Olay,Haircare,Snapchat,Video,Men 55+,Latin America,Seasonal Promotion,Mobile,Winter,2026-05-10,1083845,69152,6.38,153627.95,8646,12.5,859527.85,5.59,141.74,2.22,1.58,62.02,78.06,252.52
CAMP-2024-00903,Neutrogena,Anti-Aging,Snapchat,Native,Men 35-44,Middle East,Brand Awareness,Connected TV,Summer,2025-10-11,1273175,74369,5.84,312470.06,10789,14.51,3605025.91,11.54,245.43,4.2,1.78,0,22.65,192.53
CAMP-2024-00904,Clinique,Fragrance,YouTube,Carousel,Women 55+,Asia Pacific,Flash Sale,Mobile,Valentine's Day,2026-06-10,492972,12433,2.52,47011.13,971,7.82,287684.62,6.12,95.36,3.78,9.89,37.24,68.36,51.22
CAMP-2024-00905,Dior,Premium/Luxury,LinkedIn,Collection,Young Adults,Europe,Loyalty Program,Connected TV,Fall,2026-07-03,153140,998,0.65,2919.56,107,10.81,25278.75,8.66,19.06,2.93,9.71,0,76.74,225.0
CAMP-2024-00906,Too Faced,Organic/Natural,Pinterest,Video,Teens,Asia Pacific,Brand Awareness,Mobile,Holiday,2026-02-27,2169381,147645,6.81,403791.83,11782,7.98,1863787.52,4.62,186.13,2.73,5.96,36.8,43.14,162.97
CAMP-2024-00907,Revlon,Haircare,Snapchat,Single Image,Seniors,Central America,Retargeting,Mobile,Fall,2026-04-26,47670,2928,6.14,5967.06,142,4.87,20513.26,3.44,125.17,2.04,3.67,0,31.08,238.14
CAMP-2024-00908,Mary Kay,Fragrance,LinkedIn,Native,Men 35-44,Eastern Europe,Loyalty Program,Desktop,Valentine's Day,2026-03-22,691787,22748,3.29,99172.25,714,3.14,148813.88,1.5,143.36,4.36,3.29,0,66.6,92.29
CAMP-2024-00909,Chanel,Premium/Luxury,Google Ads,Native,Parents,Eastern Europe,New Customer Acquisition,Mobile,Summer,2026-09-03,311093,4384,1.41,12960.56,233,5.32,56198.77,4.34,41.66,2.96,10.57,23.13,52.67,39.98
CAMP-2024-00910,Maybelline,Fragrance,Google Ads,Search,Women 45-54,Middle East,Loyalty Program,Mobile,Spring,2026-04-20,780418,6265,0.8,10065.24,750,11.98,72872.94,7.24,12.9,1.61,4.73,0,51.1,79.35
CAMP-2024-00911,Olay,Fragrance,Instagram,Native,Professionals,Middle East,Cart Abandonment,Tablet,Winter,2025-10-01,138840,2011,1.45,7300.9,260,12.95,80424.35,11.02,52.58,3.63,0.73,0,29.8,273.82
CAMP-2024-00912,Nivea,Men's Grooming,Facebook,Search,Men 18-24,Latin America,Cart Abandonment,Tablet,Summer,2026-01-22,38501,1720,4.47,8390.11,107,6.23,26798.7,3.19,217.92,4.88,9.56,67.21,60.1,94.76
CAMP-2024-00913,Lancome,Anti-Aging,Google Ads,Collection,Seniors,Europe,Retargeting,Tablet,Holiday,2026-03-28,19505,666,3.42,182.58,34,5.22,4944.15,27.08,9.36,0.27,3.17,48.65,24.65,239.02
CAMP-2024-00914,Yves Rocher,Personal Care,Twitter/X,Reels,Young Adults,Central America,Retargeting,Desktop,Summer,2026-08-04,367047,25851,7.04,97490.79,2403,9.3,747772.85,7.67,265.61,3.77,1.11,81.44,21.11,209.05
CAMP-2024-00915,Procter & Gamble,Sun Care,TikTok,Story,Men 25-34,Middle East,Loyalty Program,Tablet,Winter,2025-10-21,1470888,73789,5.02,303776.07,3769,5.11,1244621.73,4.1,206.53,4.12,8.37,32.22,76.3,60.23
CAMP-2024-00916,Shiseido,Skincare,Programmatic Display,In-Feed,Men 18-24,Middle East,Product Launch,Mobile,Spring,2026-04-14,429714,19475,4.53,40730.15,1164,5.98,205602.13,5.05,94.78,2.09,5.52,73.91,33.66,225.59
CAMP-2024-00917,MAC,Personal Care,YouTube,Native,Women 35-44,Latin America,Seasonal Promotion,Tablet,Spring,2026-04-30,703440,35960,5.11,172114.75,2717,7.56,573829.53,3.33,244.68,4.79,2.79,55.85,49.33,219.22
CAMP-2024-00918,Avon,Sun Care,Google Ads,Banner,Women 35-44,Asia Pacific,Brand Awareness,Tablet,Holiday,2026-03-27,88962,7005,7.87,26915.46,134,1.93,12675.64,0.47,302.55,3.84,4.04,0,69.87,213.88
CAMP-2024-00919,Coty,Men's Grooming,Twitter/X,Banner,Teens,Southeast Asia,Lookalike Audience,Tablet,Valentine's Day,2026-01-25,659053,7753,1.18,15374.23,444,5.73,54129.64,3.52,23.33,1.98,9.7,54.38,48.31,99.35
CAMP-2024-00920,Coty,Fragrance,Twitter/X,In-Feed,Men 45-54,Middle East,Loyalty Program,Connected TV,Winter,2025-12-23,19067,312,1.64,844.72,13,4.24,2325.87,2.75,44.3,2.71,10.21,0,44.97,224.96
CAMP-2024-00921,Nivea,Sun Care,TikTok,Native,Women 35-44,Central America,Loyalty Program,Mobile,Spring,2026-03-19,1674410,127274,7.6,577326.97,12583,9.89,436377.67,0.76,344.79,4.54,11.01,74.79,21.55,59.94
CAMP-2024-00922,Chanel,Haircare,Twitter/X,In-Feed,Women 18-24,Oceania,Seasonal Promotion,Tablet,Holiday,2026-06-15,32866,1994,6.07,7345.34,207,10.4,22512.97,3.06,223.49,3.68,10.91,56.59,34.39,224.78
CAMP-2024-00923,Estee Lauder,Organic/Natural,Facebook,Banner,Men 18-24,Oceania,Brand Awareness,Mobile,Summer,2026-02-19,259112,3445,1.33,4878.71,263,7.66,61881.28,12.68,18.83,1.42,8.54,0,70.58,59.9
CAMP-2024-00924,Estee Lauder,Premium/Luxury,TikTok,Reels,Women 18-24,Oceania,Influencer Collaboration,Mobile,Summer,2025-10-20,304432,16477,5.41,31396.99,1773,10.76,327292.45,10.42,103.13,1.91,11.74,54.91,45.38,92.28
CAMP-2024-00925,Lancome,Premium/Luxury,Facebook,Story,Women 45-54,Middle East,Brand Awareness,Tablet,Winter,2026-07-12,8259,258,3.13,1249.02,25,10.05,2624.02,2.1,151.23,4.84,7.54,27.23,77.68,110.48
CAMP-2024-00926,Huda Beauty,Personal Care,TikTok,Search,Women 45-54,Asia Pacific,Product Launch,Mobile,Holiday,2026-04-22,106403,3569,3.35,17781.39,354,9.93,55647.71,3.13,167.11,4.98,9.74,0,37.83,89.39
CAMP-2024-00927,Shiseido,Haircare,Google Ads,Single Image,Men 45-54,Europe,Brand Awareness,Desktop,Valentine's Day,2026-04-10,146494,4376,2.99,9609.85,561,12.84,84781.19,8.82,65.6,2.2,2.83,0,26.0,106.56
CAMP-2024-00928,Maybelline,Premium/Luxury,LinkedIn,Banner,Women 45-54,Oceania,Loyalty Program,Mobile,Black Friday,2026-07-31,92467,3251,3.52,1335.57,410,12.63,24922.69,18.66,14.44,0.41,11.83,42.05,68.81,281.91
CAMP-2024-00929,Guerlain,Organic/Natural,Facebook,In-Feed,Seniors,Middle East,Brand Awareness,Mobile,Spring,2025-10-09,283117,21476,7.59,20799.92,3090,14.39,258818.72,12.44,73.47,0.97,11.98,0,35.09,133.36
CAMP-2024-00930,Estee Lauder,Sun Care,Twitter/X,In-Feed,Men 25-34,Middle East,Flash Sale,Desktop,Winter,2026-08-02,15904,578,3.63,1745.48,11,2.06,960.53,0.55,109.75,3.02,4.3,0,39.18,133.28
CAMP-2024-00931,Maybelline,Skincare,Instagram,Video,Women 55+,Southeast Asia,Seasonal Promotion,Connected TV,Valentine's Day,2026-04-10,1519845,99925,6.57,169857.48,10435,10.44,1109781.66,6.53,111.76,1.7,6.53,47.48,28.96,152.6
CAMP-2024-00932,Neutrogena,Anti-Aging,Programmatic Display,Single Image,Women 25-34,Asia Pacific,Brand Awareness,Desktop,Fall,2025-12-20,1312087,8696,0.66,21499.23,778,8.95,169491.08,7.88,16.39,2.47,6.45,0,76.23,297.74
CAMP-2024-00933,Givenchy,Haircare,YouTube,Search,Women 18-24,Eastern Europe,Product Launch,Connected TV,Fall,2026-09-19,23856,1202,5.04,897.6,131,10.93,28775.38,32.06,37.63,0.75,5.4,0,58.44,196.17
CAMP-2024-00934,Oriflame,Sun Care,Facebook,Search,Women 35-44,Latin America,Seasonal Promotion,Tablet,Fall,2026-01-09,17711,1340,7.57,1218.11,133,9.94,8383.4,6.88,68.78,0.91,7.32,0,25.76,199.0
CAMP-2024-00935,Dior,Makeup,Facebook,Story,Young Adults,Europe,Lookalike Audience,Tablet,Winter,2026-07-04,1333084,65843,4.94,73163.96,4762,7.23,122046.2,1.67,54.88,1.11,9.76,0,41.52,213.13
CAMP-2024-00936,Too Faced,Anti-Aging,TikTok,Collection,Men 18-24,Asia Pacific,Retargeting,Tablet,Fall,2025-10-17,45281,2844,6.28,10402.86,360,12.67,47811.82,4.6,229.74,3.66,6.51,0,24.48,263.53
CAMP-2024-00937,Garnier,Men's Grooming,Snapchat,In-Feed,Parents,Southeast Asia,Influencer Collaboration,Connected TV,Spring,2026-03-15,1695317,103556,6.11,139488.37,9136,8.82,665731.03,4.77,82.28,1.35,7.42,51.13,26.84,133.45
CAMP-2024-00938,Givenchy,Personal Care,Google Ads,Carousel,Men 25-34,Central America,Influencer Collaboration,Desktop,Winter,2026-06-22,165244,3337,2.02,14134.61,91,2.73,25566.71,1.81,85.54,4.24,10.08,0,20.38,209.78
CAMP-2024-00939,Olay,Personal Care,Pinterest,Collection,Women 25-34,Southeast Asia,Seasonal Promotion,Desktop,Holiday,2025-10-21,2165321,56799,2.62,17140.42,4611,8.12,1095541.95,63.92,7.92,0.3,1.61,17.79,48.85,273.17
CAMP-2024-00940,Mary Kay,Haircare,Twitter/X,Story,Men 55+,Southeast Asia,Seasonal Promotion,Desktop,Summer,2026-04-09,271811,13667,5.03,43076.17,306,2.24,50923.23,1.18,158.48,3.15,1.23,58.42,53.94,205.38
CAMP-2024-00941,Procter & Gamble,Sun Care,Instagram,In-Feed,Men 35-44,Southeast Asia,Cart Abandonment,Connected TV,Spring,2025-11-29,173182,2547,1.47,6299.57,258,10.17,8996.39,1.43,36.38,2.47,4.78,30.25,39.09,225.47
CAMP-2024-00942,Tarte,Sun Care,Instagram,Single Image,Men 45-54,Asia Pacific,New Customer Acquisition,Mobile,Spring,2026-05-06,95716,6990,7.3,2525.95,302,4.33,73051.96,28.92,26.39,0.36,3.42,52.43,70.26,56.73
CAMP-2024-00943,Dove,Fragrance,YouTube,Banner,Men 55+,North America,New Customer Acquisition,Mobile,Black Friday,2026-05-14,71299,2347,3.29,7549.0,56,2.41,7266.12,0.96,105.88,3.22,7.82,0,49.83,84.46
CAMP-2024-00944,Clinique,Skincare,Instagram,Banner,Teens,Eastern Europe,Flash Sale,Desktop,Winter,2026-09-05,2756521,30843,1.12,103037.24,2128,6.9,567294.91,5.51,37.38,3.34,9.67,16.95,77.69,223.91
CAMP-2024-00945,Avon,Organic/Natural,Twitter/X,Story,Men 18-24,Middle East,Lookalike Audience,Mobile,Summer,2026-02-23,125625,9026,7.19,11401.28,470,5.21,83629.31,7.34,90.76,1.26,1.9,0,69.03,181.96
CAMP-2024-00946,Shiseido,Fragrance,Google Ads,Story,Parents,Southeast Asia,Brand Awareness,Connected TV,Summer,2026-03-28,150286,2561,1.7,4698.19,133,5.23,42359.1,9.02,31.26,1.83,11.31,50.98,70.09,232.7
CAMP-2024-00947,Benefit,Organic/Natural,Instagram,Carousel,Men 35-44,Asia Pacific,Retargeting,Desktop,Black Friday,2025-11-07,116547,4775,4.1,8283.6,550,11.54,167297.43,20.2,71.08,1.73,0.5,84.14,24.61,236.26
CAMP-2024-00948,Clinique,Makeup,LinkedIn,Carousel,Young Adults,Europe,Flash Sale,Connected TV,Fall,2026-06-03,297773,14625,4.91,41473.89,909,6.22,186887.46,4.51,139.28,2.84,7.35,75.64,21.09,132.88
CAMP-2024-00949,Dior,Men's Grooming,Twitter/X,Video,Women 35-44,Europe,Loyalty Program,Tablet,Back to School,2026-09-08,671185,35067,5.22,28235.35,3273,9.33,804816.09,28.5,42.07,0.81,10.95,58.6,36.48,64.61
CAMP-2024-00950,Coty,Haircare,Google Ads,In-Feed,Women 55+,Middle East,Product Launch,Tablet,Summer,2026-02-12,35433,1819,5.14,1052.28,91,5.05,23582.11,22.41,29.7,0.58,1.13,68.24,29.27,202.98
CAMP-2024-00951,Guerlain,Premium/Luxury,Facebook,Banner,Teens,Southeast Asia,New Customer Acquisition,Mobile,Black Friday,2026-03-10,627870,42045,6.7,137072.49,968,2.3,309181.43,2.26,218.31,3.26,7.18,0,50.9,130.75
CAMP-2024-00952,Oriflame,Fragrance,Programmatic Display,Carousel,Men 45-54,Southeast Asia,Cart Abandonment,Mobile,Back to School,2026-02-04,126099,4753,3.77,1894.51,672,14.14,231465.58,122.18,15.02,0.4,4.99,0,53.74,53.56
CAMP-2024-00953,Anastasia Beverly Hills,Premium/Luxury,Twitter/X,Carousel,Men 18-24,Southeast Asia,Influencer Collaboration,Connected TV,Spring,2026-04-28,122832,1760,1.43,6944.62,113,6.44,38328.8,5.52,56.54,3.95,6.71,63.07,38.88,287.96
CAMP-2024-00954,NYX,Premium/Luxury,Google Ads,Banner,Seniors,Europe,Cart Abandonment,Tablet,Spring,2026-09-17,1689572,94053,5.57,25555.08,5991,6.37,1356326.59,53.07,15.13,0.27,9.99,33.87,72.15,271.47
CAMP-2024-00955,Tarte,Organic/Natural,Snapchat,In-Feed,Seniors,Asia Pacific,Product Launch,Desktop,Holiday,2025-10-07,350330,23837,6.8,54075.8,720,3.02,231084.75,4.27,154.36,2.27,4.86,0,48.01,212.38
CAMP-2024-00956,Chanel,Haircare,Pinterest,Carousel,Seniors,Europe,Cart Abandonment,Tablet,Holiday,2026-05-25,319842,20141,6.3,46692.17,2949,14.65,1008197.32,21.59,145.99,2.32,9.87,0,21.65,138.99
CAMP-2024-00957,Garnier,Men's Grooming,TikTok,Carousel,Women 18-24,Africa,Brand Awareness,Tablet,Black Friday,2025-10-10,67956,2344,3.45,2511.39,346,14.77,17880.8,7.12,36.96,1.07,9.17,38.99,53.69,61.41
CAMP-2024-00958,Dior,Men's Grooming,Programmatic Display,Single Image,Women 25-34,Southeast Asia,New Customer Acquisition,Tablet,Holiday,2026-06-14,23048,160,0.7,298.0,19,12.11,2725.9,9.15,12.93,1.86,11.64,0,24.74,56.97
CAMP-2024-00959,Yves Rocher,Sun Care,Snapchat,Video,Women 35-44,Oceania,Seasonal Promotion,Connected TV,Black Friday,2025-11-28,421198,28463,6.76,52873.72,1225,4.31,357005.07,6.75,125.53,1.86,10.24,33.82,31.56,242.41
CAMP-2024-00960,Dove,Fragrance,Programmatic Display,Story,Men 55+,Middle East,Seasonal Promotion,Mobile,Back to School,2026-02-08,418260,32639,7.8,158023.39,2025,6.21,145841.64,0.92,377.81,4.84,5.16,0,70.19,54.96
CAMP-2024-00961,Olay,Skincare,Snapchat,Banner,Seniors,Africa,Influencer Collaboration,Tablet,Black Friday,2026-03-20,71158,525,0.74,104.85,30,5.73,5250.8,50.08,1.47,0.2,1.33,42.52,66.95,194.96
CAMP-2024-00962,Benefit,Fragrance,Snapchat,In-Feed,Parents,North America,Loyalty Program,Mobile,Spring,2026-02-22,169067,9452,5.59,10740.65,100,1.06,31515.5,2.93,63.53,1.14,1.4,44.65,69.0,162.78
CAMP-2024-00963,Lancome,Fragrance,Facebook,Video,Women 45-54,Southeast Asia,Brand Awareness,Tablet,Black Friday,2026-04-29,1251,42,3.4,152.26,0,1.36,0.0,0.0,121.71,3.63,10.82,77.57,73.04,284.93
CAMP-2024-00964,YSL,Fragrance,TikTok,Collection,Women 45-54,Oceania,Seasonal Promotion,Mobile,Back to School,2026-04-27,81407,2696,3.31,9349.1,321,11.92,18423.36,1.97,114.84,3.47,1.06,20.62,30.46,267.98
CAMP-2024-00965,Neutrogena,Organic/Natural,Twitter/X,Video,Men 55+,Europe,Cart Abandonment,Connected TV,Holiday,2025-12-22,229773,4085,1.78,3562.58,210,5.14,8029.98,2.25,15.5,0.87,10.4,81.08,35.07,263.46
CAMP-2024-00966,Oriflame,Sun Care,LinkedIn,Native,Men 25-34,Asia Pacific,Influencer Collaboration,Desktop,Black Friday,2026-07-24,123602,5739,4.64,10288.91,692,12.06,24629.48,2.39,83.24,1.79,5.14,25.71,27.95,228.23
CAMP-2024-00967,Givenchy,Anti-Aging,YouTube,Single Image,Men 55+,Middle East,New Customer Acquisition,Desktop,Spring,2026-09-09,127201,2327,1.83,11449.77,338,14.55,92553.84,8.08,90.01,4.92,7.18,54.03,35.9,123.36
CAMP-2024-00968,Too Faced,Premium/Luxury,Facebook,Story,Women 25-34,Middle East,Influencer Collaboration,Mobile,Back to School,2025-12-11,56522,1045,1.85,286.21,123,11.82,8067.18,28.19,5.06,0.27,10.78,0,43.11,292.76
CAMP-2024-00969,Benefit,Organic/Natural,Facebook,In-Feed,Seniors,Southeast Asia,Product Launch,Connected TV,Spring,2026-09-27,47795,1362,2.85,4611.18,15,1.17,2597.33,0.56,96.48,3.39,9.09,65.28,33.08,293.31
CAMP-2024-00970,MAC,Anti-Aging,LinkedIn,Carousel,Professionals,Europe,Lookalike Audience,Connected TV,Fall,2026-02-21,129514,8479,6.55,39385.39,148,1.75,15212.68,0.39,304.1,4.65,1.42,57.91,64.93,49.66
CAMP-2024-00971,Too Faced,Personal Care,Pinterest,Single Image,Teens,Asia Pacific,Product Launch,Mobile,Holiday,2026-01-08,142645,1293,0.91,690.12,96,7.5,12185.94,17.66,4.84,0.53,7.75,22.22,31.18,199.53
CAMP-2024-00972,Yves Rocher,Skincare,TikTok,Single Image,Men 18-24,Middle East,Loyalty Program,Mobile,Spring,2026-06-17,76504,3825,5.0,3814.06,155,4.06,8975.71,2.35,49.85,1.0,9.75,0,59.83,251.79
CAMP-2024-00973,L'Oreal,Fragrance,Programmatic Display,Native,Women 25-34,Eastern Europe,Lookalike Audience,Connected TV,Winter,2026-04-07,228167,4074,1.79,6962.59,491,12.07,106333.18,15.27,30.52,1.71,10.75,0,72.29,134.08
CAMP-2024-00974,Maybelline,Anti-Aging,Programmatic Display,Reels,Women 35-44,Middle East,Influencer Collaboration,Connected TV,Back to School,2025-10-04,81240,2165,2.67,5628.08,23,1.07,3813.27,0.68,69.28,2.6,7.71,36.2,72.99,192.36
CAMP-2024-00975,Shiseido,Anti-Aging,Pinterest,Story,Men 35-44,Central America,New Customer Acquisition,Desktop,Black Friday,2026-01-01,125567,2854,2.27,8204.5,145,5.11,10706.55,1.3,65.34,2.87,6.4,0,63.57,151.02
CAMP-2024-00976,Shiseido,Men's Grooming,Facebook,Native,Seniors,Asia Pacific,Brand Awareness,Tablet,Spring,2026-04-07,69970,3304,4.72,4647.92,41,1.24,1870.8,0.4,66.43,1.41,9.52,0,50.11,237.74
CAMP-2024-00977,Dove,Organic/Natural,Pinterest,In-Feed,Professionals,North America,Seasonal Promotion,Connected TV,Spring,2025-10-22,579727,22649,3.91,94470.17,1493,6.6,168366.5,1.78,162.96,4.17,0.77,0,61.8,202.67
CAMP-2024-00978,Olay,Sun Care,Programmatic Display,Native,Men 25-34,Middle East,Product Launch,Tablet,Fall,2025-11-17,1469942,44022,2.99,177270.69,1193,2.71,408137.05,2.3,120.6,4.03,10.9,57.37,55.06,204.86
CAMP-2024-00979,Dior,Fragrance,Pinterest,Search,Women 55+,Africa,Loyalty Program,Desktop,Valentine's Day,2025-12-07,536106,13759,2.57,45718.45,1614,11.73,400481.61,8.76,85.28,3.32,1.05,79.02,27.59,220.78
CAMP-2024-00980,Garnier,Men's Grooming,Programmatic Display,Banner,Women 25-34,Central America,Retargeting,Mobile,Back to School,2025-12-18,193480,14386,7.44,4962.08,1206,8.39,64973.67,13.09,25.65,0.34,5.62,55.38,62.89,64.48
CAMP-2024-00981,Olay,Organic/Natural,Pinterest,Search,Women 35-44,Middle East,Brand Awareness,Connected TV,Spring,2026-04-02,19060,503,2.64,129.01,24,4.94,3320.07,25.73,6.77,0.26,6.06,0,69.28,196.03
CAMP-2024-00982,Benefit,Premium/Luxury,Google Ads,Search,Teens,Eastern Europe,Seasonal Promotion,Connected TV,Back to School,2025-11-20,181488,2731,1.5,2361.81,203,7.47,69960.64,29.62,13.01,0.86,3.77,52.99,48.33,114.32
CAMP-2024-00983,Shiseido,Fragrance,Facebook,Native,Teens,Middle East,Influencer Collaboration,Connected TV,Holiday,2025-10-09,280381,4723,1.68,4874.79,241,5.12,32782.53,6.72,17.39,1.03,8.12,24.93,22.96,144.82
CAMP-2024-00984,NYX,Men's Grooming,Instagram,Carousel,Women 18-24,Southeast Asia,Lookalike Audience,Tablet,Fall,2026-03-13,1256221,22488,1.79,32367.18,2160,9.61,126590.06,3.91,25.77,1.44,1.26,0,58.15,32.37
CAMP-2024-00985,Mary Kay,Premium/Luxury,Snapchat,Video,Men 35-44,North America,Retargeting,Desktop,Valentine's Day,2026-01-21,115300,7800,6.77,37225.1,420,5.39,65894.3,1.77,322.85,4.77,10.19,60.17,22.44,113.82
CAMP-2024-00986,Garnier,Organic/Natural,Pinterest,In-Feed,Young Adults,Africa,Product Launch,Mobile,Black Friday,2026-09-14,183674,3833,2.09,7594.38,552,14.42,27284.62,3.59,41.35,1.98,1.14,16.0,60.8,275.66
CAMP-2024-00987,MAC,Sun Care,LinkedIn,Carousel,Professionals,Oceania,Influencer Collaboration,Connected TV,Winter,2026-03-12,121647,8908,7.32,6344.04,337,3.79,36457.3,5.75,52.15,0.71,0.72,0,43.09,296.54
CAMP-2024-00988,Avon,Fragrance,Snapchat,Single Image,Men 55+,Middle East,Loyalty Program,Desktop,Holiday,2026-09-12,139675,4718,3.38,19066.55,665,14.11,79573.99,4.17,136.51,4.04,3.18,37.44,32.5,133.55
CAMP-2024-00989,Oriflame,Personal Care,Programmatic Display,Reels,Men 35-44,Asia Pacific,Product Launch,Tablet,Fall,2025-10-22,1460109,54083,3.7,40321.14,3289,6.08,553059.95,13.72,27.62,0.75,10.13,26.15,42.5,122.26
CAMP-2024-00990,Benefit,Haircare,LinkedIn,Banner,Women 45-54,Latin America,New Customer Acquisition,Connected TV,Summer,2026-02-14,163384,6873,4.21,12529.32,669,9.74,224642.82,17.93,76.69,1.82,7.58,30.15,26.03,269.57
CAMP-2024-00991,Lancome,Skincare,YouTube,Search,Young Adults,Middle East,Lookalike Audience,Connected TV,Summer,2026-09-23,248011,9042,3.65,18926.88,566,6.27,62764.9,3.32,76.31,2.09,2.37,36.62,55.23,74.99
CAMP-2024-00992,Yves Rocher,Anti-Aging,Pinterest,Banner,Women 55+,Africa,Seasonal Promotion,Desktop,Winter,2026-07-11,16491,1035,6.28,2415.49,59,5.76,13336.03,5.52,146.47,2.33,1.07,0,22.93,104.43
CAMP-2024-00993,Coty,Skincare,TikTok,Story,Women 45-54,Latin America,Cart Abandonment,Connected TV,Winter,2026-02-12,111202,7041,6.33,25943.84,167,2.38,54530.47,2.1,233.3,3.68,9.94,17.21,79.24,98.19
CAMP-2024-00994,Dove,Organic/Natural,Instagram,In-Feed,Women 55+,Asia Pacific,Seasonal Promotion,Mobile,Black Friday,2026-05-13,135817,8321,6.13,20587.22,1195,14.36,214508.28,10.42,151.58,2.47,4.88,59.38,40.1,100.2
CAMP-2024-00995,Shiseido,Makeup,Facebook,Story,Men 55+,Latin America,Retargeting,Connected TV,Spring,2026-05-11,18998,1046,5.51,1485.4,55,5.33,18877.99,12.71,78.19,1.42,9.09,50.7,47.76,159.71
CAMP-2024-00996,Tarte,Men's Grooming,Facebook,Banner,Men 25-34,Latin America,Retargeting,Tablet,Fall,2026-07-06,64672,5048,7.81,6202.51,732,14.51,234356.79,37.78,95.91,1.23,11.89,76.38,78.63,78.02
CAMP-2024-00997,YSL,Organic/Natural,Twitter/X,In-Feed,Women 45-54,Oceania,Cart Abandonment,Connected TV,Valentine's Day,2025-12-13,61871,2962,4.79,9187.62,364,12.31,53638.15,5.84,148.5,3.1,4.22,44.95,34.41,47.9
CAMP-2024-00998,Olay,Premium/Luxury,Instagram,Banner,Men 55+,Latin America,Brand Awareness,Desktop,Valentine's Day,2025-11-21,1018013,71804,7.05,206510.5,4478,6.24,1298133.2,6.29,202.86,2.88,1.98,60.87,22.49,82.53
CAMP-2024-00999,Maybelline,Sun Care,Google Ads,Single Image,Women 18-24,Europe,Flash Sale,Tablet,Black Friday,2025-11-28,1274315,41361,3.25,23242.67,3258,7.88,807202.0,34.73,18.24,0.56,10.01,38.48,48.98,208.68
CAMP-2024-01000,Guerlain,Premium/Luxury,TikTok,Search,Seniors,Middle East,Flash Sale,Desktop,Winter,2026-03-23,239401,12762,5.33,49171.91,1103,8.64,321809.94,6.54,205.4,3.85,4.66,74.02,41.05,67.46
